memory_initialization_radix=2;
memory_initialization_vector=
0000000000000000,
0000000000000000,
0000000000000000,
0000000000000000,
0000000000000000,
0000000000000000,
0000000000000000,
0000000000000000,
0000000000000000,
0000000000000000,
0000000000000000,
0000000000000000,
0000000000000000,
0000000000000000,
0000000000000000,
0000000000000000,
0000000000000000,
0000000000000000,
0000000000000000,
0000000000000000,
0000000000000000,
0000000000000000,
0000000000000000,
0000000000000000,
0000000000000000,
0000000000000000,
0000000000000000,
0000000000000000,
0000000000000000,
0000000000000000,
0000000000000000,
0000000000000000,
0000000000000000,
0000000000000000,
0000000000000000,
0000000000000000,
0000000000000000,
0000000000000000,
0000000000000000,
0000000000000000,
0000000000000000,
0000000000000000,
0000000000000000,
0000000000000000,
0000000000000000,
0000000000000000,
0000000000000000,
0000000000000000,
0000000000000000,
0000000000000000,
0000000000000000,
0000000000000000,
0000000000000000,
0000000000000000,
0000000000000000,
0000000000000000,
0000000000000000,
0000000000000000,
0000000000000000,
0000000000000000,
0000000000000000,
0000000000000000,
0000000000000000,
0000000000000000,
0000000000000000,
0000000000000000,
0000000000000000,
0000000000000000,
0000000000000000,
0000000000000000,
0000000000000000,
0000000000000000,
0000000000000000,
0000000000000000,
0000000000000000,
0000000000000000,
0000000000000000,
0000000000000000,
0000000000000000,
0000000000000000,
0000000000000000,
0000000000000000,
0000000000000000,
0000000000000000,
0000000000000000,
0000000000000000,
0000000000000000,
0000000000000000,
0000000000000000,
0000000000000000,
0000000000000000,
0000000000000000,
0000000000000000,
0000000000000000,
0000000000000000,
0000000000000000,
0000000000000000,
0000000000000000,
0000000000000000,
0000000000000000,
0000000000000000,
0000000000000000,
0000000000000000,
0000000000000000,
0000000000000000,
0000000000000000,
0000000000000000,
0000000000000000,
0000000000000000,
0000000000000000,
0000000000000000,
0000000000000000,
0000000000000000,
0000000000000000,
0000000000000000,
0000000000000000,
0000000000000000,
0000000000000000,
0000000000000000,
0000000000000000,
0000000000000000,
0000000000000000,
0000000000000000,
0000000000000000,
0000000000000000,
0000000000000000,
0000000000000000,
0000000000000000,
0000000000000000,
0000000000000000,
0000000000000000,
0000000000000000,
0000000000000000,
0000000000000000,
0000000000000000,
0000000000000000,
0000000000000000,
0000000000000000,
0000000000000000,
0000000000000000,
0000000000000000,
0000000000000000,
0000000000000000,
0000000000000000,
0000000000000000,
0000000000000000,
0000000000000000,
0000000000000000,
0000000000000000,
0000000000000000,
0000000000000000,
0000000000000000,
0000000000000000,
0000000000000000,
0000000000000000,
0000000000000000,
0000000000000000,
0000000000000000,
0000000000000000,
0000000000000000,
0000000000000000,
0000000000000000,
0000000000000000,
0000000000000000,
0000000000000000,
0000000000000000,
0000000000000000,
0000000000000000,
0000000000000000,
0000000000000000,
0000000000000000,
0000000000000000,
0000000000000000,
0000000000000000,
0000000000000000,
0000000000000000,
0000000000000000,
0000000000000000,
0000000000000000,
0000000000000000,
0000000000000000,
0000000000000000,
0000000000000000,
0000000000000000,
0000000000000000,
0000000000000000,
0000000000000000,
0000000000000000,
0000000000000000,
0000000000000000,
0000000000000000,
0000000000000000,
0000000000000000,
0000000000000000,
0000000000000000,
0000000000000000,
0000000000000000,
0000000000000000,
0000000000000000,
0000000000000000,
0000000000000000,
0000000000000000,
0000000000000000,
0000000000000000,
0000000000000000,
0000000000000000,
0000000000000000,
0000000000000000,
0000000000000000,
0000000000000000,
0000000000000000,
0000000000000000,
0000000000000000,
0000000000000000,
0000000000000000,
0000000000000000,
0000000000000000,
0000000000000000,
0000000000000000,
0000000000000000,
0000000000000000,
0000000000000000,
0000000000000000,
0000000000000000,
0000000000000000,
0000000000000000,
0000000000000000,
0000000000000000,
0000000000000000,
0000000000000000,
0000000000000000,
0000000000000000,
0000000000000000,
0000000000000000,
0000000000000000,
0000000000000000,
0000000000000000,
0000000000000000,
0000000000000000,
0000000000000000,
0000000000000000,
0000000000000000,
0000000000000000,
0000000000000000,
0000000000000000,
0000000000000000,
0000000000000000,
0000000000000000,
0000000000000000,
0000000000000000,
0000000000000000,
0000000000000000,
0000000000000000,
0000000000000000,
0000000000000000,
0000000000000000,
0000000000000000,
0000000000000000,
0000000000000000,
0000000000000000,
0000000000000000,
0000000000000000,
0000000000000000,
0000000000000000,
0000000000000000,
0000000000000000,
0000000000000000,
0000000000000000,
0000000000000000,
0000000000000000,
0000000000000000,
0000000000000000,
0000000000000000,
0000000000000000,
0000000000000000,
0000000000000000,
0000000000000000,
0000000000000000,
0000000000000000,
0000000000000000,
0000000000000000,
0000000000000000,
0000000000000000,
0000000000000000,
0000000000000000,
0000000000000000,
0000000000000000,
0000000000000000,
0000000000000000,
0000000000000000,
0000000000000000,
0000000000000000,
0000000000000000,
0000000000000000,
0000000000000000,
0000000000000000,
0000000000000000,
0000000000000000,
0000000000000000,
0000000000000000,
0000000000000000,
0000000000000000,
0000000000000000,
0000000000000000,
0000000000000000,
0000000000000000,
0000000000000000,
0000000000000000,
0000000000000000,
0000000000000000,
0000000000000000,
0000000000000000,
0000000000000000,
0000000000000000,
0000000000000000,
0000000000000000,
0000000000000000,
0000000000000000,
0000000000000000,
0000000000000000,
0000000000000000,
0000000000000000,
0000000000000000,
0000000000000000,
0000000000000000,
0000000000000000,
0000000000000000,
0000000000000000,
0000000000000000,
0000000000000000,
0000000000000000,
0000000000000000,
0000000000000000,
0000000000000000,
0000000000000000,
0000000000000000,
0000000000000000,
0000000000000000,
0000000000000000,
0000000000000000,
0000000000000000,
0000000000000000,
0000000000000000,
0000000000000000,
0000000000000000,
0000000000000000,
0000000000000000,
0000000000000000,
0000000000000000,
0000000000000000,
0000000000000000,
0000000000000000,
0000000000000000,
0000000000000000,
0000000000000000,
0000000000000000,
0000000000000000,
0000000000000000,
0000000000000000,
0000000000000000,
0000000000000000,
0000000000000000,
0000000000000000,
0000000000000000,
0000000000000000,
0000000000000000,
0000000000000000,
0000000000000000,
0000000000000000,
0000000000000000,
0000000000000000,
0000000000000000,
0000000000000000,
0000000000000000,
0000000000000000,
0000000000000000,
0000000000000000,
0000000000000000,
0000000000000000,
0000000000000000,
0000000000000000,
0000000000000000,
0000000000000000,
0000000000000000,
0000000000000000,
0000000000000000,
0000000000000000,
0000000000000000,
0000000000000000,
0000000000000000,
0000000000000000,
0000000000000000,
0000000000000000,
0000000000000000,
0000000000000000,
0000000000000000,
0000000000000000,
0000000000000000,
0000000000000000,
0000000000000000,
0000000000000000,
0000000000000000,
0000000000000000,
0000000000000000,
0000000000000000,
0000000000000000,
0000000000000000,
0000000000000000,
0000000000000000,
0000000000000000,
0000000000000000,
0000000000000000,
0000000000000000,
0000000000000000,
0000000000000000,
0000000000000000,
0000000000000000,
0000000000000000,
0000000000000000,
0000000000000000,
0000000000000000,
0000000000000000,
0000000000000000,
0000000000000000,
0000000000000000,
0000000000000000,
0000000000000000,
0000000000000000,
0000000000000000,
0000000000000000,
0000000000000000,
0000000000000000,
0000000000000000,
0000000000000000,
0000000000000000,
0000000000000000,
0000000000000000,
0000000000000000,
0000000000000000,
0000000000000000,
0000000000000000,
0000000000000000,
0000000000000000,
0000000000000000,
0000000000000000,
0000000000000000,
0000000000000000,
0000000000000000,
0000000000000000,
0000000000000000,
0000000000000000,
0000000000000000,
0000000000000000,
0000000000000000,
0000000000000000,
0000000000000000,
0000000000000000,
0000000000000000,
0000000000000000,
0000000000000000,
0000000000000000,
0000000000000000,
0000000000000000,
0000000000000000,
0000000000000000,
0000000000000000,
0000000000000000,
0000000000000000,
0000000000000000,
0000000000000000,
0000000000000000,
0000000000000000,
0000000000000000,
0000000000000000,
0000000000000000,
0000000000000000,
0000000000000000,
0000000000000000,
0000000000000000,
0000000000000000,
0000000000000000,
0000000000000000,
0000000000000000,
0000000000000000,
0000000000000000,
0000000000000000,
0000000000000000,
0000000000000000,
0000000000000000,
0000000000000000,
0000000000000000,
0000000000000000,
0000000000000000,
0000000000000000,
0000000000000000,
0000000000000000,
0000000000000000,
0000000000000000,
0000000000000000,
0000000000000000,
0000000000000000,
0000000000000000,
0000000000000000,
0000000000000000,
0000000000000000,
0000000000000000,
0000000000000000,
0000000000000000,
0000000000000000,
0000000000000000,
0000000000000000,
0000000000000000,
0000000000000000,
0000000000000000,
0000000000000000,
0000000000000000,
0000000000000000,
0000000000000000,
0000000000000000,
0000000000000000,
0000000000000000,
0000000000000000,
0000000000000000,
0000000000000000,
0000000000000000,
0000000000000000,
0000000000000000,
0000000000000000,
0000000000000000,
0000000000000000,
0000000000000000,
0000000000000000,
0000000000000000,
0000000000000000,
0000000000000000,
0000000000000000,
0000000000000000,
0000000000000000,
0000000000000000,
0000000000000000,
0000000000000000,
0000000000000000,
0000000000000000,
0000000000000000,
0000000000000000,
0000000000000000,
0000000000000000,
0000000000000000,
0000000000000000,
0000000000000000,
0000000000000000,
0000000000000000,
0000000000000000,
0000000000000000,
0000000000000000,
0000000000000000,
0000000000000000,
0000000000000000,
0000000000000000,
0000000000000000,
0000000000000000,
0000000000000000,
0000000000000000,
0000000000000000,
0000000000000000,
0000000000000000,
0000000000000000,
0000000000000000,
0000000000000000,
0000000000000000,
0000000000000000,
0000000000000000,
0000000000000000,
0000000000000000,
0000000000000000,
0000000000000000,
0000000000000000,
0000000000000000,
0000000000000000,
0000000000000000,
0000000000000000,
0000000000000000,
0000000000000000,
0000000000000000,
0000000000000000,
0000000000000000,
0000000000000000,
0000000000000000,
0000000000000000,
0000000000000000,
0000000000000000,
0000000000000000,
0000000000000000,
0000000000000000,
0000000000000000,
0000000000000000,
0000000000000000,
0000000000000000,
0000000000000000,
0000000000000000,
0000000000000000,
0000000000000000,
0000000000000000,
0000000000000000,
0000000000000000,
0000000000000000,
0000000000000000,
0000000000000000,
0000000000000000,
0000000000000000,
0000000000000000,
0000000000000000,
0000000000000000,
0000000000000000,
0000000000000000,
0000000000000000,
0000000000000000,
0000000000000000,
0000000000000000,
0000000000000000,
0000000000000000,
0000000000000000,
0000000000000000,
0000000000000000,
0000000000000000,
0000000000000000,
0000000000000000,
0000000000000000,
0000000000000000,
0000000000000000,
0000000000000000,
0000000000000000,
0000000000000000,
0000000000000000,
0000000000000000,
0000000000000000,
0000000000000000,
0000000000000000,
0000000000000000,
0000000000000000,
0000000000000000,
0000000000000000,
0000000000000000,
0000000000000000,
0000000000000000,
0000000000000000,
0000000000000000,
0000000000000000,
0000000000000000,
0000000000000000,
0000000000000000,
0000000000000000,
0000000000000000,
0000000000000000,
0000000000000000,
0000000000000000,
0000000000000000,
0000000000000000,
0000000000000000,
0000000000000000,
0000000000000000,
0000000000000000,
0000000000000000,
0000000000000000,
0000000000000000,
0000000000000000,
0000000000000000,
0000000000000000,
0000000000000000,
0000000000000000,
0000000000000000,
0000000000000000,
0000000000000000,
0000000000000000,
0000000000000000,
0000000000000000,
0000000000000000,
0000000000000000,
0000000000000000,
0000000000000000,
0000000000000000,
0000000000000000,
0000000000000000,
0000000000000000,
0000000000000000,
0000000000000000,
0000000000000000,
0000000000000000,
0000000000000000,
0000000000000000,
0000000000000000,
0000000000000000,
0000000000000000,
0000000000000000,
0000000000000000,
0000000000000000,
0000000000000000,
0000000000000000,
0000000000000000,
0000000000000000,
0000000000000000,
0000000000000000,
0000000000000000,
0000000000000000,
0000000000000000,
0000000000000000,
0000000000000000,
0000000000000000,
0000000000000000,
0000000000000000,
0000000000000000,
0000000000000000,
0000000000000000,
0000000000000000,
0000000000000000,
0000000000000000,
0000000000000000,
0000000000000000,
0000000000000000,
0000000000000000,
0000000000000000,
0000000000000000,
0000000000000000,
0000000000000000,
0000000000000000,
0000000000000000,
0000000000000000,
0000000000000000,
0000000000000000,
0000000000000000,
0000000000000000,
0000000000000000,
0000000000000000,
0000000000000000,
0000000000000000,
0000000000000000,
0000000000000000,
0000000000000000,
0000000000000000,
0000000000000000,
0000000000000000,
0000000000000000,
0000000000000000,
0000000000000000,
0000000000000000,
0000000000000000,
0000000000000000,
0000000000000000,
0000000000000000,
0000000000000000,
0000000000000000,
0000000000000000,
0000000000000000,
0000000000000000,
0000000000000000,
0000000000000000,
0000000000000000,
0000000000000000,
0000000000000000,
0000000000000000,
0000000000000000,
0000000000000000,
0000000000000000,
0000000000000000,
0000000000000000,
0000000000000000,
0000000000000000,
0000000000000000,
0000000000000000,
0000000000000000,
0000000000000000,
0000000000000000,
0000000000000000,
0000000000000000,
0000000000000000,
0000000000000000,
0000000000000000,
0000000000000000,
0000000000000000,
0000000000000000,
0000000000000000,
0000000000000000,
0000000000000000,
0000000000000000,
0000000000000000,
0000000000000000,
0000000000000000,
0000000000000000,
0000000000000000,
0000000000000000,
0000000000000000,
0000000000000000,
0000000000000000,
0000000000000000,
0000000000000000,
0000000000000000,
0000000000000000,
0000000000000000,
0000000000000000,
0000000000000000,
0000000000000000,
0000000000000000,
0000000000000000,
0000000000000000,
0000000000000000,
0000000000000000,
0000000000000000,
0000000000000000,
0000000000000000,
0000000000000000,
0000000000000000,
0000000000000000,
0000000000000000,
0000000000000000,
0000000000000000,
0000000000000000,
0000000000000000,
0000000000000000,
0000000000000000,
0000000000000000,
0000000000000000,
0000000000000000,
0000000000000000,
0000000000000000,
0000000000000000,
0000000000000000,
0000000000000000,
0000000000000000,
0000000000000000,
0000000000000000,
0000000000000000,
0000000000000000,
0000000000000000,
0000000000000000,
0000000000000000,
0000000000000000,
0000000000000000,
0000000000000000,
0000000000000000,
0000000000000000,
0000000000000000,
0000000000000000,
0000000000000000,
0000000000000000,
0000000000000000,
0000000000000000,
0000000000000000,
0000000000000000,
0000000000000000,
0000000000000000,
0000000000000000,
0000000000000000,
0000000000000000,
0000000000000000,
0000000000000000,
0000000000000000,
0000000000000000,
0000000000000000,
0000000000000000,
0000000000000000,
0000000000000000,
0000000000000000,
0000000000000000,
0000000000000000,
0000000000000000,
0000000000000000,
0000000000000000,
0000000000000000,
0000000000000000,
0000000000000000,
0000000000000000,
0000000000000000,
0000000000000000,
0000000000000000,
0000000000000000,
0000000000000000,
0000000000000000,
0000000000000000,
0000000000000000,
0000000000000000,
0000000000000000,
0000000000000000,
0000000000000000,
0000000000000000,
0000000000000000,
0000000000000000,
0000000000000000,
0000000000000000,
0000000000000000,
0000000000000000,
0000000000000000,
0000000000000000,
0000000000000000,
0000000000000000,
0000000000000000,
0000000000000000,
0000000000000000,
0000000000000000,
0000000000000000,
0000000000000000,
1001101000010000,
0000000000000000,
0001101111001001,
0000000000000000,
0011001001011100,
0000000000000000,
1000101100100010,
0000000000000000,
1100111011101001,
0000000000000000,
1110010000100110,
0000000000000000,
0000100010111101,
0000000000000000,
1100001111111000,
0000000000000000,
0110100000010111,
0000000000000000,
1110111111100101,
0000000000000000,
1111111110110101,
0000000000000000,
1010111100001101,
0000000000000000,
0001000001100000,
0000000000000000,
0110000110011111,
0000000000000000,
0101101100000001,
0000000000000000,
1111100110100101,
0000000000000000,
1111111010010000,
0000000000000000,
1011001110010111,
0000000000000000,
0111111001001100,
0000000000000000,
0101100101100011,
0000000000000000,
1000001011000100,
0000000000000000,
0010110110101111,
0000000000000000,
0001110110111001,
0000000000000000,
1010010111110001,
0000000000000000,
0011010111111010,
0000000000000000,
1011011000100001,
0000000000000000,
0001111100100101,
0000000000000000,
1000111011001110,
0000000000000000,
1010001011100010,
0000000000000000,
1011000100001010,
0000000000000000,
0000100110011000,
0000000000000000,
1001000111111010,
0000000000000000,
1101100001010000,
0000000000000000,
1101000101101011,
0000000000000000,
0000110110001100,
0000000000000000,
0001001001010000,
0000000000000000,
1001110010100000,
0000000000000000,
0111011001011101,
0000000000000000,
1110001001011111,
0000000000000000,
0110100000110111,
0000000000000000,
0101011110110100,
0000000000000000,
1011010100111011,
0000000000000000,
0000100011001010,
0000000000000000,
0110101001100101,
0000000000000000,
0011100011011111,
0000000000000000,
0100101111011000,
0000000000000000,
0011110000001011,
0000000000000000,
0100110100100101,
0000000000000000,
1110101010111001,
0000000000000000,
1000000101000001,
0000000000000000,
1000100110110001,
0000000000000000,
0111000101010001,
0000000000000000,
0011101100011110,
0000000000000000,
1100110110000101,
0000000000000000,
1010111001001111,
0000000000000000,
1101111110100111,
0000000000000000,
0001000101001010,
0000000000000000,
1000100011110101,
0000000000000000,
1100100001001111,
0000000000000000,
1011101000111011,
0000000000000000,
0111001010101010,
0000000000000000,
0111001101110000,
0000000000000000,
1001001011110111,
0000000000000000,
0110101000010110,
0000000000000000,
0111110001001100,
0000000000000000,
1011101011101011,
0000000000000000,
1011110010101000,
0000000000000000,
1001100101010111,
0000000000000000,
1010110011001110,
0000000000000000,
1010000101111110,
0000000000000000,
1111101111001011,
0000000000000000,
1110001100100100,
0000000000000000,
1111011010101010,
0000000000000000,
0010011100000101,
0000000000000000,
1101011001000111,
0000000000000000,
1011100011111100,
0000000000000000,
0011010011100000,
0000000000000000,
1000101001101111,
0000000000000000,
0011001011011110,
0000000000000000,
0100000101000111,
0000000000000000,
1000111111001100,
0000000000000000,
1110110111101100,
0000000000000000,
0110001100101100,
0000000000000000,
0100001101100010,
0000000000000000,
0011111101010001,
0000000000000000,
0101111001010100,
0000000000000000,
1000010010001000,
0000000000000000,
1001101101001101,
0000000000000000,
0101011111101000,
0000000000000000,
1000001101000110,
0000000000000000,
1110000110010010,
0000000000000000,
1111111111010000,
0000000000000000,
1000101110101111,
0000000000000000,
0100111100111010,
0000000000000000,
1101010101110101,
0000000000000000,
0101001011001000,
0000000000000000,
1100000100100010,
0000000000000000,
0110110100000001,
0000000000000000,
1100010011000110,
0000000000000000,
0111110110111000,
0000000000000000,
1100010001000110,
0000000000000000,
0000011001110000,
0000000000000000,
1000101001110101,
0000000000000000,
0001011010010000,
0000000000000000,
1001001001111010,
0000000000000000,
0001111001111101,
0000000000000000,
1111100001110100,
0000000000000000,
0111111000011011,
0000000000000000,
0001001001001010,
0000000000000000,
0110100010010100,
0000000000000000,
0001011110110101,
0000000000000000,
0010011110000011,
0000000000000000,
0010100000101110,
0000000000000000,
0111110001111011,
0000000000000000,
1110111110011001,
0000000000000000,
1000000010100111,
0000000000000000,
0000111100010001,
0000000000000000,
1110010110011011,
0000000000000000,
1101100011110000,
0000000000000000,
0100101111100000,
0000000000000000,
0110111011100011,
0000000000000000,
1000010101101000,
0000000000000000,
0000011011100000,
0000000000000000,
0111100010000011,
0000000000000000,
1011110100100001,
0000000000000000,
1111111000010100,
0000000000000000,
1101100000011100,
0000000000000000,
1100110101101110,
0000000000000000,
1011101100011100,
0000000000000000,
1000011011101101,
0000000000000000,
1100100100100001,
0000000000000000,
0010010011011011,
0000000000000000,
1011001010111110,
0000000000000000,
1101111101110010,
0000000000000000,
1101101110110000,
0000000000000000,
1110110101000000,
0000000000000000,
0011010000010110,
0000000000000000,
0000101011001001,
0000000000000000,
0101011111010100,
0000000000000000,
1100010111001010,
0000000000000000,
1001000100101111,
0000000000000000,
1010111001110011,
0000000000000000,
1101101010111111,
0000000000000000,
0011011000111101,
0000000000000000,
0011101101100111,
0000000000000000,
1101000100101111,
0000000000000000,
0100010011101110,
0000000000000000,
0111001101011111,
0000000000000000,
1010111000001001,
0000000000000000,
0110110101101000,
0000000000000000,
1011111111101010,
0000000000000000,
1101101101100101,
0000000000000000,
0010010110111101,
0000000000000000,
1011001111001011,
0000000000000000,
1000101010011000,
0000000000000000,
1100111100101011,
0000000000000000,
1101101110110110,
0000000000000000,
0000011010000100,
0000000000000000,
0100011110010100,
0000000000000000,
0011100101110011,
0000000000000000,
0011101110101111,
0000000000000000,
0000011110110011,
0000000000000000,
0101110110110101,
0000000000000000,
1001111010001000,
0000000000000000,
0000111010000100,
0000000000000000,
0101100001011110,
0000000000000000,
0010100100110101,
0000000000000000,
0101011100110011,
0000000000000000,
1001100101000011,
0000000000000000,
1110111000111010,
0000000000000000,
0010100010001110,
0000000000000000,
1001000100001101,
0000000000000000,
1111110100110000,
0000000000000000,
0100011010100011,
0000000000000000,
0010001100111110,
0000000000000000,
0001010011111111,
0000000000000000,
1010100011110001,
0000000000000000,
0000110000001000,
0000000000000000,
0100100111011100,
0000000000000000,
1010001111111110,
0000000000000000,
1110111010110110,
0000000000000000,
0111110011001001,
0000000000000000,
1000000101010011,
0000000000000000,
1101011001110011,
0000000000000000,
1110111111100100,
0000000000000000,
1100110100000010,
0000000000000000,
1000111010010011,
0000000000000000,
1111100100110111,
0000000000000000,
1100001011011111,
0000000000000000,
0110101110000110,
0000000000000000,
1110100010010110,
0000000000000000,
1011111001010110,
0000000000000000,
1001111110001111,
0000000000000000,
1010100101001101,
0000000000000000,
1110000010111000,
0000000000000000,
0011001110000111,
0000000000000000,
0100110010000011,
0000000000000000,
0001100001111110,
0000000000000000,
1010110000111110,
0000000000000000,
1010010000011100,
0000000000000000,
0100110100001100,
0000000000000000,
0010011101101001,
0000000000000000,
1110110000001100,
0000000000000000,
0100101010010001,
0000000000000000,
1000101100010001,
0000000000000000,
1010101000000101,
0000000000000000,
0101010101000010,
0000000000000000,
0001101101000001,
0000000000000000,
0000100010011111,
0000000000000000,
0001110101001000,
0000000000000000,
0010001101110011,
0000000000000000,
0001010001000110,
0000000000000000,
0011011010100011,
0000000000000000,
0011011111111100,
0000000000000000,
0000111010101011,
0000000000000000,
0010000111101011,
0000000000000000,
1000000001000000,
0000000000000000,
0001110010000010,
0000000000000000,
0101000101111110,
0000000000000000,
0100100110100100,
0000000000000000,
0011010001100001,
0000000000000000,
0110110111000110,
0000000000000000,
1011011010011001,
0000000000000000,
1110011101101100,
0000000000000000,
0011000001001000,
0000000000000000,
0110110100100110,
0000000000000000,
1100010110110001,
0000000000000000,
1100000100010001,
0000000000000000,
1111110011010101,
0000000000000000,
1000001100010101,
0000000000000000,
1001111101110111,
0000000000000000,
0100101110001000,
0000000000000000,
0010100010111001,
0000000000000000,
0000001010000111,
0000000000000000,
1101011010001001,
0000000000000000,
1111101001100001,
0000000000000000,
1111001011100000,
0000000000000000,
1011001000101101,
0000000000000000,
0101101011001111,
0000000000000000,
0100100101101101,
0000000000000000,
0100111000110100,
0000000000000000,
0100000101101111,
0000000000000000,
0101111010101010,
0000000000000000,
1100101000101100,
0000000000000000,
0100110101101001,
0000000000000000,
1111010001011100,
0000000000000000,
1001101111010111,
0000000000000000,
1010111101100010,
0000000000000000,
1110011001101000,
0000000000000000,
0011111001101100,
0000000000000000,
1011111110000110,
0000000000000000,
0100110010111010,
0000000000000000,
1100011110000011,
0000000000000000,
0011111101110001,
0000000000000000,
0101001000011110,
0000000000000000,
1111010011011001,
0000000000000000,
1111010001011011,
0000000000000000,
0000101101000100,
0000000000000000,
0110001100001011,
0000000000000000,
1000000111011111,
0000000000000000,
1111111111100111,
0000000000000000,
1110110011111011,
0000000000000000,
0000101010011111,
0000000000000000,
1110111101111101,
0000000000000000,
1000110111010001,
0000000000000000,
0011111000111110,
0000000000000000,
1100101001010001,
0000000000000000,
0110110110010100,
0000000000000000,
1100101110101111,
0000000000000000,
0000000100000001,
0000000000000000,
1010101000011000,
0000000000000000,
1101110110011101,
0000000000000000,
0101111111100101,
0000000000000000,
0111001111000000,
0000000000000000,
0010100110011100,
0000000000000000,
0000001010001100,
0000000000000000,
1001100111000001,
0000000000000000,
1111110001010010,
0000000000000000,
0110000000001000,
0000000000000000,
0010000101101100,
0000000000000000,
1111110000000010,
0000000000000000,
1001101001001010,
0000000000000000,
1001001110001100,
0000000000000000,
0000000011100011,
0000000000000000,
1010010111000100,
0000000000000000,
1010100010111000,
0000000000000000,
0010111111101000,
0000000000000000,
1001111101100010,
0000000000000000,
1011001010000000,
0000000000000000,
1000011111111010,
0000000000000000,
0010111110101110,
0000000000000000,
0011101110011011,
0000000000000000,
1000111110011101,
0000000000000000,
0001100111101000,
0000000000000000,
0101110110100011,
0000000000000000,
0100000110110110,
0000000000000000,
1110010100000011,
0000000000000000,
1010110010111001,
0000000000000000,
0111011011000011,
0000000000000000,
1011101110110011,
0000000000000000,
1101110110111110,
0000000000000000,
0001110101010101,
0000000000000000,
0110111111011111,
0000000000000000,
1101010010011101,
0000000000000000,
1111111001100101,
0000000000000000,
0110011001110110,
0000000000000000,
1000100101110010,
0000000000000000,
1100000001101100,
0000000000000000,
0111101111011101,
0000000000000000,
1011000110101101,
0000000000000000,
0110000000011011,
0000000000000000,
0101011001110110,
0000000000000000,
0011101100010100,
0000000000000000,
0010001101010100,
0000000000000000,
0111000010111110,
0000000000000000,
1000001010100001,
0000000000000000,
1111110000010000,
0000000000000000,
0010100111010111,
0000000000000000,
1010000110001111,
0000000000000000,
0110001101101001,
0000000000000000,
1101000111110011,
0000000000000000,
1011011101001010,
0000000000000000,
0100101110010011,
0000000000000000,
0011010000001010,
0000000000000000,
0001101011111010,
0000000000000000,
1000011101000110,
0000000000000000,
1011110000010101,
0000000000000000,
1100101010011011,
0000000000000000,
1100000111000001,
0000000000000000,
0111100000111101,
0000000000000000,
1101000100010100,
0000000000000000,
0000000111111001,
0000000000000000,
0110100000100010,
0000000000000000,
0101100000111111,
0000000000000000,
1001010111110101,
0000000000000000,
0110111000011010,
0000000000000000,
0011001010010010,
0000000000000000,
0010000111011010,
0000000000000000,
0110011001000010,
0000000000000000,
0011110001001001,
0000000000000000,
1101100010101100,
0000000000000000,
0111101100101011,
0000000000000000,
1001101111111111,
0000000000000000,
0110100111110001,
0000000000000000,
0000011001111001,
0000000000000000,
1011100111011000,
0000000000000000,
0110001100011101,
0000000000000000,
0100110011100100,
0000000000000000,
0110111100100110,
0000000000000000,
1000001011110001,
0000000000000000,
0111000111001011,
0000000000000000,
1010010010100001,
0000000000000000,
0011000010010110,
0000000000000000,
0100110000101100,
0000000000000000,
1101110011010111,
0000000000000000,
0110001110110011,
0000000000000000,
0101011001000111,
0000000000000000,
0101111110100110,
0000000000000000,
0011101111101000,
0000000000000000,
0111001101101001,
0000000000000000,
0000111100010101,
0000000000000000,
0110111110110110,
0000000000000000,
0100111110000110,
0000000000000000,
1101000010111101,
0000000000000000,
1111010111100010,
0000000000000000,
1011000011001100,
0000000000000000,
1100010010100110,
0000000000000000,
0100101110000010,
0000000000000000,
0111011011101001,
0000000000000000,
1110111100010000,
0000000000000000,
0111001110011110,
0000000000000000,
0111110110111100,
0000000000000000,
0111000011011010,
0000000000000000,
0010100101010111,
0000000000000000,
0001111100000010,
0000000000000000,
1100101101111110,
0000000000000000,
1000111010110100,
0000000000000000,
0001100000111101,
0000000000000000,
1010110101010101,
0000000000000000,
0101011100111000,
0000000000000000,
1010011000010110,
0000000000000000,
0000011010110110,
0000000000000000,
1011001100101000,
0000000000000000,
0011101101010101,
0000000000000000,
0011011011001101,
0000000000000000,
0010101001101101,
0000000000000000,
0110000101110011,
0000000000000000,
1010010010100100,
0000000000000000,
1110011011110010,
0000000000000000,
0110110011110001,
0000000000000000,
1111000011001100,
0000000000000000,
1111100100101000,
0000000000000000,
0011101001110101,
0000000000000000,
1001000010011000,
0000000000000000,
0100100001000101,
0000000000000000,
0101001001001000,
0000000000000000,
0001100100010101,
0000000000000000,
0100110101001010,
0000000000000000,
0010000001010100,
0000000000000000,
1110101011001010,
0000000000000000,
0110100111011010,
0000000000000000,
1110100011010010,
0000000000000000,
1001011110001011,
0000000000000000,
1001011110000010,
0000000000000000,
1110000100011011,
0000000000000000,
1100110000011110,
0000000000000000,
0111100101011100,
0000000000000000,
1010000110111101,
0000000000000000,
0100001010000111,
0000000000000000,
1111111010010100,
0000000000000000,
1011110001101111,
0000000000000000,
1000100000100010,
0000000000000000,
1011010101010101,
0000000000000000,
0100100110100000,
0000000000000000,
0101000011001110,
0000000000000000,
0111010001100011,
0000000000000000,
1101011001100100,
0000000000000000,
0101010101110101,
0000000000000000,
0000100100011101,
0000000000000000,
1100100011000011,
0000000000000000,
1110100111011100,
0000000000000000,
0111000101000011,
0000000000000000,
1100000100001111,
0000000000000000,
1110010010011010,
0000000000000000,
0000111111011110,
0000000000000000,
0111010111111000,
0000000000000000,
0110100010001111,
0000000000000000,
0011011011000010,
0000000000000000,
0100111100001110,
0000000000000000,
1010100010100010,
0000000000000000,
1000011000101011,
0000000000000000,
0100010000110010,
0000000000000000,
0111101101001101,
0000000000000000,
0110111010110110,
0000000000000000,
1010011010111111,
0000000000000000,
0001111101001000,
0000000000000000,
1001010010001100,
0000000000000000,
0110000010000100,
0000000000000000,
0100110000010101,
0000000000000000,
1101001000101101,
0000000000000000,
0001011100111000,
0000000000000000,
0001010111100101,
0000000000000000,
1000100000111111,
0000000000000000,
1100101111000110,
0000000000000000,
1000100100111001,
0000000000000000,
0001111011111011,
0000000000000000,
1011101010111110,
0000000000000000,
1101010010111110,
0000000000000000,
0011001110101011,
0000000000000000,
0000010101000101,
0000000000000000,
1100001111110010,
0000000000000000,
0111010110100010,
0000000000000000,
0101110000000100,
0000000000000000,
1100101100000111,
0000000000000000,
1110110111101111,
0000000000000000,
0101000110010000,
0000000000000000,
0001110011111010,
0000000000000000,
1001110010101101,
0000000000000000,
0000100100100110,
0000000000000000,
1000101011100101,
0000000000000000,
0110111000001111,
0000000000000000,
1110000010001111,
0000000000000000,
1001100111100011,
0000000000000000,
0011110101111001,
0000000000000000,
1000111110101101,
0000000000000000,
0000000000100010,
0000000000000000,
1111011110110010,
0000000000000000,
1101010111011110,
0000000000000000,
0110100001011011,
0000000000000000,
1100000101110100,
0000000000000000,
0001101000010111,
0000000000000000,
1100011101100101,
0000000000000000,
0001011001110100,
0000000000000000,
1001100101011111,
0000000000000000,
0100000000000010,
0000000000000000,
1010110111010000,
0000000000000000,
1110000101100010,
0000000000000000,
0101100000000100,
0000000000000000,
1110111011011100,
0000000000000000,
0110101100011000,
0000000000000000,
1011110001111011,
0000000000000000,
0101011000000111,
0000000000000000,
1001011101110010,
0000000000000000,
1110111101101001,
0000000000000000,
0111100110010111,
0000000000000000,
1101000011101100,
0000000000000000,
1010001110011100,
0000000000000000,
0100011101011101,
0000000000000000,
1010110001111101,
0000000000000000,
0100011000100010,
0000000000000000,
1100111010001110,
0000000000000000,
1110110011111011,
0000000000000000,
1100010100111111,
0000000000000000,
1110100110011011,
0000000000000000,
0001110011011110,
0000000000000000,
0011000000101111,
0000000000000000,
1011100101001110,
0000000000000000,
0110011111100001,
0000000000000000,
1111111011010100,
0000000000000000,
1100110100111011,
0000000000000000,
1100001110110010,
0000000000000000,
0010110000010010,
0000000000000000,
1000110101001101,
0000000000000000,
0100100000011100,
0000000000000000,
1011100001111000,
0000000000000000,
0110010000011100,
0000000000000000,
0110100000110011,
0000000000000000,
0111001110100110,
0000000000000000,
1011111011010101,
0000000000000000,
0100110010110001,
0000000000000000,
0011100111111011,
0000000000000000,
0011100010011001,
0000000000000000,
0100011111011110,
0000000000000000,
1100010001000100,
0000000000000000,
0000101111011100,
0000000000000000,
0110110101001111,
0000000000000000,
0010011110110010,
0000000000000000,
0100010101101001,
0000000000000000,
0001001000000110,
0000000000000000,
0101000101011101,
0000000000000000,
1010101110001010,
0000000000000000,
1001111111011100,
0000000000000000,
0110010101001101,
0000000000000000,
1100011011011110,
0000000000000000,
1100000010100010,
0000000000000000,
0110000110101110,
0000000000000000,
0110111010011111,
0000000000000000,
1100000001110100,
0000000000000000,
1111111101001010,
0000000000000000,
1011111010010000,
0000000000000000,
1101011000000100,
0000000000000000,
1100010010110110,
0000000000000000,
0001011010010100,
0000000000000000,
0010111111001001,
0000000000000000,
1100100101010101,
0000000000000000,
1110101111110110,
0000000000000000,
1001100001111000,
0000000000000000,
0011001000001101,
0000000000000000,
0000010011110110,
0000000000000000,
1110110101011010,
0000000000000000,
0010100111111000,
0000000000000000,
0111100111110101,
0000000000000000,
0000101010100101,
0000000000000000,
0011111010010001,
0000000000000000,
0101101100101001,
0000000000000000,
1111000001100000,
0000000000000000,
0010000000001111,
0000000000000000,
1110001011011101,
0000000000000000,
0011110110000010,
0000000000000000,
0001010000001011,
0000000000000000,
0111101110001111,
0000000000000000,
0100000101110110,
0000000000000000,
1000001110001110,
0000000000000000,
1100001101110100,
0000000000000000,
1111001000100110,
0000000000000000,
1100101101010000,
0000000000000000,
0011111000111011,
0000000000000000,
0100100001100011,
0000000000000000,
1001111110010001,
0000000000000000,
0011110011110101,
0000000000000000,
1100101101111000,
0000000000000000,
1101111110110111,
0000000000000000,
1000101111011111,
0000000000000000,
0001101001001011,
0000000000000000,
1101011111111001,
0000000000000000,
0101000010101010,
0000000000000000,
1000101100001010,
0000000000000000,
1110001001111000,
0000000000000000,
0001000111100011,
0000000000000000,
0010010001111000,
0000000000000000,
0001100111001011,
0000000000000000,
1100100011111111,
0000000000000000,
0010000001101010,
0000000000000000,
1000010000100011,
0000000000000000,
1101100111101100,
0000000000000000,
0100111101000000,
0000000000000000,
0111100011010011,
0000000000000000,
0101101110001110,
0000000000000000,
0000100101011001,
0000000000000000,
1010001000111001,
0000000000000000,
0010110101101110,
0000000000000000,
0010110010000010,
0000000000000000,
1110101011000001,
0000000000000000,
0111101000101010,
0000000000000000,
1011111101111101,
0000000000000000,
1110111101100101,
0000000000000000,
0110111011000101,
0000000000000000,
1101000001010000,
0000000000000000,
1110001011100011,
0000000000000000,
0011100001011101,
0000000000000000,
0111111110110010,
0000000000000000,
1100001101101001,
0000000000000000,
0110101101000000,
0000000000000000,
0011100011110111,
0000000000000000,
1110001001001111,
0000000000000000,
1000010101011011,
0000000000000000,
1110000010000010,
0000000000000000,
1011101101110101,
0000000000000000,
0001011000001000,
0000000000000000,
1001001001110110,
0000000000000000,
0001010000010110,
0000000000000000,
1110001110111000,
0000000000000000,
0101001011011100,
0000000000000000,
1110101011101001,
0000000000000000,
0000001010010100,
0000000000000000,
0010000011110110,
0000000000000000,
1111011100111001,
0000000000000000,
0100011001100011,
0000000000000000,
0101010000011111,
0000000000000000,
0010011110001101,
0000000000000000,
1010100101101010,
0000000000000000,
1011110000010001,
0000000000000000,
0010000000101010,
0000000000000000,
0000000011110000,
0000000000000000,
1100100110000101,
0000000000000000,
0001110100010000,
0000000000000000,
1010100000101100,
0000000000000000,
0010001100101100,
0000000000000000,
0100100111100011,
0000000000000000,
1111110000100000,
0000000000000000,
0000110000000100,
0000000000000000,
0100101111110011,
0000000000000000,
1110000100101011,
0000000000000000,
1001111001011100,
0000000000000000,
0100110100011101,
0000000000000000,
1101011110001011,
0000000000000000,
0000001010110101,
0000000000000000,
1011011111100111,
0000000000000000,
0101100100000100,
0000000000000000,
0011011001100001,
0000000000000000,
0101101000100110,
0000000000000000,
1000000101100011,
0000000000000000,
1100000001010100,
0000000000000000,
0101100111111001,
0000000000000000,
1011110001000110,
0000000000000000,
0110000011011111,
0000000000000000,
0110111010011010,
0000000000000000,
1000000100001010,
0000000000000000,
1011011100000101,
0000000000000000,
0100111110000100,
0000000000000000,
1100011110001011,
0000000000000000,
0110100111010010,
0000000000000000,
0110000110111100,
0000000000000000,
1110101001010010,
0000000000000000,
1010110111010101,
0000000000000000,
0011100100100011,
0000000000000000,
0111100101101001,
0000000000000000,
1110111111000100,
0000000000000000,
0101110010011000,
0000000000000000,
1111110000101110,
0000000000000000,
1111010110010001,
0000000000000000,
0000100011100011,
0000000000000000,
0011111101000101,
0000000000000000,
0011010101111101,
0000000000000000,
1001011000111001,
0000000000000000,
1111011110000111,
0000000000000000,
0010111010101110,
0000000000000000,
1110100100000110,
0000000000000000,
0101010100001000,
0000000000000000,
0011111010101000,
0000000000000000,
1111000010001111,
0000000000000000,
0111110010111101,
0000000000000000,
0001001110111110,
0000000000000000,
0000111100111111,
0000000000000000,
1111010100110111,
0000000000000000,
0001111011100110,
0000000000000000,
0111101111101010,
0000000000000000,
0000111110100110,
0000000000000000,
0000011001100101,
0000000000000000,
1110001100001101,
0000000000000000,
0001111000111000,
0000000000000000,
1110100110010011,
0000000000000000,
1110111100000000,
0000000000000000,
0111100011100011,
0000000000000000,
0111100100000111,
0000000000000000,
0110110011100110,
0000000000000000,
1110100101100101,
0000000000000000,
1010010011100000,
0000000000000000,
0100111101110000,
0000000000000000,
0111011010010101,
0000000000000000,
0001101111101000,
0000000000000000,
1011100110011110,
0000000000000000,
0010011101000101,
0000000000000000,
1010101001100110,
0000000000000000,
0010010001111000,
0000000000000000,
0001010000001010,
0000000000000000,
1101101100111010,
0000000000000000,
1010111011101110,
0000000000000000,
1000010110110011,
0000000000000000,
1011011111001110,
0000000000000000,
0011000101000111,
0000000000000000,
1101011111001010,
0000000000000000,
1101111101101010,
0000000000000000,
0010100001001000,
0000000000000000,
1100010010010010,
0000000000000000,
1001110011101110,
0000000000000000,
1011011111100001,
0000000000000000,
1010000100011010,
0000000000000000,
0101011000011001,
0000000000000000,
1100111011111110,
0000000000000000,
0111111111100000,
0000000000000000,
0001110010100011,
0000000000000000,
1010001001000100,
0000000000000000,
0101101000110001,
0000000000000000,
0000001001110011,
0000000000000000,
1100001110010010,
0000000000000000,
1010111111011001,
0000000000000000,
0000110111011011,
0000000000000000,
0110111010000011,
0000000000000000,
0111001010000101,
0000000000000000,
1100001110110100,
0000000000000000,
1000100001010000,
0000000000000000,
0111010110010110,
0000000000000000,
1011100100010001,
0000000000000000,
0100111000011100,
0000000000000000,
0100101011101010,
0000000000000000,
1010011101111011,
0000000000000000,
1101111100110101,
0000000000000000,
1001001110010110,
0000000000000000,
1110100100100011,
0000000000000000,
1100000001010101,
0000000000000000,
1100000011011101,
0000000000000000,
1000101111111001,
0000000000000000,
0011011001100011,
0000000000000000,
0111011000011011,
0000000000000000,
1100111001001100,
0000000000000000,
0011100110001001,
0000000000000000,
0111110111000110,
0000000000000000,
0101100001010101,
0000000000000000,
0010101111011010,
0000000000000000,
0001001011101011,
0000000000000000,
1101000011111110,
0000000000000000,
1111000001000000,
0000000000000000,
1010110110111101,
0000000000000000,
1010010100001100,
0000000000000000,
1011001001111001,
0000000000000000,
1000100001101100,
0000000000000000,
0100000100101101,
0000000000000000,
1110100011001100,
0000000000000000,
1101001010000000,
0000000000000000,
0011111101110000,
0000000000000000,
1011101010100100,
0000000000000000,
0010011100111101,
0000000000000000,
0100101011010101,
0000000000000000,
0010100010101001,
0000000000000000,
1100111001100001,
0000000000000000,
0111111000000000,
0000000000000000,
0110100101010011,
0000000000000000,
1000100010011001,
0000000000000000,
1011010110100101,
0000000000000000,
1111011111101010,
0000000000000000,
1100001011111001,
0000000000000000,
1001001111110001,
0000000000000000,
0100101011010111,
0000000000000000,
1000111111110100,
0000000000000000,
0110100111110011,
0000000000000000,
1000111101011110,
0000000000000000,
0100110000010111,
0000000000000000,
1001101100001110,
0000000000000000,
1110001011000011,
0000000000000000,
1110111111001101,
0000000000000000,
1001000101010001,
0000000000000000,
0100011111110001,
0000000000000000,
1000110100011010,
0000000000000000,
1011011010011001,
0000000000000000,
1111111100001111,
0000000000000000,
1111011110101100,
0000000000000000,
0011011010011001,
0000000000000000,
1100110010011010,
0000000000000000,
0010101100011011,
0000000000000000,
1111001100011100,
0000000000000000,
0111000000101001,
0000000000000000,
1001111010100100,
0000000000000000,
1011011111110010,
0000000000000000,
0101000110011011,
0000000000000000,
0010100110100010,
0000000000000000,
0001100110111100,
0000000000000000,
0001001001111000,
0000000000000000,
0110110110011010,
0000000000000000,
1001011111000001,
0000000000000000,
1000101100110010,
0000000000000000,
0110011010101101,
0000000000000000,
0100010101111101,
0000000000000000,
0010011001110101,
0000000000000000,
1100110011001111,
0000000000000000,
0000100111100110,
0000000000000000,
1000100110111010,
0000000000000000,
0000000100110011,
0000000000000000,
1011101010011110,
0000000000000000,
1001010100011001,
0000000000000000,
0011111011111101,
0000000000000000,
1000111010110100,
0000000000000000,
1111011010110001,
0000000000000000,
1111100000101000,
0000000000000000,
1011100011001011,
0000000000000000,
1000101110111110,
0000000000000000,
1001100100101100,
0000000000000000,
1011010001101010,
0000000000000000,
0111010000110100,
0000000000000000,
1011000110111010,
0000000000000000,
0010011111001000,
0000000000000000,
1100110101001110,
0000000000000000,
1011101110100111,
0000000000000000,
1111101010100001,
0000000000000000,
1100011110001011,
0000000000000000,
1001010000011111,
0000000000000000,
0100101001100010,
0000000000000000,
0100101000001001,
0000000000000000,
0100000010010110,
0000000000000000,
1011100111011100,
0000000000000000,
0001010001111101,
0000000000000000,
0110001011110101,
0000000000000000,
1100010011110000,
0000000000000000,
1111001011000110,
0000000000000000,
0000110011000011,
0000000000000000,
0101101000001110,
0000000000000000,
1011001011101101,
0000000000000000,
0110101101101110,
0000000000000000,
1101011110101001,
0000000000000000,
1010000111000110,
0000000000000000,
1110111000101111,
0000000000000000,
1110000010001111,
0000000000000000,
0110010110010101,
0000000000000000,
0110100001111100,
0000000000000000,
1011101001111101,
0000000000000000,
0001011000111111,
0000000000000000,
1110001010111000,
0000000000000000,
0000011001010001,
0000000000000000,
1000110110100100,
0000000000000000,
0010100110010011,
0000000000000000,
1100101000010100,
0000000000000000,
0001011010010101,
0000000000000000,
1101110101110100,
0000000000000000,
0000010100010010,
0000000000000000,
0000110010001001,
0000000000000000,
1111010101101001,
0000000000000000,
1010111110011101,
0000000000000000,
0100010000100110,
0000000000000000,
0111001001011111,
0000000000000000,
1100101101001101,
0000000000000000,
0001001101011110,
0000000000000000,
1110011000100110,
0000000000000000,
1000110010010110,
0000000000000000,
0001001010110000,
0000000000000000,
0010101011110110,
0000000000000000,
1100110110100111,
0000000000000000,
1100010101010101,
0000000000000000,
1001001111101010,
0000000000000000,
0001100110010001,
0000000000000000,
0011000011100111,
0000000000000000,
1010110010100010,
0000000000000000,
0101100110000111,
0000000000000000,
1001110001011000,
0000000000000000,
0100111001011101,
0000000000000000,
0011101110001110,
0000000000000000,
1000011001000101,
0000000000000000,
0000011101010101,
0000000000000000,
1000111101001001,
0000000000000000,
0001100011111100,
0000000000000000,
0001100100111001,
0000000000000000,
1000111110100011,
0000000000000000,
0101011101100000,
0000000000000000,
0011111101010011,
0000000000000000,
1001100110101010,
0000000000000000,
0001111100010001,
0000000000000000,
0001110110111010,
0000000000000000,
0110000100010100,
0000000000000000,
0000110010001101,
0000000000000000,
0111010100100000,
0000000000000000,
0111101010101100,
0000000000000000,
0010011001110100,
0000000000000000,
1000100000011000,
0000000000000000,
0000110110111010,
0000000000000000,
0000110010010011,
0000000000000000,
0100001110001110,
0000000000000000,
0000110111100001,
0000000000000000,
0101010110111100,
0000000000000000,
0000101010000001,
0000000000000000,
1010000111110111,
0000000000000000,
0010000101110110,
0000000000000000,
0100010110111110,
0000000000000000,
0101101111011001,
0000000000000000,
0100110100101011,
0000000000000000,
0111111000001011,
0000000000000000,
1101111001100010,
0000000000000000,
1111110100100110,
0000000000000000,
1010011101011000,
0000000000000000,
0011110010111111,
0000000000000000,
1001001100110101,
0000000000000000,
0101110011001011,
0000000000000000,
1100010100001000,
0000000000000000,
1101010001100000,
0000000000000000,
1110011000000101,
0000000000000000,
1001111010111000,
0000000000000000,
0001110001010011,
0000000000000000,
0101010000100100,
0000000000000000,
0001101010000010,
0000000000000000,
0000011011000001,
0000000000000000,
1111101011101010,
0000000000000000,
1111111111110011,
0000000000000000,
0011100011101010,
0000000000000000,
0101011010001000,
0000000000000000,
0010111000000100,
0000000000000000,
0010011101101011,
0000000000000000,
0010111111110000,
0000000000000000,
1001001000110101,
0000000000000000,
0000011111000101,
0000000000000000,
0000011001010010,
0000000000000000,
0011101010110100,
0000000000000000,
1101100101111100,
0000000000000000,
0110111001011000,
0000000000000000,
0110101000001110,
0000000000000000,
1101001111000111,
0000000000000000,
1110010010011111,
0000000000000000,
0110001111110101,
0000000000000000,
0011111011000100,
0000000000000000,
1111100110001011,
0000000000000000,
0001101001110100,
0000000000000000,
0000011011111010,
0000000000000000,
0011000000110100,
0000000000000000,
0110101011101110,
0000000000000000,
1010110100010011,
0000000000000000,
0011111001101101,
0000000000000000,
0000011100010110,
0000000000000000,
0000101011011110,
0000000000000000,
0010000010010101,
0000000000000000,
0011011101110111,
0000000000000000,
0001111000001101,
0000000000000000,
0101000010010010,
0000000000000000,
0001000000110101,
0000000000000000,
0000101110000010,
0000000000000000,
1100001001001111,
0000000000000000,
0001100011101111,
0000000000000000,
0010000110100010,
0000000000000000,
1110100110010101,
0000000000000000,
0110101000110110,
0000000000000000,
1001110001111011,
0000000000000000,
0100011001000011,
0000000000000000,
1101110010110110,
0000000000000000,
0100101111000100,
0000000000000000,
1110110000100101,
0000000000000000,
1011100101101011,
0000000000000000,
1111011111010110,
0000000000000000,
0011000100101101,
0000000000000000,
1001001111101011,
0000000000000000,
1010100101100101,
0000000000000000,
1101010001001000,
0000000000000000,
0010100101000110,
0000000000000000,
0100011001011011,
0000000000000000,
0110000000110001,
0000000000000000,
1110100100011000,
0000000000000000,
1110110111101100,
0000000000000000,
0111011111001111,
0000000000000000,
0010011101010110,
0000000000000000,
1111011011001111,
0000000000000000,
1011111011111011,
0000000000000000,
0111101000110100,
0000000000000000,
0000001111101100,
0000000000000000,
0110111010001110,
0000000000000000,
1010010000111010,
0000000000000000,
0000101001000000,
0000000000000000,
1111011010100101,
0000000000000000,
0000010110000111,
0000000000000000,
1011000101001001,
0000000000000000,
1100010011100000,
0000000000000000,
1100011101110010,
0000000000000000,
0000010011011001,
0000000000000000,
0000000011010011,
0000000000000000,
1111011011100101,
0000000000000000,
1110111101101011,
0000000000000000,
0001101100110011,
0000000000000000,
0001110100111000,
0000000000000000,
1011111010001010,
0000000000000000,
0110111010111101,
0000000000000000,
0011111110000000,
0000000000000000,
0000010010001100,
0000000000000000,
0111111011010100,
0000000000000000,
1111111000010010,
0000000000000000,
0010001110001111,
0000000000000000,
0000010101111000,
0000000000000000,
0101000001101000,
0000000000000000,
1100110010010100,
0000000000000000,
0001111011001111,
0000000000000000,
1011011010011110,
0000000000000000,
0110110000011000,
0000000000000000,
0001011011011100,
0000000000000000,
0010011100001010,
0000000000000000,
0101000011100000,
0000000000000000,
0110000110001000,
0000000000000000,
0001101011111100,
0000000000000000,
0101001000001011,
0000000000000000,
0101011111001101,
0000000000000000,
0100001001010111,
0000000000000000,
0010110101011000,
0000000000000000,
0110110010100100,
0000000000000000,
0100100010010100,
0000000000000000,
1100110011111000,
0000000000000000,
1110000101010101,
0000000000000000,
0011011111101100,
0000000000000000,
0000011111100101,
0000000000000000,
1011011100101011,
0000000000000000,
1001101100001001,
0000000000000000,
0111001011111100,
0000000000000000,
1011001010000000,
0000000000000000,
0100101101110111,
0000000000000000,
0000101001011101,
0000000000000000,
1101101110101011,
0000000000000000,
0101001100000000,
0000000000000000,
0010101010100001,
0000000000000000,
1000101001011111,
0000000000000000,
0111001010100011,
0000000000000000,
1010100101001111,
0000000000000000,
0000100000101001,
0000000000000000,
1010001101000001,
0000000000000000,
0101101101100000,
0000000000000000,
1000000000100000,
0000000000000000,
0100001000001111,
0000000000000000,
0111111010010001,
0000000000000000,
0110000000000111,
0000000000000000,
0001000010101110,
0000000000000000,
0011010001110001,
0000000000000000,
1111111110111110,
0000000000000000,
0100110001011101,
0000000000000000,
0000010101001010,
0000000000000000,
0111110001100110,
0000000000000000,
0001000110011011,
0000000000000000,
0010010010000110,
0000000000000000,
0101010110111000,
0000000000000000,
0111000100000101,
0000000000000000,
0111010001010001,
0000000000000000,
0111111100011100,
0000000000000000,
0000110011111001,
0000000000000000,
1000111100000100,
0000000000000000,
1011100111111101,
0000000000000000,
0011111001001101,
0000000000000000,
1000101000111110,
0000000000000000,
1110000010111001,
0000000000000000,
1111110010110010,
0000000000000000,
0100111010011110,
0000000000000000,
0001111111111011,
0000000000000000,
1100011000011100,
0000000000000000,
0100111101011000,
0000000000000000,
0110111111001000,
0000000000000000,
0100011011000011,
0000000000000000,
0101010110010111,
0000000000000000,
1100000010111110,
0000000000000000,
0001001001010010,
0000000000000000,
0100010100111000,
0000000000000000,
0011010100010110,
0000000000000000,
0100000100110100,
0000000000000000,
1001011100101010,
0000000000000000,
0100000110100100,
0000000000000000,
0011101011000010,
0000000000000000,
0101001010001010,
0000000000000000,
1110010001110001,
0000000000000000,
1011111111100010,
0000000000000000,
0101011000101110,
0000000000000000,
0001001100111010,
0000000000000000,
0110101100101100,
0000000000000000,
1010100110100000,
0000000000000000,
1011101100100010,
0000000000000000,
0001100110001011,
0000000000000000,
0101100100101111,
0000000000000000,
1110011111110010,
0000000000000000,
1000000110010111,
0000000000000000,
0111101101010011,
0000000000000000,
0110111001011111,
0000000000000000,
1010100111010010,
0000000000000000,
0001110110011001,
0000000000000000,
1010010100100101,
0000000000000000,
1010010000000011,
0000000000000000,
0110110110110000,
0000000000000000,
0101101001100110,
0000000000000000,
0011000000110110,
0000000000000000,
0001001001011010,
0000000000000000,
1011011111000100,
0000000000000000,
0011111000110000,
0000000000000000,
1110101010011011,
0000000000000000,
1100010100000000,
0000000000000000,
1011111000111100,
0000000000000000,
0110000101011001,
0000000000000000,
1101111000001001,
0000000000000000,
1000100001010111,
0000000000000000,
0000110000101110,
0000000000000000,
1000110110001000,
0000000000000000,
0100001001001101,
0000000000000000,
1000101011110100,
0000000000000000,
1100000010110011,
0000000000000000,
1101010100110101,
0000000000000000,
0001110110010011,
0000000000000000,
0111011010001110,
0000000000000000,
0110001011110010,
0000000000000000,
1101000101000011,
0000000000000000,
1110100111110001,
0000000000000000,
0011000100000101,
0000000000000000,
0110111010010000,
0000000000000000,
1011111100100100,
0000000000000000,
1010000110000110,
0000000000000000,
0000111011000001,
0000000000000000,
0101011001011101,
0000000000000000,
0110001001011011,
0000000000000000,
1010011001100000,
0000000000000000,
0000110010011001,
0000000000000000,
0011011011000011,
0000000000000000,
0011111010010111,
0000000000000000,
0000000110101000,
0000000000000000,
1001010111110000,
0000000000000000,
0111000100011011,
0000000000000000,
1011010011010110,
0000000000000000,
0100000000101001,
0000000000000000,
0111000001010110,
0000000000000000,
0100111100010011,
0000000000000000,
1110111010011010,
0000000000000000,
0100000110111011,
0000000000000000,
1011011101011001,
0000000000000000,
0011001010011100,
0000000000000000,
0001110101001000,
0000000000000000,
1101010100111101,
0000000000000000,
0100010111100000,
0000000000000000,
0111001111111111,
0000000000000000,
0000110111110001,
0000000000000000,
0011110101111100,
0000000000000000,
0001100110011100,
0000000000000000,
1000101011000110,
0000000000000000,
1000000100010000,
0000000000000000,
1100110001011001,
0000000000000000,
1000000111010101,
0000000000000000,
0101011111110000,
0000000000000000,
0111101110011010,
0000000000000000,
0001011101000111,
0000000000000000,
1100010111111101,
0000000000000000,
0110111000100100,
0000000000000000,
0011000101011010,
0000000000000000,
1000011100111101,
0000000000000000,
1010101110100111,
0000000000000000,
1111011101100111,
0000000000000000,
1100011110101000,
0000000000000000,
0000010111001000,
0000000000000000,
0001000110101100,
0000000000000000,
1101010111110011,
0000000000000000,
0011101010110111,
0000000000000000,
0001000101110110,
0000000000000000,
0001100101001101,
0000000000000000,
1010110000111111,
0000000000000000,
0000110101000110,
0000000000000000,
0010010011100100,
0000000000000000,
1111100101101011,
0000000000000000,
0001000110101000,
0000000000000000,
0111111011011101,
0000000000000000,
0100001100110010,
0000000000000000,
0001111110110111,
0000000000000000,
1000010110000000,
0000000000000000,
1110100011111000,
0000000000000000,
1011001010000010,
0000000000000000,
0000100011101001,
0000000000000000,
0101010001010010,
0000000000000000,
0000000101110011,
0000000000000000,
1111011011110000,
0000000000000000,
0000010100000100,
0000000000000000,
0000100001101101,
0000000000000000,
1000001000101101,
0000000000000000,
1011110101000000,
0000000000000000,
1100010010110110,
0000000000000000,
0000101101001000,
0000000000000000,
0110100011000110,
0000000000000000,
1011100110001110,
0000000000000000,
0001011110110011,
0000000000000000,
0011010110010110,
0000000000000000,
1001101000110001,
0000000000000000,
0011100100111101,
0000000000000000,
0101110101111101,
0000000000000000,
1100011001001110,
0000000000000000,
0010110100011011,
0000000000000000,
1000010100110110,
0000000000000000,
0110100000010111,
0000000000000000,
0011001001010111,
0000000000000000,
1001011011011001,
0000000000000000,
1111001000111101,
0000000000000000,
1111100011001100,
0000000000000000,
1110100100011011,
0000000000000000,
1010100010011000,
0000000000000000,
0011101101111111,
0000000000000000,
1111000101010000,
0000000000000000,
1010111010100110,
0000000000000000,
1100000000101110,
0000000000000000,
0000011001111011,
0000000000000000,
1100101011001001,
0000000000000000,
0111110001010100,
0000000000000000,
0101111101100000,
0000000000000000,
1100010111101101,
0000000000000000,
1100010111100110,
0000000000000000,
1001001010000110,
0000000000000000,
1100110100010010,
0000000000000000,
1110000001000101,
0000000000000000,
0011110011100111,
0000000000000000,
0011111001001011,
0000000000000000,
1011110100010101,
0000000000000000,
1001001101111101,
0000000000000000,
0110011101110001,
0000000000000000,
0011101110100000,
0000000000000000,
0100101100110110,
0000000000000000,
0010000101010010,
0000000000000000,
0000000001111100,
0000000000000000,
0100100111001100,
0000000000000000,
1100000011000110,
0000000000000000,
1111110110111011,
0000000000000000,
1011100101010011,
0000000000000000,
0010001000101101,
0000000000000000,
1101100011001100,
0000000000000000,
0011111000001101,
0000000000000000,
1010110111010010,
0000000000000000,
1010111001100011,
0000000000000000,
1101010011000001,
0000000000000000,
1100111110101011,
0000000000000000,
0101011001000010,
0000000000000000,
1110011100000101,
0000000000000000,
0101110110101010,
0000000000000000,
0010111000010010,
0000000000000000,
0110101000011001,
0000000000000000,
1011101101100101,
0000000000000000,
0101100000001001,
0000000000000000,
1011110111110101,
0000000000000000,
0101111100011000,
0000000000000000,
1000110010001011,
0000000000000000,
1111100111110111,
0000000000000000,
0101111101111111,
0000000000000000,
0001100010111011,
0000000000000000,
0011010011111000,
0000000000000000,
0101011101000000,
0000000000000000,
1011010001100010,
0000000000000000,
1101111110110100,
0000000000000000,
1001010000000101,
0000000000000000,
0001011110101101,
0000000000000000,
1101010001010101,
0000000000000000,
1101000001100111,
0000000000000000,
1001001101000111,
0000000000000000,
0010110000001001,
0000000000000000,
1000011110100000,
0000000000000000,
1010010111111100,
0000000000000000,
0000010000000011,
0000000000000000,
1100110010111010,
0000000000000000,
1101111111100010,
0000000000000000,
1111100110011010,
0000000000000000,
0001111110101000,
0000000000000000,
0001111010101001,
0000000000000000,
0101001111101101,
0000000000000000,
0001110011101101,
0000000000000000,
1100011110110100,
0000000000000000,
1010111010111001,
0000000000000000,
1111011100100001,
0000000000000000,
1010100100110010,
0000000000000000,
0011100000000111,
0000000000000000,
1001100010010000,
0000000000000000,
1100100111111100,
0000000000000000,
1101011110111100,
0000000000000000,
0000111111100011,
0000000000000000,
0011100111100010,
0000000000000000,
0011101110111001,
0000000000000000,
1101100010011100,
0000000000000000,
0000011100001001,
0000000000000000,
1110011100111100,
0000000000000000,
1000101000110100,
0000000000000000,
1101010111110101,
0000000000000000,
1001110100100111,
0000000000000000,
0111001110100100,
0000000000000000,
0010100110100010,
0000000000000000,
0111010101010110,
0000000000000000,
0110101011000011,
0000000000000000,
0111001100110000,
0000000000000000,
1100001011110100,
0000000000000000,
1101000001011001,
0000000000000000,
1000100101100011,
0000000000000000,
0111000011100101,
0000000000000000,
0000001100001101,
0000000000000000,
1101001011100110,
0000000000000000,
0110010010001111,
0000000000000000,
0000001010100110,
0000000000000000,
0101111000001100,
0000000000000000,
1110001000100101,
0000000000000000,
0000010010011001,
0000000000000000,
0101000011010011,
0000000000000000,
0011010011100011,
0000000000000000,
0100111111110000,
0000000000000000,
1100010000111010,
0000000000000000,
0110111110001110,
0000000000000000,
0111101011011110,
0000000000000000,
0110100010110010,
0000000000000000,
0101010011000101,
0000000000000000,
1110000111111101,
0000000000000000,
0001011000000011,
0000000000000000,
1100010110001111,
0000000000000000,
0111110111101011,
0000000000000000,
0001101011101010,
0000000000000000,
0010011000111110,
0000000000000000,
1011110001010001,
0000000000000000,
1011001101111010,
0000000000000000,
0000010100001001,
0000000000000000,
1110100100010101,
0000000000000000,
1101111110100010,
0000000000000000,
1000101100111000,
0000000000000000,
1000011000000001,
0000000000000000,
0111101111011001,
0000000000000000,
0000101010001010,
0000000000000000,
1011000101011110,
0000000000000000,
0110000110010110,
0000000000000000,
0011111111001011,
0000000000000000,
0011011100110000,
0000000000000000,
1001011101001010,
0000000000000000,
0001110110001111,
0000000000000000,
1110101011110000,
0000000000000000,
1101101100010100,
0000000000000000,
0001000010010010,
0000000000000000,
0001011011111100,
0000000000000000,
1011010000101110,
0000000000000000,
0111110010100110,
0000000000000000,
1111001001100110,
0000000000000000,
0100010000010101,
0000000000000000,
0011100111110001,
0000000000000000,
0000101110010000,
0000000000000000,
1000110010111000,
0000000000000000,
1101101111010110,
0000000000000000,
1110111111100100,
0000000000000000,
1110000110010101,
0000000000000000,
0010011010001110,
0000000000000000,
1101101001100100,
0000000000000000,
0111101101011001,
0000000000000000,
1010100010001101,
0000000000000000,
1111001010111000,
0000000000000000,
0100101110011111,
0000000000000000,
0111101011101000,
0000000000000000,
0101001001001011,
0000000000000000,
1000000000011011,
0000000000000000,
1010011010100001,
0000000000000000,
1001100110111001,
0000000000000000,
1110101110000011,
0000000000000000,
1110111110000000,
0000000000000000,
0001110101111110,
0000000000000000,
1111111101001010,
0000000000000000,
1000000111111101,
0000000000000000,
0001100101011011,
0000000000000000,
1100011000100101,
0000000000000000,
1010111010100010,
0000000000000000,
1110000111010100,
0000000000000000,
1110011010100110,
0000000000000000,
1001111111100111,
0000000000000000,
0100010010000000,
0000000000000000,
1010000111001101,
0000000000000000,
1001001110110000,
0000000000000000,
0111110000010000,
0000000000000000,
0101110100000110,
0000000000000000,
1000101011000100,
0000000000000000,
0111011000110111,
0000000000000000,
1010111111111011,
0000000000000000,
1100110100100110,
0000000000000000,
0000111010001001,
0000000000000000,
1110011010011001,
0000000000000000,
0110110010111101,
0000000000000000,
1111111000001101,
0000000000000000,
1011100011001100,
0000000000000000,
1011110100111100,
0000000000000000,
0110100101100100,
0000000000000000,
1010001110101010,
0000000000000000,
1010111100101010,
0000000000000000,
1011011011011001,
0000000000000000,
0010110001010010,
0000000000000000,
1100011000110111,
0000000000000000,
0010000101010010,
0000000000000000,
0101100111011110,
0000000000000000,
1010100001101001,
0000000000000000,
1000110001001010,
0000000000000000,
0111110010011011,
0000000000000000,
0000100111111101,
0000000000000000,
0001000101001010,
0000000000000000,
0111001011101101,
0000000000000000,
1010010110010111,
0000000000000000,
0010111110100001,
0000000000000000,
0001111010011100,
0000000000000000,
0111101011000110,
0000000000000000,
1110001110000101,
0000000000000000,
0010110000011010,
0000000000000000,
0110101111000000,
0000000000000000,
0010000101010101,
0000000000000000,
1011001111110001,
0000000000000000,
0010111111101110,
0000000000000000,
1101111100000111,
0000000000000000,
1000111101011110,
0000000000000000,
0100110101101011,
0000000000000000,
1111111110110001,
0000000000000000,
1111001101100100,
0000000000000000,
1100010000101111,
0000000000000000,
0110000110001000,
0000000000000000,
1110111011011100,
0000000000000000,
1111001100101101,
0000000000000000,
0000001100000110,
0000000000000000,
1001100001001001,
0000000000000000,
0011110010010000,
0000000000000000,
1001111011010011,
0000000000000000,
0110001111101011,
0000000000000000,
1110101101101011,
0000000000000000,
1110101001101111,
0000000000000000,
0110001101011001,
0000000000000000,
1010101110110100,
0000000000000000,
0010100011010011,
0000000000000000,
1110000010110101,
0000000000000000,
0110110000100010,
0000000000000000,
0000010101000001,
0000000000000000,
1011110010001000,
0000000000000000,
0011111100011000,
0000000000000000,
0010000100011101,
0000000000000000,
1111101110000010,
0000000000000000,
0110001010001100,
0000000000000000,
1001110110001000,
0000000000000000,
0100011010000110,
0000000000000000,
1011110011110011,
0000000000000000,
1111000010111011,
0000000000000000,
1101011010001110,
0000000000000000,
0110000101100101,
0000000000000000,
1111101110111100,
0000000000000000,
1110100010111110,
0000000000000000,
1000100110010100,
0000000000000000,
1001100000100101,
0000000000000000,
0111011111001011,
0000000000000000,
0000110001101001,
0000000000000000,
1001001000111000,
0000000000000000,
0011001011111010,
0000000000000000,
1110101011000100,
0000000000000000,
0001010100101011,
0000000000000000,
0111000110100110,
0000000000000000,
0110110101111010,
0000000000000000,
1001101001000011,
0000000000000000,
1101001010111111,
0000000000000000,
1111010101000101,
0000000000000000,
0111001111100111,
0000000000000000,
1111000000110111,
0000000000000000,
1011111101101011,
0000000000000000,
1000000001100110,
0000000000000000,
0110101100011111,
0000000000000000,
1100001100010011,
0000000000000000,
0011101000100100,
0000000000000000,
1010110001001110,
0000000000000000,
0000111001001101,
0000000000000000,
0011000100001101,
0000000000000000,
1101000001100011,
0000000000000000,
0101011101101011,
0000000000000000,
0000111101011101,
0000000000000000,
1101111010100001,
0000000000000000,
1111001100101000,
0000000000000000,
1011000001111100,
0000000000000000,
0001011101110111,
0000000000000000,
0110011100111000,
0000000000000000,
0010000110111101,
0000000000000000,
1110100100101010,
0000000000000000,
1011001110101010,
0000000000000000,
1000001000011010,
0000000000000000,
1001010110001010,
0000000000000000,
1111111111111001,
0000000000000000,
0010010011111101,
0000000000000000,
1110100000100010,
0000000000000000,
0010101110110010,
0000000000000000,
0111001101010101,
0000000000000000,
0010111001011101,
0000000000000000,
1110110100011000,
0000000000000000,
0111101110111111,
0000000000000000,
1001100011000001,
0000000000000000,
1010010111111010,
0000000000000000,
0110001011111010,
0000000000000000,
1000011100001011,
0000000000000000,
0111011000100100,
0000000000000000,
1111011110101000,
0000000000000000,
0100010010101111,
0000000000000000,
0101011101000010,
0000000000000000,
0001111000110000,
0000000000000000,
1010111011101011,
0000000000000000,
1100111010011010,
0000000000000000,
0100110000110011,
0000000000000000,
1101100010101011,
0000000000000000,
0001100100010010,
0000000000000000,
0101110101010000,
0000000000000000,
1100010100001000,
0000000000000000,
1010100111110101,
0000000000000000,
1000100110101000,
0000000000000000,
0000100101001000,
0000000000000000,
1100001101110111,
0000000000000000,
1001011111111001,
0000000000000000,
0101010000010111,
0000000000000000,
1110001011010101,
0000000000000000,
1111001011110111,
0000000000000000,
1101110001101100,
0000000000000000,
1111000001110111,
0000000000000000,
1111010001011101,
0000000000000000,
1101011011110011,
0000000000000000,
1001111001111001,
0000000000000000,
1110011111101111,
0000000000000000,
1010000011001110,
0000000000000000,
1000001000010010,
0000000000000000,
0100101101001101,
0000000000000000,
1000101011101100,
0000000000000000,
0100001010100100,
0000000000000000,
1011000011111010,
0000000000000000,
0010011000110000,
0000000000000000,
0111101110000100,
0000000000000000,
0001100100011001,
0000000000000000,
1101101010100100,
0000000000000000,
1010000100010000,
0000000000000000,
0101010011101001,
0000000000000000,
1111100000011001,
0000000000000000,
0101100000011010,
0000000000000000,
1001000010100101,
0000000000000000,
1001111011001101,
0000000000000000,
1010101100001000,
0000000000000000,
0011001000100001,
0000000000000000,
1000000100100010,
0000000000000000,
0110010110001011,
0000000000000000,
0101100000101001,
0000000000000000,
1001010101010100,
0000000000000000,
1001110000110001,
0000000000000000,
1010101000000110,
0000000000000000,
0000001000000001,
0000000000000000,
0110111001111100,
0000000000000000,
1110110001110000,
0000000000000000,
0111001110110001,
0000000000000000,
0001111101001100,
0000000000000000,
1101111010110011,
0000000000000000,
1010111011111010,
0000000000000000,
0010111001111101,
0000000000000000,
0101010011010101,
0000000000000000,
1101100011000101,
0000000000000000,
0001110001101001,
0000000000000000,
1110000110001000,
0000000000000000,
1101100101110000,
0000000000000000,
1111101011111000,
0000000000000000,
0000110111000101,
0000000000000000,
1100001010000100,
0000000000000000,
0111011001110010,
0000000000000000,
1101001000001111,
0000000000000000,
0111010100100011,
0000000000000000,
0111101010011111,
0000000000000000,
1010100011100011,
0000000000000000,
1111110101000001,
0000000000000000,
0101010111100010,
0000000000000000,
1001011110100100,
0000000000000000,
1011000101101111,
0000000000000000,
1011001001001000,
0000000000000000,
0010100100010011,
0000000000000000,
1111100000011000,
0000000000000000,
1110001101111010,
0000000000000000,
0011100011001000,
0000000000000000,
1010100101010010,
0000000000000000,
0110100011010110,
0000000000000000,
0111101100101110,
0000000000000000,
0001010100110101,
0000000000000000,
0000110101100111,
0000000000000000,
0100100010001100,
0000000000000000,
0000001000000001,
0000000000000000,
1011101111111010,
0000000000000000,
1000010011101011,
0000000000000000,
1110000001010110,
0000000000000000,
1000001101011011,
0000000000000000,
0010000000100111,
0000000000000000,
1100010011110011,
0000000000000000,
0111111111000100,
0000000000000000,
1001011010011101,
0000000000000000,
1100001110000100,
0000000000000000,
0011000101100011,
0000000000000000,
0101000100100010,
0000000000000000,
0010011111100110,
0000000000000000,
0000011110011100,
0000000000000000,
1100110110111011,
0000000000000000,
0111010110001110,
0000000000000000,
0011011000000011,
0000000000000000,
1101000110001110,
0000000000000000,
0101101000101110,
0000000000000000,
0110111111011001,
0000000000000000,
0111011010100111,
0000000000000000,
1000101011011011,
0000000000000000,
1100110100010000,
0000000000000000,
0001100111100001,
0000000000000000,
0000001010111110,
0000000000000000,
0010011111100101,
0000000000000000,
1111100011011000,
0000000000000000,
1000111001010011,
0000000000000000,
0110000101111000,
0000000000000000,
1000101011100001,
0000000000000000,
1000011000000001,
0000000000000000,
1000000110101010,
0000000000000000,
1010101000010010,
0000000000000000,
1001010011000011,
0000000000000000,
0101011111110100,
0000000000000000,
0010011000000001,
0000000000000000,
0101110111010000,
0000000000000000,
0110001011110110,
0000000000000000,
1010110000101000,
0000000000000000,
1110100101110011,
0000000000000000,
1111000100101110,
0000000000000000,
1001011111000110,
0000000000000000,
0110100011011100,
0000000000000000,
1001011000000010,
0000000000000000,
1111011010001000,
0000000000000000,
0110001000001101,
0000000000000000,
1000000111100110,
0000000000000000,
0101001011010011,
0000000000000000,
1010100001111010,
0000000000000000,
1000100011100000,
0000000000000000,
0101000000011010,
0000000000000000,
1111011100111110,
0000000000000000,
0111000010001000,
0000000000000000,
0111111101110001,
0000000000000000,
1000001011010010,
0000000000000000,
0010011111110010,
0000000000000000,
1101101001000111,
0000000000000000,
0111110101010011,
0000000000000000,
0001001101011001,
0000000000000000,
1000110010100111,
0000000000000000,
1111100000101011,
0000000000000000,
0001001101110010,
0000000000000000,
0000110101000011,
0000000000000000,
1011100111111000,
0000000000000000,
0110100011110100,
0000000000000000,
1001111101100111,
0000000000000000,
1111111010110011,
0000000000000000,
1011110100111101,
0000000000000000,
1110011110010011,
0000000000000000,
1010010001110001,
0000000000000000,
0111100011011001,
0000000000000000,
0011001101011001,
0000000000000000,
0001000111010000,
0000000000000000,
1010011010001111,
0000000000000000,
1001010011100001,
0000000000000000,
0000100010010110,
0000000000000000,
1111001001011000,
0000000000000000,
1010001010110000,
0000000000000000,
1100010000001001,
0000000000000000,
1101010011110001,
0000000000000000,
0011011000000111,
0000000000000000,
1010000100000111,
0000000000000000,
0000001111000001,
0000000000000000,
1100010110001000,
0000000000000000,
1110000001000010,
0000000000000000,
0000101101101000,
0000000000000000,
1000001010110001,
0000000000000000,
0110100011000010,
0000000000000000,
1000001011011000,
0000000000000000,
0001110001111111,
0000000000000000,
1000110010011000,
0000000000000000,
1110011001110100,
0000000000000000,
0011100110111111,
0000000000000000,
1000101101000101,
0000000000000000,
1111010010011001,
0000000000000000,
0001101010001010,
0000000000000000,
1011110001101011,
0000000000000000,
0110010101101100,
0000000000000000,
0011001100001000,
0000000000000000,
0001101011100010,
0000000000000000,
1010000111110000,
0000000000000000,
1010111100001101,
0000000000000000,
1101011111011010,
0000000000000000,
0111101110110101,
0000000000000000,
1101110100100111,
0000000000000000,
1101111011010101,
0000000000000000,
1011101001001111,
0000000000000000,
0011100101100100,
0000000000000000,
0110011001110010,
0000000000000000,
1100000110111011,
0000000000000000,
0011100001111010,
0000000000000000,
1100000001110001,
0000000000000000,
0010101000101000,
0000000000000000,
0110011101111101,
0000000000000000,
1111010000111000,
0000000000000000,
1101101001001110,
0000000000000000,
1000110010110101,
0000000000000000,
0001001110010100,
0000000000000000,
0111100101101000,
0000000000000000,
0110000101011100,
0000000000000000,
0110101001010011,
0000000000000000,
1010001001110010,
0000000000000000,
1110000000001000,
0000000000000000,
1001001100111110,
0000000000000000,
1100110010001011,
0000000000000000,
1000000111100100,
0000000000000000,
0111101111010100,
0000000000000000,
0110110011110101,
0000000000000000,
1011111110000000,
0000000000000000,
1000110100111011,
0000000000000000,
1001111110001110,
0000000000000000,
0001110001001011,
0000000000000000,
1100110000100011,
0000000000000000,
1100100001111101,
0000000000000000,
0010011001000100,
0000000000000000,
1000010111111011,
0000000000000000,
1001110000010101,
0000000000000000,
1100111110110001,
0000000000000000,
1101100110010110,
0000000000000000,
1101111001100000,
0000000000000000,
1000100000110100,
0000000000000000,
1010010010000000,
0000000000000000,
0001000100110010,
0000000000000000,
1000101100111001,
0000000000000000,
0111101100010110,
0000000000000000,
1000001110111110,
0000000000000000,
0100001111001000,
0000000000000000,
0000000010010111,
0000000000000000,
1110100101111100,
0000000000000000,
0011000100011110,
0000000000000000,
1010010111001001,
0000000000000000,
0110101010010000,
0000000000000000,
1101000001000110,
0000000000000000,
0000010010010100,
0000000000000000,
1101100111110101,
0000000000000000,
1100101110000111,
0000000000000000,
0000100000000111,
0000000000000000,
0010010001111000,
0000000000000000,
0001001110000110,
0000000000000000,
1110100011101010,
0000000000000000,
1111100110001011,
0000000000000000,
0110111010011111,
0000000000000000,
0100000101001100,
0000000000000000,
0001001011010011,
0000000000000000,
0001000001011011,
0000000000000000,
1001110001111100,
0000000000000000,
0010100110101001,
0000000000000000,
1000010011100101,
0000000000000000,
1010110101100000,
0000000000000000,
0010011010100110,
0000000000000000,
0001011111001011,
0000000000000000,
1110100111100000,
0000000000000000,
1110101010010100,
0000000000000000,
1010001011111111,
0000000000000000,
1011111110010100,
0000000000000000,
0111110100111010,
0000000000000000,
1111001100011100,
0000000000000000,
1011011011011000,
0000000000000000,
0110011000100100,
0000000000000000,
0100011110010011,
0000000000000000,
1011111000001011,
0000000000000000,
1110000000111101,
0000000000000000,
0000000001100100,
0000000000000000,
1100100000001101,
0000000000000000,
1100111100010110,
0000000000000000,
1111100000111000,
0000000000000000,
0101101100101010,
0000000000000000,
1100001111011001,
0000000000000000,
1110110101011101,
0000000000000000,
1101001011111000,
0000000000000000,
0010001110010000,
0000000000000000,
0101010100011000,
0000000000000000,
0101100001111110,
0000000000000000,
0011101011101010,
0000000000000000,
1111010100110111,
0000000000000000,
0101010101100011,
0000000000000000,
0010110100010101,
0000000000000000,
0001111011111011,
0000000000000000,
0010101000001000,
0000000000000000,
1111101101011100,
0000000000000000,
1011001111000010,
0000000000000000,
0010011010100101,
0000000000000000,
0000111101011010,
0000000000000000,
0011101100010111,
0000000000000000,
1111101000001010,
0000000000000000,
1101000001001101,
0000000000000000,
0010010101010101,
0000000000000000,
0010001011000001,
0000000000000000,
0101011011100111,
0000000000000000,
0001110000111011,
0000000000000000,
1100001011100001,
0000000000000000,
1100000110100101,
0000000000000000,
1001101111010110,
0000000000000000,
1010100111000011,
0000000000000000,
1100000000001011,
0000000000000000,
1101011110101011,
0000000000000000,
1000100011101100,
0000000000000000,
0010101101001101,
0000000000000000,
0010110101111111,
0000000000000000,
1001001011100101,
0000000000000000,
0100001000110011,
0000000000000000,
0100001101101100,
0000000000000000,
1001000110011111,
0000000000000000,
0001010010111011,
0000000000000000,
0101100110010010,
0000000000000000,
1010000100101101,
0000000000000000,
0001000011110010,
0000000000000000,
1011101111001111,
0000000000000000,
0001010111011101,
0000000000000000,
0101111000110101,
0000000000000000,
1001100111100001,
0000000000000000,
1110010000001100,
0000000000000000,
1011110110100011,
0000000000000000,
1011111010110101,
0000000000000000,
0101110100011101,
0000000000000000,
0011010010100011,
0000000000000000,
0001101000101011,
0000000000000000,
1111000001001101,
0000000000000000,
1011110000010010,
0000000000000000,
1001001010100011,
0000000000000000,
1100101100001111,
0000000000000000,
0010110001000101,
0000000000000000,
0011001101101011,
0000000000000000,
0100110011101001,
0000000000000000,
1101101001111111,
0000000000000000,
1010001110001101,
0000000000000000,
1011000011110111,
0000000000000000,
0110001011101111,
0000000000000000,
0000010000010010,
0000000000000000,
1010010110110101,
0000000000000000,
1111111110010100,
0000000000000000,
1001001001110101,
0000000000000000,
1110110011010010,
0000000000000000,
0000001000010000,
0000000000000000,
1000001001111000,
0000000000000000,
0100100101101011,
0000000000000000,
0011100100100110,
0000000000000000,
1101111001000101,
0000000000000000,
1000110101011111,
0000000000000000,
0110010101100110,
0000000000000000,
0100100110000101,
0000000000000000,
1110000100110000,
0000000000000000,
1010010101001101,
0000000000000000,
0001111010010110,
0000000000000000,
1100001100001000,
0000000000000000,
0111011011100001,
0000000000000000,
1110000011110111,
0000000000000000,
0101000111101100,
0000000000000000,
1010010011011001,
0000000000000000,
1001110010001001,
0000000000000000,
1001110010110011,
0000000000000000,
1101001101000100,
0000000000000000,
1110100010010000,
0000000000000000,
0111101101000011,
0000000000000000,
0000000001110100,
0000000000000000,
0111111111100100,
0000000000000000,
0011011110101010,
0000000000000000,
1010000111011011,
0000000000000000,
0001101100000001,
0000000000000000,
0001001001001011,
0000000000000000,
0110001010000010,
0000000000000000,
1000101110101110,
0000000000000000,
0011110111110100,
0000000000000000,
1000000110110000,
0000000000000000,
0001000010001010,
0000000000000000,
0110101011100111,
0000000000000000,
0000101100000001,
0000000000000000,
0110111111001011,
0000000000000000,
0110111010110110,
0000000000000000,
1011010111011110,
0000000000000000,
1100110011101011,
0000000000000000,
0111101001110111,
0000000000000000,
0101100100101000,
0000000000000000,
1000100011010101,
0000000000000000,
1001000011011110,
0000000000000000,
1111100000100010,
0000000000000000,
1101111101111011,
0000000000000000,
1011011010101101,
0000000000000000,
1100110010000000,
0000000000000000,
0000001011001010,
0000000000000000,
0010001111101111,
0000000000000000,
1011011100010000,
0000000000000000,
0011101010110101,
0000000000000000,
1010100011001110,
0000000000000000,
1110000001111011,
0000000000000000,
1110100110110110,
0000000000000000,
0110111011010111,
0000000000000000,
1011000101110100,
0000000000000000,
0001010000100000,
0000000000000000,
1010000101010111,
0000000000000000,
0011010100001100,
0000000000000000,
1001010111011010,
0000000000000000,
0110000101001011,
0000000000000000,
1001000111111011,
0000000000000000,
0111011001010110,
0000000000000000,
1010100111010100,
0000000000000000,
1100101111101010,
0000000000000000,
1110100100111000,
0000000000000000,
1011000100001101,
0000000000000000,
1000111001011010,
0000000000000000,
1100101011011000,
0000000000000000,
1000100100010000,
0000000000000000,
0101101101100001,
0000000000000000,
1000100101001010,
0000000000000000,
0010101000010010,
0000000000000000,
0110000011101001,
0000000000000000,
1100100101010010,
0000000000000000,
1000111001101110,
0000000000000000,
1011010111101110,
0000000000000000,
0100101001111110,
0000000000000000,
1100101001010001,
0000000000000000,
1111110000011001,
0000000000000000,
0011100111111110,
0000000000000000,
1100110010000100,
0000000000000000,
1001100110101111,
0000000000000000,
0100111111010101,
0000000000000000,
0011111110000101,
0000000000000000,
0011111111111000,
0000000000000000,
1001000110010110,
0000000000000000,
0010011010110101,
0000000000000000,
1100110100100011,
0000000000000000,
0101100000010010,
0000000000000000,
1010000001001001,
0000000000000000,
1110100001001011,
0000000000000000,
1111101111101111,
0000000000000000,
0011001001000111,
0000000000000000,
0111111001110110,
0000000000000000,
1100110011100111,
0000000000000000,
1100001110111100,
0000000000000000,
1000101110001010,
0000000000000000,
1111010010100111,
0000000000000000,
1110110100111100,
0000000000000000,
0011101101111111,
0000000000000000,
1010010100010100,
0000000000000000,
1011111110010100,
0000000000000000,
1111100000001000,
0000000000000000,
0100000110100001,
0000000000000000,
0100001101110101,
0000000000000000,
0001110111101010,
0000000000000000,
0100000001011001,
0000000000000000,
1011010001100010,
0000000000000000,
1010111110001000,
0000000000000000,
1001101110010101,
0000000000000000,
1010111111110001,
0000000000000000,
0110111001101011,
0000000000000000,
1100000100110010,
0000000000000000,
0001110100011100,
0000000000000000,
1001101110000100,
0000000000000000,
1000000111100000,
0000000000000000,
0110010110101001,
0000000000000000,
1001110000010101,
0000000000000000,
0111000001101000,
0000000000000000,
0100010000010110,
0000000000000000,
1000001001010101,
0000000000000000,
0000001110111000,
0000000000000000,
1010101010101101,
0000000000000000,
0111010100110100,
0000000000000000,
1110011100100101,
0000000000000000,
0011111011100110,
0000000000000000,
1111111111101011,
0000000000000000,
1011011011011100,
0000000000000000,
0101100011110101,
0000000000000000,
0111111111011111,
0000000000000000,
1111000110110000,
0000000000000000,
1001000000111000,
0000000000000000,
1000010011100011,
0000000000000000,
0001101000010010,
0000000000000000,
0011000011111111,
0000000000000000,
1100011101011000,
0000000000000000,
0000100010111100,
0000000000000000,
1101000010000111,
0000000000000000,
0001010110001111,
0000000000000000,
0101011010011010,
0000000000000000,
0111110000100011,
0000000000000000,
1000001100000110,
0000000000000000,
1100001010011000,
0000000000000000,
1000111010111110,
0000000000000000,
0110010110010000,
0000000000000000,
0110101011101011,
0000000000000000,
0000110100000111,
0000000000000000,
0111010101001001,
0000000000000000,
1000110010111011,
0000000000000000,
0110001101101011,
0000000000000000,
0111000101000111,
0000000000000000,
0011111001101010,
0000000000000000,
1001110000010000,
0000000000000000,
1001100010111000,
0000000000000000,
0100000110110100,
0000000000000000,
1010100101101001,
0000000000000000,
1110100110110110,
0000000000000000,
0000110000010100,
0000000000000000,
0101001111110000,
0000000000000000,
0101000000110011,
0000000000000000,
0100110111111000,
0000000000000000,
1110101001100111,
0000000000000000,
0111001110111010,
0000000000000000,
0111000011111000,
0000000000000000,
1110000111100110,
0000000000000000,
0111111000110011,
0000000000000000,
1101111001110110,
0000000000000000,
0011111100011110,
0000000000000000,
1100000111101010,
0000000000000000,
1010100110110111,
0000000000000000,
1000010111011111,
0000000000000000,
1110000110011110,
0000000000000000,
0000101101001100,
0000000000000000,
0101001000001111,
0000000000000000,
0000000110101011,
0000000000000000,
1001001110110011,
0000000000000000,
0010101100110011,
0000000000000000,
1111001001001111,
0000000000000000,
1001011101000111,
0000000000000000,
1100100010000000,
0000000000000000,
1000111000110000,
0000000000000000,
0101100000001010,
0000000000000000,
1110100111111101,
0000000000000000,
1001000010011111,
0000000000000000,
1000101111011110,
0000000000000000,
0111100101010000,
0000000000000000,
1100001110001011,
0000000000000000,
1101001111010110,
0000000000000000,
1110010011000101,
0000000000000000,
0111001011010110,
0000000000000000,
1110101111110000,
0000000000000000,
1110101111010111,
0000000000000000,
1111000110011111,
0000000000000000,
1111010000000100,
0000000000000000,
0100011000001000,
0000000000000000,
1011011110111101,
0000000000000000,
1011100111101111,
0000000000000000,
1011011110111000,
0000000000000000,
1111010001101101,
0000000000000000,
1100100101010110,
0000000000000000,
1101100101100101,
0000000000000000,
1010101111000011,
0000000000000000,
1011100100110001,
0000000000000000,
0100010101101001,
0000000000000000,
1100010000101001,
0000000000000000,
0110111111110110,
0000000000000000,
0011000001010110,
0000000000000000,
1111110111010011,
0000000000000000,
0011111010000111,
0000000000000000,
0111000100111110,
0000000000000000,
1111001101001110,
0000000000000000,
1110110101010101,
0000000000000000,
1101000111100001,
0000000000000000,
1100111101010011,
0000000000000000,
0000000010011001,
0000000000000000,
1000111001100000,
0000000000000000,
1100110010011011,
0000000000000000,
0111000000011001,
0000000000000000,
0111100011001001,
0000000000000000,
1001111011101111,
0000000000000000,
1101001100010011,
0000000000000000,
0010001000000010,
0000000000000000,
0010101001101001,
0000000000000000,
0000110110001100,
0000000000000000,
0011000110111101,
0000000000000000,
1000001010101111,
0000000000000000,
0010101011111110,
0000000000000000,
1000101111001011,
0000000000000000,
1011110111010100,
0000000000000000,
1000101111110110,
0000000000000000,
1000111110100101,
0000000000000000,
1110000001010110,
0000000000000000,
1011011100010100,
0000000000000000,
0101111110110110,
0000000000000000,
0000101000100011,
0000000000000000,
0111100001010110,
0000000000000000,
1100000110111110,
0000000000000000,
1010100100000101,
0000000000000000,
1001010111101001,
0000000000000000,
0100011110111000,
0000000000000000,
1100101011011010,
0000000000000000,
0000010000001111,
0000000000000000,
0001001001110000,
0000000000000000,
1000000101100011,
0000000000000000,
1111010010101011,
0000000000000000,
0110110001000010,
0000000000000000,
1110100000100010,
0000000000000000,
0110100001000110,
0000000000000000,
1110110010101001,
0000000000000000,
0111010101000101,
0000000000000000,
0000001000010101,
0000000000000000,
1001001100010100,
0000000000000000,
0010100000111100,
0000000000000000,
1100000110000111,
0000000000000000,
0101111011110001,
0000000000000000,
0000000001110100,
0000000000000000,
1010011000001010,
0000000000000000,
0100111110101110,
0000000000000000,
1111110101011011,
0000000000000000,
1010111100001011,
0000000000000000,
0110010010111001,
0000000000000000,
0001111001100000,
0000000000000000,
1101101111111010,
0000000000000000,
1001110110000010,
0000000000000000,
0110001011110010,
0000000000000000,
0010110001000101,
0000000000000000,
1111100101110111,
0000000000000000,
1100101010000000,
0000000000000000,
1001111101011101,
0000000000000000,
0111100000000111,
0000000000000000,
0101010001111010,
0000000000000000,
0011010010110001,
0000000000000000,
0001100010100101,
0000000000000000,
0000000001010001,
0000000000000000,
1110101110110010,
0000000000000000,
1101101011000000,
0000000000000000,
1100110101110111,
0000000000000000,
1100001111010001,
0000000000000000,
1011110111001010,
0000000000000000,
1011101101011101,
0000000000000000,
1011110010000011,
0000000000000000,
1100000100111000,
0000000000000000,
1100100101110110,
0000000000000000,
1101010100111001,
0000000000000000,
1110010001111011,
0000000000000000,
1111011100111000,
0000000000000000,
0000110101101001,
0000000000000000,
0010011100001010,
0000000000000000,
0100010000010111,
0000000000000000,
0110010010001001,
0000000000000000,
1000100001011011,
0000000000000000,
1010111110001001,
0000000000000000,
1101101000001110,
0000000000000000,
0000011111100100,
0000000000000000,
0011100100000111,
0000000000000000,
0110110101110010,
0000000000000000,
1010010100011111,
0000000000000000,
1110000000001001,
0000000000000000,
0001111000101101,
0000000000000000,
0101111110000100,
0000000000000000,
1010010000001001,
0000000000000000,
1110101110111001,
0000000000000000,
0011011010001110,
0000000000000000,
1000010010000011,
0000000000000000,
1101010110010100,
0000000000000000,
0010100110111011,
0000000000000000,
1000000011110011,
0000000000000000,
1101101100111001,
0000000000000000,
0011100010000111,
0000000000000000,
1001100011011000,
0000000000000000,
1111110000101000,
0000000000000000,
0110001001110010,
0000000000000000,
1100101110110001,
0000000000000000,
0011011111100000,
0000000000000000,
1010011011111100,
0000000000000000,
0001100011111111,
0000000000000000,
1000110111100100,
0000000000000000,
0000010110100111,
0000000000000000,
1000000001000100,
0000000000000000,
1111110110110101,
0000000000000000,
0111110111110111,
0000000000000000,
0000000100000101,
0000000000000000,
1000011011011010,
0000000000000000,
0000111101110001,
0000000000000000,
1001101011000111,
0000000000000000,
0010100011010110,
0000000000000000,
1011100110011011,
0000000000000000,
0100110100010001,
0000000000000000,
1110001100110011,
0000000000000000,
0111101111111110,
0000000000000000,
0001011101101100,
0000000000000000,
1011010101111010,
0000000000000000,
0101011000100010,
0000000000000000,
1111100101100010,
0000000000000000,
1001111100110100,
0000000000000000,
0100011110010100,
0000000000000000,
1111001001111111,
0000000000000000,
1001111111101111,
0000000000000000,
0100111111100000,
0000000000000000,
0000001001001111,
0000000000000000,
1011011100111000,
0000000000000000,
0110111010010101,
0000000000000000,
0010100001100011,
0000000000000000,
1110010010011110,
0000000000000000,
1010001101000010,
0000000000000000,
0110010001001011,
0000000000000000,
0010011110110100,
0000000000000000,
1110110101111010,
0000000000000000,
1011010110011000,
0000000000000000,
1000000000001011,
0000000000000000,
0100110011001111,
0000000000000000,
0001101111011111,
0000000000000000,
1110110100111000,
0000000000000000,
1100000011010110,
0000000000000000,
1001011010110101,
0000000000000000,
0110111011010001,
0000000000000000,
0100100100100111,
0000000000000000,
0010010110110001,
0000000000000000,
0000010001101110,
0000000000000000,
1110010101011000,
0000000000000000,
1100100001101100,
0000000000000000,
1010110110100111,
0000000000000000,
1001010100000100,
0000000000000000,
0111111010000000,
0000000000000000,
0110101000010111,
0000000000000000,
0101011111000110,
0000000000000000,
0100011110001000,
0000000000000000,
0011100101011011,
0000000000000000,
0010110100111010,
0000000000000000,
0010001100100011,
0000000000000000,
0001101100010000,
0000000000000000,
0001010100000000,
0000000000000000,
0001000011101110,
0000000000000000,
0000111011010111,
0000000000000000,
0000111010110111,
0000000000000000,
0001000010001100,
0000000000000000,
0001010001010000,
0000000000000000,
0001101000000010,
0000000000000000,
0010000110011101,
0000000000000000,
0010101100011110,
0000000000000000,
0011011010000010,
0000000000000000,
0100001111000110,
0000000000000000,
0101001011100101,
0000000000000000,
0110001111011110,
0000000000000000,
0111011010101011,
0000000000000000,
1000101101001011,
0000000000000000,
1010000110111010,
0000000000000000,
1011100111110101,
0000000000000000,
1101001111111000,
0000000000000000,
1110111111000000,
0000000000000000,
0000110101001010,
0000000000000000,
0010110010010100,
0000000000000000,
0100110110011000,
0000000000000000,
0111000001010110,
0000000000000000,
1001010011001001,
0000000000000000,
1011101011101110,
0000000000000000,
1110001011000011,
0000000000000000,
0000110001000011,
0000000000000000,
0011011101101101,
0000000000000000,
0110010000111110,
0000000000000000,
1001001010110001,
0000000000000000,
1100001011000100,
0000000000000000,
1111010001110101,
0000000000000000,
0010011111000000,
0000000000000000,
0101110010100010,
0000000000000000,
1001001100011001,
0000000000000000,
1100101100100001,
0000000000000000,
0000010010110111,
0000000000000000,
0011111111011010,
0000000000000000,
0111110010000101,
0000000000000000,
1011101010110110,
0000000000000000,
1111101001101011,
0000000000000000,
0011101110100000,
0000000000000000,
0111111001010011,
0000000000000000,
1100001010000000,
0000000000000000,
0000100000100110,
0000000000000000,
0100111101000010,
0000000000000000,
1001011111010000,
0000000000000000,
1110000111001110,
0000000000000000,
0010110100111001,
0000000000000000,
0111101000010000,
0000000000000000,
1100100001001110,
0000000000000000,
0001011111110010,
0000000000000000,
0110100011111000,
0000000000000000,
1011101101011111,
0000000000000000,
0000111100100100,
0000000000000000,
0110010001000011,
0000000000000000,
1011101010111100,
0000000000000000,
0001001010001010,
0000000000000000,
0110101110101100,
0000000000000000,
1100011000011111,
0000000000000000,
0010000111100000,
0000000000000000,
0111111011101110,
0000000000000000,
1101110101000101,
0000000000000000,
0011110011100011,
0000000000000000,
1001110111000111,
0000000000000000,
1111111111101100,
0000000000000000,
0110001101010010,
0000000000000000,
1100011111110101,
0000000000000000,
0010110111010100,
0000000000000000,
1001010011101100,
0000000000000000,
1111110100111010,
0000000000000000,
0110011010111101,
0000000000000000,
1101000101110010,
0000000000000000,
0011110101010110,
0000000000000000,
1010101001101000,
0000000000000000,
0001100010100101,
0000000000000000,
1000100000001100,
0000000000000000,
1111100010011001,
0000000000000000,
0110101001001011,
0000000000000000,
1101110100011111,
0000000000000000,
0101000100010100,
0000000000000000,
1100011000100110,
0000000000000000,
0011110001010101,
0000000000000000,
1011001110011101,
0000000000000000,
0010101111111101,
0000000000000000,
1010010101110011,
0000000000000000,
0001111111111100,
0000000000000000,
1001101110010111,
0000000000000000,
0001100001000001,
0000000000000000,
1001010111111001,
0000000000000000,
0001010010111011,
0000000000000000,
1001010010000111,
0000000000000000,
0001010101011011,
0000000000000000,
1001011100110011,
0000000000000000,
0001101000001111,
0000000000000000,
1001110111101101,
0000000000000000,
0010001011001010,
0000000000000000,
1010100010100100,
0000000000000000,
0010111101111010,
0000000000000000,
1011011101001001,
0000000000000000,
0100000000010000,
0000000000000000,
1100100111001101,
0000000000000000,
0101010001111110,
0000000000000000,
1110000000100010,
0000000000000000,
0110110010110101,
0000000000000000,
1111101000110111,
0000000000000000,
1000100010100110,
0000000000000000,
0001011111111111,
0000000000000000,
1010100001000001,
0000000000000000,
0011100101101011,
0000000000000000,
1100101101111010,
0000000000000000,
0101111001101101,
0000000000000000,
1111001001000010,
0000000000000000,
1000011011110111,
0000000000000000,
0001110010001011,
0000000000000000,
1011001011111011,
0000000000000000,
0100101001000111,
0000000000000000,
1110001001101100,
0000000000000000,
0111101101101001,
0000000000000000,
0001010100111100,
0000000000000000,
1010111111100011,
0000000000000000,
0100101101011101,
0000000000000000,
1110011110101000,
0000000000000000,
1000010011000011,
0000000000000000,
0010001010101100,
0000000000000000,
1100000101100001,
0000000000000000,
0110000011100001,
0000000000000000,
0000000100101011,
0000000000000000,
1010001000111100,
0000000000000000,
0100010000010011,
0000000000000000,
1110011010101110,
0000000000000000,
1000101000001101,
0000000000000000,
0010111000101101,
0000000000000000,
1101001100001110,
0000000000000000,
0111100010101100,
0000000000000000,
0001111100001000,
0000000000000000,
1100011000100000,
0000000000000000,
0110110111110001,
0000000000000000,
0001011001111100,
0000000000000000,
1011111110111101,
0000000000000000,
0110100110110100,
0000000000000000,
0001010001100000,
0000000000000000,
1011111110111111,
0000000000000000,
0110101111001111,
0000000000000000,
0001100010010000,
0000000000000000,
1100010111111111,
0000000000000000,
0111010000011100,
0000000000000000,
0010001011100100,
0000000000000000,
1101001001011000,
0000000000000000,
1000001001110101,
0000000000000000,
0011001100111010,
0000000000000000,
1110010010100110,
0000000000000000,
1001011010110111,
0000000000000000,
0100100101101100,
0000000000000000,
1111110011000100,
0000000000000000,
1011000010111110,
0000000000000000,
0110010101011000,
0000000000000000,
0001101010010001,
0000000000000000,
1101000001101000,
0000000000000000,
1000011011011011,
0000000000000000,
0011110111101010,
0000000000000000,
1111010110010011,
0000000000000000,
1010110111010100,
0000000000000000,
0110011010101110,
0000000000000000,
0010000000011101,
0000000000000000,
1101101000100010,
0000000000000000,
1001010010111011,
0000000000000000,
0100111111100111,
0000000000000000,
0000101110100101,
0000000000000000,
1100011111110011,
0000000000000000,
1000010011010001,
0000000000000000,
0100001000111100,
0000000000000000,
0000000000110110,
0000000000000000,
1011111010111011,
0000000000000000,
0111110111001011,
0000000000000000,
0011110101100101,
0000000000000000,
1111110110000111,
0000000000000000,
1011111000110001,
0000000000000000,
0111111101100010,
0000000000000000,
0100000100011001,
0000000000000000,
0000001101010011,
0000000000000000,
1100011000010001,
0000000000000000,
1000100101010010,
0000000000000000,
0100110100010011,
0000000000000000,
0001000101010101,
0000000000000000,
1101011000010110,
0000000000000000,
1001101101010110,
0000000000000000,
0110000100010010,
0000000000000000,
0010011101001011,
0000000000000000,
1110110111111111,
0000000000000000,
1011010100101101,
0000000000000000,
0111110011010100,
0000000000000000,
0100010011110100,
0000000000000000,
0000110110001011,
0000000000000000,
1101011010011000,
0000000000000000,
1010000000011010,
0000000000000000,
0110101000010001,
0000000000000000,
0011010001111100,
0000000000000000,
1111111101011001,
0000000000000000,
1100101010101000,
0000000000000000,
1001011001100111,
0000000000000000,
0110001010010111,
0000000000000000,
0010111100110101,
0000000000000000,
1111110001000001,
0000000000000000,
1100100110111010,
0000000000000000,
1001011110100000,
0000000000000000,
0110010111110001,
0000000000000000,
0011010010101101,
0000000000000000,
0000001111010010,
0000000000000000,
1101001101100000,
0000000000000000,
1010001101010110,
0000000000000000,
0111001110110011,
0000000000000000,
0100010001110110,
0000000000000000,
0001010110011111,
0000000000000000,
1110011100101101,
0000000000000000,
1011100100011110,
0000000000000000,
1000101101110010,
0000000000000000,
0101111000101001,
0000000000000000,
0011000101000001,
0000000000000000,
0000010010111001,
0000000000000000,
1101100010010010,
0000000000000000,
1010110011001001,
0000000000000000,
1000000101011111,
0000000000000000,
0101011001010010,
0000000000000000,
0010101110100010,
0000000000000000,
0000000101001110,
0000000000000000,
1101011101010110,
0000000000000000,
1010110110110111,
0000000000000000,
1000010001110011,
0000000000000000,
0101101110001000,
0000000000000000,
0011001011110100,
0000000000000000,
0000101010111001,
0000000000000000,
1110001011010100,
0000000000000000,
1011101101000110,
0000000000000000,
1001010000001101,
0000000000000000,
0110110100101001,
0000000000000000,
0100011010011001,
0000000000000000,
0010000001011100,
0000000000000000,
1111101001110010,
0000000000000000,
1101010011011010,
0000000000000000,
1010111110010011,
0000000000000000,
1000101010011101,
0000000000000000,
0110010111110111,
0000000000000000,
0100000110100001,
0000000000000000,
0001110110011001,
0000000000000000,
1111100111011111,
0000000000000000,
1101011001110011,
0000000000000000,
1011001101010011,
0000000000000000,
1001000010000000,
0000000000000000,
0110110111111000,
0000000000000000,
0100101110111011,
0000000000000000,
0010100111001001,
0000000000000000,
0000100000100000,
0000000000000000,
1110011011000000,
0000000000000000,
1100010110101001,
0000000000000000,
1010010011011001,
0000000000000000,
1000010001010001,
0000000000000000,
0110010000010000,
0000000000000000,
0100010000010101,
0000000000000000,
0010010001011111,
0000000000000000,
0000010011101110,
0000000000000000,
1110010111000010,
0000000000000000,
1100011011011010,
0000000000000000,
1010100000110101,
0000000000000000,
1000100111010010,
0000000000000000,
0110101110110010,
0000000000000000,
0100110111010011,
0000000000000000,
0011000000110110,
0000000000000000,
0001001011011001,
0000000000000000,
1111010110111100,
0000000000000000,
1101100011011110,
0000000000000000,
1011110001000000,
0000000000000000,
1001111111100000,
0000000000000000,
1000001110111110,
0000000000000000,
0110011111011001,
0000000000000000,
0100110000110001,
0000000000000000,
0011000011000110,
0000000000000000,
0001010110010110,
0000000000000000,
1111101010100010,
0000000000000000,
1101111111101001,
0000000000000000,
1100010101101010,
0000000000000000,
1010101100100101,
0000000000000000,
1001000100011010,
0000000000000000,
0111011101000111,
0000000000000000,
0101110110101110,
0000000000000000,
0100010001001100,
0000000000000000,
0010101100100001,
0000000000000000,
0001001000101110,
0000000000000000,
1111100101110001,
0000000000000000,
1110000011101011,
0000000000000000,
1100100010011010,
0000000000000000,
1011000001111111,
0000000000000000,
1001100010011000,
0000000000000000,
1000000011100110,
0000000000000000,
0110100101101000,
0000000000000000,
0101001000011101,
0000000000000000,
0011101100000110,
0000000000000000,
0010010000100001,
0000000000000000,
0000110101101110,
0000000000000000,
1111011011101110,
0000000000000000,
1110000010011110,
0000000000000000,
1100101010000000,
0000000000000000,
1011010010010010,
0000000000000000,
1001111011010100,
0000000000000000,
1000100101000111,
0000000000000000,
0111001111101000,
0000000000000000,
0101111010111001,
0000000000000000,
0100100110111000,
0000000000000000,
0011010011100101,
0000000000000000,
0010000001000001,
0000000000000000,
0000101111001001,
0000000000000000,
1111011101111111,
0000000000000000,
1110001101100001,
0000000000000000,
1100111101110000,
0000000000000000,
1011101110101010,
0000000000000000,
1010100000010001,
0000000000000000,
1001010010100010,
0000000000000000,
1000000101011110,
0000000000000000,
0110111001000101,
0000000000000000,
0101101101010101,
0000000000000000,
0100100010010000,
0000000000000000,
0011010111110100,
0000000000000000,
0010001110000001,
0000000000000000,
0001000100110111,
0000000000000000,
1111111100010101,
0000000000000000,
1110110100011011,
0000000000000000,
1101101101001000,
0000000000000000,
1100100110011110,
0000000000000000,
1011100000011010,
0000000000000000,
1010011010111101,
0000000000000000,
1001010110000110,
0000000000000000,
1000010001110101,
0000000000000000,
0111001110001010,
0000000000000000,
0110001011000101,
0000000000000000,
0101001000100100,
0000000000000000,
0100000110101001,
0000000000000000,
0011000101010001,
0000000000000000,
0010000100011110,
0000000000000000,
0001000100001111,
0000000000000000,
0000000100100011,
0000000000000000,
1111000101011011,
0000000000000000,
1110000110110110,
0000000000000000,
1101001000110011,
0000000000000000,
1100001011010011,
0000000000000000,
1011001110010100,
0000000000000000,
1010010001111000,
0000000000000000,
1001010101111101,
0000000000000000,
1000011010100011,
0000000000000000,
0111011111101010,
0000000000000000,
0110100101010010,
0000000000000000,
0101101011011010,
0000000000000000,
0100110010000010,
0000000000000000,
0011111001001010,
0000000000000000,
0011000000110010,
0000000000000000,
0010001000111001,
0000000000000000,
0001010001011111,
0000000000000000,
0000011010100100,
0000000000000000,
1111100100000111,
0000000000000000,
1110101110001001,
0000000000000000,
1101111000101000,
0000000000000000,
1101000011100101,
0000000000000000,
1100001111000000,
0000000000000000,
1011011010111000,
0000000000000000,
1010100111001101,
0000000000000000,
1001110011111111,
0000000000000000,
1001000001001101,
0000000000000000,
1000001110111000,
0000000000000000,
0111011100111110,
0000000000000000,
0110101011100000,
0000000000000000,
0101111010011110,
0000000000000000,
0101001001110111,
0000000000000000,
0100011001101011,
0000000000000000,
0011101001111010,
0000000000000000,
0010111010100100,
0000000000000000,
0010001011101000,
0000000000000000,
0001011101000110,
0000000000000000,
0000101110111110,
0000000000000000,
0000000001010000,
0000000000000000,
1111010011111011,
0000000000000000,
1110100110111111,
0000000000000000,
1101111010011101,
0000000000000000,
1101001110010011,
0000000000000000,
1100100010100011,
0000000000000000,
1011110111001010,
0000000000000000,
1011001100001010,
0000000000000000,
1010100001100001,
0000000000000000,
1001110111010001,
0000000000000000,
1001001101011000,
0000000000000000,
1000100011110111,
0000000000000000,
0111111010101100,
0000000000000000,
0111010001111001,
0000000000000000,
0110101001011101,
0000000000000000,
0110000001010111,
0000000000000000,
0101011001100111,
0000000000000000,
0100110010001110,
0000000000000000,
0100001011001011,
0000000000000000,
0011100100011101,
0000000000000000,
0010111110000110,
0000000000000000,
0010011000000011,
0000000000000000,
0001110010010110,
0000000000000000,
0001001100111111,
0000000000000000,
0000100111111100,
0000000000000000,
0000000011001101,
0000000000000000,
1111011110110100,
0000000000000000,
1110111010101110,
0000000000000000,
1110010110111101,
0000000000000000,
1101110011100000,
0000000000000000,
1101010000010111,
0000000000000000,
1100101101100010,
0000000000000000,
1100001011000000,
0000000000000000,
1011101000110001,
0000000000000000,
1011000110110110,
0000000000000000,
1010100101001110,
0000000000000000,
1010000011111000,
0000000000000000,
1001100010110101,
0000000000000000,
1001000010000101,
0000000000000000,
1000100001100111,
0000000000000000,
1000000001011100,
0000000000000000,
0111100001100010,
0000000000000000,
0111000001111010,
0000000000000000,
0110100010100100,
0000000000000000,
0110000011100000,
0000000000000000,
0101100100101101,
0000000000000000,
0101000110001100,
0000000000000000,
0100100111111011,
0000000000000000,
0100001001111100,
0000000000000000,
0011101100001101,
0000000000000000,
0011001110101111,
0000000000000000,
0010110001100010,
0000000000000000,
0010010100100101,
0000000000000000,
0001110111111001,
0000000000000000,
0001011011011100,
0000000000000000,
0000111111010000,
0000000000000000,
0000100011010011,
0000000000000000,
0000000111100111,
0000000000000000,
1111101100001001,
0000000000000000,
1111010000111100,
0000000000000000,
1110110101111101,
0000000000000000,
1110011011001110,
0000000000000000,
1110000000101110,
0000000000000000,
1101100110011100,
0000000000000000,
1101001100011010,
0000000000000000,
1100110010100110,
0000000000000000,
1100011001000001,
0000000000000000,
1011111111101010,
0000000000000000,
1011100110100001,
0000000000000000,
1011001101100111,
0000000000000000,
1010110100111011,
0000000000000000,
1010011100011100,
0000000000000000,
1010000100001100,
0000000000000000,
1001101100001001,
0000000000000000,
1001010100010011,
0000000000000000,
1000111100101011,
0000000000000000,
1000100101010001,
0000000000000000,
1000001110000011,
0000000000000000,
0111110111000011,
0000000000000000,
0111100000010000,
0000000000000000,
0111001001101010,
0000000000000000,
0110110011010000,
0000000000000000,
0110011101000011,
0000000000000000,
0110000111000010,
0000000000000000,
0101110001001110,
0000000000000000,
0101011011100111,
0000000000000000,
0101000110001011,
0000000000000000,
0100110000111100,
0000000000000000,
0100011011111001,
0000000000000000,
0100000111000001,
0000000000000000,
0011110010010110,
0000000000000000,
0011011101110110,
0000000000000000,
0011001001100001,
0000000000000000,
0010110101011001,
0000000000000000,
0010100001011011,
0000000000000000,
0010001101101001,
0000000000000000,
0001111010000010,
0000000000000000,
0001100110100110,
0000000000000000,
0001010011010101,
0000000000000000,
0001000000001111,
0000000000000000,
0000101101010100,
0000000000000000,
0000011010100100,
0000000000000000,
0000000111111110,
0000000000000000,
1111110101100011,
0000000000000000,
1111100011010010,
0000000000000000,
1111010001001011,
0000000000000000,
1110111111001111,
0000000000000000,
1110101101011101,
0000000000000000,
1110011011110101,
0000000000000000,
1110001010010111,
0000000000000000,
1101111001000011,
0000000000000000,
1101100111111001,
0000000000000000,
1101010110111000,
0000000000000000,
1101000110000010,
0000000000000000,
1100110101010100,
0000000000000000,
1100100100110000,
0000000000000000,
1100010100010110,
0000000000000000,
1100000100000101,
0000000000000000,
1011110011111101,
0000000000000000,
1011100011111110,
0000000000000000,
1011010100001001,
0000000000000000,
1011000100011100,
0000000000000000,
1010110100111000,
0000000000000000,
1010100101011101,
0000000000000000,
1010010110001011,
0000000000000000,
1010000111000010,
0000000000000000,
1001111000000001,
0000000000000000,
1001101001001001,
0000000000000000,
1001011010011001,
0000000000000000,
1001001011110001,
0000000000000000,
1000111101010010,
0000000000000000,
1000101110111011,
0000000000000000,
1000100000101101,
0000000000000000,
1000010010100110,
0000000000000000,
1000000100100111,
0000000000000000,
0111110110110001,
0000000000000000,
0111101001000010,
0000000000000000,
0111011011011011,
0000000000000000,
0111001101111100,
0000000000000000,
0111000000100100,
0000000000000000,
0110110011010100,
0000000000000000,
0110100110001100,
0000000000000000,
0110011001001011,
0000000000000000,
0110001100010001,
0000000000000000,
0101111111011111,
0000000000000000,
0101110010110100,
0000000000000000,
0101100110010001,
0000000000000000,
0101011001110100,
0000000000000000,
0101001101011111,
0000000000000000,
0101000001010000,
0000000000000000,
0100110101001001,
0000000000000000,
0100101001001000,
0000000000000000,
0100011101001111,
0000000000000000,
0100010001011100,
0000000000000000,
0100000101110000,
0000000000000000,
0011111010001010,
0000000000000000,
0011101110101011,
0000000000000000,
0011100011010011,
0000000000000000,
0011011000000001,
0000000000000000,
0011001100110110,
0000000000000000,
0011000001110001,
0000000000000000,
0010110110110010,
0000000000000000,
0010101011111010,
0000000000000000,
0010100001000111,
0000000000000000,
0010010110011011,
0000000000000000,
0010001011110101,
0000000000000000,
0010000001010101,
0000000000000000,
0001110110111011,
0000000000000000,
0001101100101000,
0000000000000000,
0001100010011001,
0000000000000000,
0001011000010001,
0000000000000000,
0001001110001111,
0000000000000000,
0001000100010010,
0000000000000000,
0000111010011011,
0000000000000000,
0000110000101010,
0000000000000000,
0000100110111110,
0000000000000000,
0000011101011000,
0000000000000000,
0000010011110111,
0000000000000000,
0000001010011100,
0000000000000000,
0000000001000110,
0000000000000000,
1111110111110101,
0000000000000000,
1111101110101010,
0000000000000000,
1111100101100100,
0000000000000000,
1111011100100011,
0000000000000000,
1111010011100111,
0000000000000000,
1111001010110001,
0000000000000000,
1111000001111111,
0000000000000000,
1110111001010011,
0000000000000000,
1110110000101011,
0000000000000000,
1110101000001000,
0000000000000000,
1110011111101011,
0000000000000000,
1110010111010010,
0000000000000000,
1110001110111110,
0000000000000000,
1110000110101111,
0000000000000000,
1101111110100100,
0000000000000000,
1101110110011110,
0000000000000000,
1101101110011101,
0000000000000000,
1101100110100000,
0000000000000000,
1101011110101000,
0000000000000000,
1101010110110101,
0000000000000000,
1101001111000110,
0000000000000000,
1101000111011011,
0000000000000000,
1100111111110101,
0000000000000000,
1100111000010011,
0000000000000000,
1100110000110101,
0000000000000000,
1100101001011100,
0000000000000000,
1100100010000111,
0000000000000000,
1100011010110110,
0000000000000000,
1100010011101010,
0000000000000000,
1100001100100001,
0000000000000000,
1100000101011101,
0000000000000000,
1011111110011100,
0000000000000000,
1011110111100000,
0000000000000000,
1011110000100111,
0000000000000000,
1011101001110011,
0000000000000000,
1011100011000010,
0000000000000000,
1011011100010110,
0000000000000000,
1011010101101101,
0000000000000000,
1011001111001000,
0000000000000000,
1011001000100111,
0000000000000000,
1011000010001001,
0000000000000000,
1010111011110000,
0000000000000000,
1010110101011010,
0000000000000000,
1010101111000111,
0000000000000000,
1010101000111000,
0000000000000000,
1010100010101101,
0000000000000000,
1010011100100110,
0000000000000000,
1010010110100001,
0000000000000000,
1010010000100001,
0000000000000000,
1010001010100100,
0000000000000000,
1010000100101010,
0000000000000000,
1001111110110011,
0000000000000000,
1001111001000000,
0000000000000000,
1001110011010001,
0000000000000000,
1001101101100100,
0000000000000000,
1001100111111011,
0000000000000000,
1001100010010101,
0000000000000000,
1001011100110011,
0000000000000000,
1001010111010011,
0000000000000000,
1001010001110111,
0000000000000000,
1001001100011110,
0000000000000000,
1001000111001000,
0000000000000000,
1001000001110101,
0000000000000000,
1000111100100101,
0000000000000000,
1000110111011000,
0000000000000000,
1000110010001110,
0000000000000000,
1000101101000111,
0000000000000000,
1000101000000011,
0000000000000000,
1000100011000010,
0000000000000000,
1000011110000100,
0000000000000000,
1000011001001001,
0000000000000000,
1000010100010000,
0000000000000000,
1000001111011011,
0000000000000000,
1000001010101000,
0000000000000000,
1000000101111000,
0000000000000000,
1000000001001010,
0000000000000000,
0111111100100000,
0000000000000000,
0111110111111000,
0000000000000000,
0111110011010011,
0000000000000000,
0111101110110000,
0000000000000000,
0111101010010000,
0000000000000000,
0111100101110011,
0000000000000000,
0111100001011000,
0000000000000000,
0111011100111111,
0000000000000000,
0111011000101010,
0000000000000000,
0111010100010110,
0000000000000000,
0111010000000110,
0000000000000000,
0111001011110111,
0000000000000000,
0111000111101011,
0000000000000000,
0111000011100010,
0000000000000000,
0110111111011011,
0000000000000000,
0110111011010110,
0000000000000000,
0110110111010100,
0000000000000000,
0110110011010100,
0000000000000000,
0110101111010110,
0000000000000000,
0110101011011011,
0000000000000000,
0110100111100010,
0000000000000000,
0110100011101011,
0000000000000000,
0110011111110110,
0000000000000000,
0110011100000100,
0000000000000000,
0110011000010011,
0000000000000000,
0110010100100101,
0000000000000000,
0110010000111001,
0000000000000000,
0110001101001111,
0000000000000000,
0110001001101000,
0000000000000000,
0110000110000010,
0000000000000000,
0110000010011111,
0000000000000000,
0101111110111101,
0000000000000000,
0101111011011110,
0000000000000000,
0101111000000000,
0000000000000000,
0101110100100101,
0000000000000000,
0101110001001100,
0000000000000000,
0101101101110100,
0000000000000000,
0101101010011111,
0000000000000000,
0101100111001011,
0000000000000000,
0101100011111001,
0000000000000000,
0101100000101010,
0000000000000000,
0101011101011100,
0000000000000000,
0101011010010000,
0000000000000000,
0101010111000101,
0000000000000000,
0101010011111101,
0000000000000000,
0101010000110111,
0000000000000000,
0101001101110010,
0000000000000000,
0101001010101111,
0000000000000000,
0101000111101110,
0000000000000000,
0101000100101110,
0000000000000000,
0101000001110001,
0000000000000000,
0100111110110101,
0000000000000000,
0100111011111010,
0000000000000000,
0100111001000010,
0000000000000000,
0100110110001011,
0000000000000000,
0100110011010101,
0000000000000000,
0100110000100010,
0000000000000000,
0100101101110000,
0000000000000000,
0100101010111111,
0000000000000000,
0100101000010001,
0000000000000000,
0100100101100011,
0000000000000000,
0100100010111000,
0000000000000000,
0100100000001110,
0000000000000000,
0100011101100101,
0000000000000000,
0100011010111110,
0000000000000000,
0100011000011001,
0000000000000000,
0100010101110101,
0000000000000000,
0100010011010010,
0000000000000000,
0100010000110001,
0000000000000000,
0100001110010001,
0000000000000000,
0100001011110011,
0000000000000000,
0100001001010111,
0000000000000000,
0100000110111011,
0000000000000000,
0100000100100001,
0000000000000000,
0100000010001001,
0000000000000000,
0011111111110010,
0000000000000000,
0011111101011100,
0000000000000000,
0011111011001000,
0000000000000000,
0011111000110101,
0000000000000000,
0011110110100011,
0000000000000000,
0011110100010011,
0000000000000000,
0011110010000100,
0000000000000000,
0011101111110110,
0000000000000000,
0011101101101010,
0000000000000000,
0011101011011110,
0000000000000000,
0011101001010100,
0000000000000000,
0011100111001100,
0000000000000000,
0011100101000100,
0000000000000000,
0011100010111110,
0000000000000000,
0011100000111001,
0000000000000000,
0011011110110101,
0000000000000000,
0011011100110011,
0000000000000000,
0011011010110001,
0000000000000000,
0011011000110001,
0000000000000000,
0011010110110010,
0000000000000000,
0011010100110100,
0000000000000000,
0011010010111000,
0000000000000000,
0011010000111100,
0000000000000000,
0011001111000001,
0000000000000000,
0011001101001000,
0000000000000000,
0011001011010000,
0000000000000000,
0011001001011001,
0000000000000000,
0011000111100011,
0000000000000000,
0011000101101101,
0000000000000000,
0011000011111010,
0000000000000000,
0011000010000111,
0000000000000000,
0011000000010101,
0000000000000000,
0010111110100100,
0000000000000000,
0010111100110100,
0000000000000000,
0010111011000101,
0000000000000000,
0010111001011000,
0000000000000000,
0010110111101011,
0000000000000000,
0010110101111111,
0000000000000000,
0010110100010100,
0000000000000000,
0010110010101010,
0000000000000000,
0010110001000010,
0000000000000000,
0010101111011010,
0000000000000000,
0010101101110011,
0000000000000000,
0010101100001101,
0000000000000000,
0010101010101000,
0000000000000000,
0010101001000011,
0000000000000000,
0010100111100000,
0000000000000000,
0010100101111110,
0000000000000000,
0010100100011100,
0000000000000000,
0010100010111100,
0000000000000000,
0010100001011100,
0000000000000000,
0010011111111101,
0000000000000000,
0010011110011111,
0000000000000000,
0010011101000010,
0000000000000000,
0010011011100110,
0000000000000000,
0010011010001011,
0000000000000000,
0010011000110000,
0000000000000000,
0010010111010110,
0000000000000000,
0010010101111101,
0000000000000000,
0010010100100101,
0000000000000000,
0010010011001110,
0000000000000000,
0010010001110111,
0000000000000000,
0010010000100010,
0000000000000000,
0010001111001101,
0000000000000000,
0010001101111000,
0000000000000000,
0010001100100101,
0000000000000000,
0010001011010010,
0000000000000000,
0010001010000000,
0000000000000000,
0010001000101111,
0000000000000000,
0010000111011111,
0000000000000000,
0010000110001111,
0000000000000000,
0010000101000000,
0000000000000000,
0010000011110010,
0000000000000000,
0010000010100101,
0000000000000000,
0010000001011000,
0000000000000000,
0010000000001100,
0000000000000000,
0001111111000000,
0000000000000000,
0001111101110110,
0000000000000000,
0001111100101100,
0000000000000000,
0001111011100010,
0000000000000000,
0001111010011001,
0000000000000000,
0001111001010001,
0000000000000000,
0001111000001010,
0000000000000000,
0001110111000011,
0000000000000000,
0001110101111101,
0000000000000000,
0001110100111000,
0000000000000000,
0001110011110011,
0000000000000000,
0001110010101111,
0000000000000000,
0001110001101011,
0000000000000000,
0001110000101000,
0000000000000000,
0001101111100110,
0000000000000000,
0001101110100100,
0000000000000000,
0001101101100011,
0000000000000000,
0001101100100011,
0000000000000000,
0001101011100011,
0000000000000000,
0001101010100011,
0000000000000000,
0001101001100101,
0000000000000000,
0001101000100110,
0000000000000000,
0001100111101001,
0000000000000000,
0001100110101100,
0000000000000000,
0001100101101111,
0000000000000000,
0001100100110011,
0000000000000000,
0001100011111000,
0000000000000000,
0001100010111101,
0000000000000000,
0001100010000011,
0000000000000000,
0001100001001001,
0000000000000000,
0001100000010000,
0000000000000000,
0001011111010111,
0000000000000000,
0001011110011111,
0000000000000000,
0001011101100111,
0000000000000000,
0001011100110000,
0000000000000000,
0001011011111001,
0000000000000000,
0001011011000011,
0000000000000000,
0001011010001101,
0000000000000000,
0001011001011000,
0000000000000000,
0001011000100100,
0000000000000000,
0001010111101111,
0000000000000000,
0001010110111100,
0000000000000000,
0001010110001000,
0000000000000000,
0001010101010101,
0000000000000000,
0001010100100011,
0000000000000000,
0001010011110001,
0000000000000000,
0001010011000000,
0000000000000000,
0001010010001111,
0000000000000000,
0001010001011110,
0000000000000000,
0001010000101110,
0000000000000000,
0001001111111111,
0000000000000000,
0001001111001111,
0000000000000000,
0001001110100001,
0000000000000000,
0001001101110010,
0000000000000000,
0001001101000100,
0000000000000000,
0001001100010111,
0000000000000000,
0001001011101010,
0000000000000000,
0001001010111101,
0000000000000000,
0001001010010001,
0000000000000000,
0001001001100101,
0000000000000000,
0001001000111010,
0000000000000000,
0001001000001111,
0000000000000000,
0001000111100100,
0000000000000000,
0001000110111010,
0000000000000000,
0001000110010000,
0000000000000000,
0001000101100110,
0000000000000000,
0001000100111101,
0000000000000000,
0001000100010101,
0000000000000000,
0001000011101100,
0000000000000000,
0001000011000100,
0000000000000000,
0001000010011101,
0000000000000000,
0001000001110101,
0000000000000000,
0001000001001110,
0000000000000000,
0001000000101000,
0000000000000000,
0001000000000010,
0000000000000000,
0000111111011100,
0000000000000000,
0000111110110110,
0000000000000000,
0000111110010001,
0000000000000000,
0000111101101100,
0000000000000000,
0000111101001000,
0000000000000000,
0000111100100100,
0000000000000000,
0000111100000000,
0000000000000000,
0000111011011101,
0000000000000000,
0000111010111001,
0000000000000000,
0000111010010111,
0000000000000000,
0000111001110100,
0000000000000000,
0000111001010010,
0000000000000000,
0000111000110000,
0000000000000000,
0000111000001110,
0000000000000000,
0000110111101101,
0000000000000000,
0000110111001100,
0000000000000000,
0000110110101100,
0000000000000000,
0000110110001011,
0000000000000000,
0000110101101011,
0000000000000000,
0000110101001011,
0000000000000000,
0000110100101100,
0000000000000000,
0000110100001101,
0000000000000000,
0000110011101110,
0000000000000000,
0000110011001111,
0000000000000000,
0000110010110001,
0000000000000000,
0000110010010011,
0000000000000000,
0000110001110101,
0000000000000000,
0000110001011000,
0000000000000000,
0000110000111011,
0000000000000000,
0000110000011110,
0000000000000000,
0000110000000001,
0000000000000000,
0000101111100100,
0000000000000000,
0000101111001000,
0000000000000000,
0000101110101100,
0000000000000000,
0000101110010001,
0000000000000000,
0000101101110101,
0000000000000000,
0000101101011010,
0000000000000000,
0000101100111111,
0000000000000000,
0000101100100101,
0000000000000000,
0000101100001010,
0000000000000000,
0000101011110000,
0000000000000000,
0000101011010110,
0000000000000000,
0000101010111101,
0000000000000000,
0000101010100011,
0000000000000000,
0000101010001010,
0000000000000000,
0000101001110001,
0000000000000000,
0000101001011000,
0000000000000000,
0000101001000000,
0000000000000000,
0000101000100111,
0000000000000000,
0000101000001111,
0000000000000000,
0000100111110111,
0000000000000000,
0000100111100000,
0000000000000000,
0000100111001000,
0000000000000000,
0000100110110001,
0000000000000000,
0000100110011010,
0000000000000000,
0000100110000100,
0000000000000000,
0000100101101101,
0000000000000000,
0000100101010111,
0000000000000000,
0000100101000000,
0000000000000000,
0000100100101011,
0000000000000000,
0000100100010101,
0000000000000000,
0000100011111111,
0000000000000000,
0000100011101010,
0000000000000000,
0000100011010101,
0000000000000000,
0000100011000000,
0000000000000000,
0000100010101011,
0000000000000000,
0000100010010111,
0000000000000000,
0000100010000010,
0000000000000000,
0000100001101110,
0000000000000000,
0000100001011010,
0000000000000000,
0000100001000110,
0000000000000000,
0000100000110011,
0000000000000000,
0000100000011111,
0000000000000000,
0000100000001100,
0000000000000000,
0000011111111001,
0000000000000000,
0000011111100110,
0000000000000000,
0000011111010011,
0000000000000000,
0000011111000000,
0000000000000000,
0000011110101110,
0000000000000000,
0000011110011100,
0000000000000000,
0000011110001010,
0000000000000000,
0000011101111000,
0000000000000000,
0000011101100110,
0000000000000000,
0000011101010101,
0000000000000000,
0000011101000011,
0000000000000000,
0000011100110010,
0000000000000000,
0000011100100001,
0000000000000000,
0000011100010000,
0000000000000000,
0000011011111111,
0000000000000000,
0000011011101111,
0000000000000000,
0000011011011110,
0000000000000000,
0000011011001110,
0000000000000000,
0000011010111110,
0000000000000000,
0000011010101110,
0000000000000000,
0000011010011110,
0000000000000000,
0000011010001110,
0000000000000000,
0000011001111110,
0000000000000000,
0000011001101111,
0000000000000000,
0000011001100000,
0000000000000000,
0000011001010001,
0000000000000000,
0000011001000010,
0000000000000000,
0000011000110011,
0000000000000000,
0000011000100100,
0000000000000000,
0000011000010101,
0000000000000000,
0000011000000111,
0000000000000000,
0000010111111001,
0000000000000000,
0000010111101010,
0000000000000000,
0000010111011100,
0000000000000000,
0000010111001110,
0000000000000000,
0000010111000001,
0000000000000000,
0000010110110011,
0000000000000000,
0000010110100101,
0000000000000000,
0000010110011000,
0000000000000000,
0000010110001011,
0000000000000000,
0000010101111110,
0000000000000000,
0000010101110000,
0000000000000000,
0000010101100100,
0000000000000000,
0000010101010111,
0000000000000000,
0000010101001010,
0000000000000000,
0000010100111101,
0000000000000000,
0000010100110001,
0000000000000000,
0000010100100101,
0000000000000000,
0000010100011000,
0000000000000000,
0000010100001100,
0000000000000000,
0000010100000000,
0000000000000000,
0000010011110100,
0000000000000000,
0000010011101001,
0000000000000000,
0000010011011101,
0000000000000000,
0000010011010001,
0000000000000000,
0000010011000110,
0000000000000000,
0000010010111011,
0000000000000000,
0000010010101111,
0000000000000000,
0000010010100100,
0000000000000000,
0000010010011001,
0000000000000000,
0000010010001110,
0000000000000000,
0000010010000011,
0000000000000000,
0000010001111001,
0000000000000000,
0000010001101110,
0000000000000000,
0000010001100011,
0000000000000000,
0000010001011001,
0000000000000000,
0000010001001111,
0000000000000000,
0000010001000100,
0000000000000000,
0000010000111010,
0000000000000000,
0000010000110000,
0000000000000000,
0000010000100110,
0000000000000000,
0000010000011100,
0000000000000000,
0000010000010010,
0000000000000000,
0000010000001001,
0000000000000000,
0000001111111111,
0000000000000000,
0000001111110110,
0000000000000000,
0000001111101100,
0000000000000000,
0000001111100011,
0000000000000000,
0000001111011010,
0000000000000000,
0000001111010000,
0000000000000000,
0000001111000111,
0000000000000000,
0000001110111110,
0000000000000000,
0000001110110101,
0000000000000000,
0000001110101101,
0000000000000000,
0000001110100100,
0000000000000000,
0000001110011011,
0000000000000000,
0000001110010011,
0000000000000000,
0000001110001010,
0000000000000000,
0000001110000010,
0000000000000000,
0000001101111001,
0000000000000000,
0000001101110001,
0000000000000000,
0000001101101001,
0000000000000000,
0000001101100001,
0000000000000000,
0000001101011001,
0000000000000000,
0000001101010001,
0000000000000000,
0000001101001001,
0000000000000000,
0000001101000001,
0000000000000000,
0000001100111001,
0000000000000000,
0000001100110001,
0000000000000000,
0000001100101010,
0000000000000000,
0000001100100010,
0000000000000000,
0000001100011011,
0000000000000000,
0000001100010011,
0000000000000000,
0000001100001100,
0000000000000000,
0000001100000101,
0000000000000000,
0000001011111110,
0000000000000000,
0000001011110110,
0000000000000000,
0000001011101111,
0000000000000000,
0000001011101000,
0000000000000000,
0000001011100001,
0000000000000000,
0000001011011011,
0000000000000000,
0000001011010100,
0000000000000000,
0000001011001101,
0000000000000000,
0000001011000110,
0000000000000000,
0000001011000000,
0000000000000000,
0000001010111001,
0000000000000000,
0000001010110011,
0000000000000000,
0000001010101100,
0000000000000000,
0000001010100110,
0000000000000000,
0000001010100000,
0000000000000000,
0000001010011001,
0000000000000000,
0000001010010011,
0000000000000000,
0000001010001101,
0000000000000000,
0000001010000111,
0000000000000000,
0000001010000001,
0000000000000000,
0000001001111011,
0000000000000000,
0000001001110101,
0000000000000000,
0000001001101111,
0000000000000000,
0000001001101001,
0000000000000000,
0000001001100100,
0000000000000000,
0000001001011110,
0000000000000000,
0000001001011000,
0000000000000000,
0000001001010011,
0000000000000000,
0000001001001101,
0000000000000000,
0000001001001000,
0000000000000000,
0000001001000010,
0000000000000000,
0000001000111101,
0000000000000000,
0000001000110111,
0000000000000000,
0000001000110010,
0000000000000000,
0000001000101101,
0000000000000000,
0000001000101000,
0000000000000000,
0000001000100010,
0000000000000000,
0000001000011101,
0000000000000000,
0000001000011000,
0000000000000000,
0000001000010011,
0000000000000000,
0000001000001110,
0000000000000000,
0000001000001001,
0000000000000000,
0000001000000101,
0000000000000000,
0000001000000000,
0000000000000000,
0000000111111011,
0000000000000000,
0000000111110110,
0000000000000000,
0000000111110010,
0000000000000000,
0000000111101101,
0000000000000000,
0000000111101000,
0000000000000000,
0000000111100100,
0000000000000000,
0000000111011111,
0000000000000000,
0000000111011011,
0000000000000000,
0000000111010110,
0000000000000000,
0000000111010010,
0000000000000000,
0000000111001110,
0000000000000000,
0000000111001001,
0000000000000000,
0000000111000101,
0000000000000000,
0000000111000001,
0000000000000000,
0000000110111101,
0000000000000000,
0000000110111000,
0000000000000000,
0000000110110100,
0000000000000000,
0000000110110000,
0000000000000000,
0000000110101100,
0000000000000000,
0000000110101000,
0000000000000000,
0000000110100100,
0000000000000000,
0000000110100000,
0000000000000000,
0000000110011100,
0000000000000000,
0000000110011001,
0000000000000000,
0000000110010101,
0000000000000000,
0000000110010001,
0000000000000000,
0000000110001101,
0000000000000000,
0000000110001010,
0000000000000000,
0000000110000110,
0000000000000000,
0000000110000010,
0000000000000000,
0000000101111111,
0000000000000000,
0000000101111011,
0000000000000000,
0000000101110111,
0000000000000000,
0000000101110100,
0000000000000000,
0000000101110001,
0000000000000000,
0000000101101101,
0000000000000000,
0000000101101010,
0000000000000000,
0000000101100110,
0000000000000000,
0000000101100011,
0000000000000000,
0000000101100000,
0000000000000000,
0000000101011100,
0000000000000000,
0000000101011001,
0000000000000000,
0000000101010110,
0000000000000000,
0000000101010011,
0000000000000000,
0000000101001111,
0000000000000000,
0000000101001100,
0000000000000000,
0000000101001001,
0000000000000000,
0000000101000110,
0000000000000000,
0000000101000011,
0000000000000000,
0000000101000000,
0000000000000000,
0000000100111101,
0000000000000000,
0000000100111010,
0000000000000000,
0000000100110111,
0000000000000000,
0000000100110100,
0000000000000000,
0000000100110001,
0000000000000000,
0000000100101111,
0000000000000000,
0000000100101100,
0000000000000000,
0000000100101001,
0000000000000000,
0000000100100110,
0000000000000000,
0000000100100011,
0000000000000000,
0000000100100001,
0000000000000000,
0000000100011110,
0000000000000000,
0000000100011011,
0000000000000000,
0000000100011001,
0000000000000000,
0000000100010110,
0000000000000000,
0000000100010011,
0000000000000000,
0000000100010001,
0000000000000000,
0000000100001110,
0000000000000000,
0000000100001100,
0000000000000000,
0000000100001001,
0000000000000000,
0000000100000111,
0000000000000000,
0000000100000100,
0000000000000000,
0000000100000010,
0000000000000000,
0000000011111111,
0000000000000000,
0000000011111101,
0000000000000000,
0000000011111011,
0000000000000000,
0000000011111000,
0000000000000000,
0000000011110110,
0000000000000000,
0000000011110100,
0000000000000000,
0000000011110001,
0000000000000000,
0000000011101111,
0000000000000000,
0000000011101101,
0000000000000000,
0000000011101011,
0000000000000000,
0000000011101001,
0000000000000000,
0000000011100110,
0000000000000000,
0000000011100100,
0000000000000000,
0000000011100010,
0000000000000000,
0000000011100000,
0000000000000000,
0000000011011110,
0000000000000000,
0000000011011100,
0000000000000000,
0000000011011010,
0000000000000000,
0000000011011000,
0000000000000000,
0000000011010110,
0000000000000000,
0000000011010100,
0000000000000000,
0000000011010010,
0000000000000000,
0000000011010000,
0000000000000000,
0000000011001110,
0000000000000000,
0000000011001100,
0000000000000000,
0000000011001010,
0000000000000000,
0000000011001000,
0000000000000000,
0000000011000110,
0000000000000000,
0000000011000100,
0000000000000000,
0000000011000010,
0000000000000000,
0000000011000001,
0000000000000000,
0000000010111111,
0000000000000000,
0000000010111101,
0000000000000000,
0000000010111011,
0000000000000000,
0000000010111001,
0000000000000000,
0000000010111000,
0000000000000000,
0000000010110110,
0000000000000000,
0000000010110100,
0000000000000000,
0000000010110011,
0000000000000000,
0000000010110001,
0000000000000000,
0000000010101111,
0000000000000000,
0000000010101110,
0000000000000000,
0000000010101100,
0000000000000000,
0000000010101010,
0000000000000000,
0000000010101001,
0000000000000000,
0000000010100111,
0000000000000000,
0000000010100110,
0000000000000000,
0000000010100100,
0000000000000000,
0000000010100011,
0000000000000000,
0000000010100001,
0000000000000000,
0000000010100000,
0000000000000000,
0000000010011110,
0000000000000000,
0000000010011101,
0000000000000000,
0000000010011011,
0000000000000000,
0000000010011010,
0000000000000000,
0000000010011000,
0000000000000000,
0000000010010111,
0000000000000000,
0000000010010101,
0000000000000000,
0000000010010100,
0000000000000000,
0000000010010011,
0000000000000000,
0000000010010001,
0000000000000000,
0000000010010000,
0000000000000000,
0000000010001110,
0000000000000000,
0000000010001101,
0000000000000000,
0000000010001100,
0000000000000000,
0000000010001011,
0000000000000000,
0000000010001001,
0000000000000000,
0000000010001000,
0000000000000000,
0000000010000111,
0000000000000000,
0000000010000101,
0000000000000000,
0000000010000100,
0000000000000000,
0000000010000011,
0000000000000000,
0000000010000010,
0000000000000000,
0000000010000000,
0000000000000000,
0000000001111111,
0000000000000000,
0000000001111110,
0000000000000000,
0000000001111101,
0000000000000000,
0000000001111100,
0000000000000000,
0000000001111011,
0000000000000000,
0000000001111001,
0000000000000000,
0000000001111000,
0000000000000000,
0000000001110111,
0000000000000000,
0000000001110110,
0000000000000000,
0000000001110101,
0000000000000000,
0000000001110100,
0000000000000000,
0000000001110011,
0000000000000000,
0000000001110010,
0000000000000000,
0000000001110001,
0000000000000000,
0000000001110000,
0000000000000000,
0000000001101110,
0000000000000000,
0000000001101101,
0000000000000000,
0000000001101100,
0000000000000000,
0000000001101011,
0000000000000000,
0000000001101010,
0000000000000000,
0000000001101001,
0000000000000000,
0000000001101000,
0000000000000000,
0000000001100111,
0000000000000000,
0000000001100110,
0000000000000000,
0000000001100101,
0000000000000000,
0000000001100101,
0000000000000000,
0000000001100100,
0000000000000000,
0000000001100011,
0000000000000000,
0000000001100010,
0000000000000000,
0000000001100001,
0000000000000000,
0000000001100000,
0000000000000000,
0000000001011111,
0000000000000000,
0000000001011110,
0000000000000000,
0000000001011101,
0000000000000000,
0000000001011100,
0000000000000000,
0000000001011011,
0000000000000000,
0000000001011011,
0000000000000000,
0000000001011010,
0000000000000000,
0000000001011001,
0000000000000000,
0000000001011000,
0000000000000000,
0000000001010111,
0000000000000000,
0000000001010110,
0000000000000000,
0000000001010110,
0000000000000000,
0000000001010101,
0000000000000000,
0000000001010100,
0000000000000000,
0000000001010011,
0000000000000000,
0000000001010010,
0000000000000000,
0000000001010010,
0000000000000000,
0000000001010001,
0000000000000000,
0000000001010000,
0000000000000000,
0000000001001111,
0000000000000000,
0000000001001111,
0000000000000000,
0000000001001110,
0000000000000000,
0000000001001101,
0000000000000000,
0000000001001100,
0000000000000000,
0000000001001100,
0000000000000000,
0000000001001011,
0000000000000000,
0000000001001010,
0000000000000000,
0000000001001010,
0000000000000000,
0000000001001001,
0000000000000000,
0000000001001000,
0000000000000000,
0000000001001000,
0000000000000000,
0000000001000111,
0000000000000000,
0000000001000110,
0000000000000000,
0000000001000110,
0000000000000000,
0000000001000101,
0000000000000000,
0000000001000100,
0000000000000000,
0000000001000100,
0000000000000000,
0000000001000011,
0000000000000000,
0000000001000010,
0000000000000000,
0000000001000010,
0000000000000000,
0000000001000001,
0000000000000000,
0000000001000000,
0000000000000000,
0000000001000000,
0000000000000000,
0000000000111111,
0000000000000000,
0000000000111111,
0000000000000000,
0000000000111110,
0000000000000000,
0000000000111110,
0000000000000000,
0000000000111101,
0000000000000000,
0000000000111100,
0000000000000000,
0000000000111100,
0000000000000000,
0000000000111011,
0000000000000000,
0000000000111011,
0000000000000000,
0000000000111010,
0000000000000000,
0000000000111010,
0000000000000000,
0000000000111001,
0000000000000000,
0000000000111000,
0000000000000000,
0000000000111000,
0000000000000000,
0000000000110111,
0000000000000000,
0000000000110111,
0000000000000000,
0000000000110110,
0000000000000000,
0000000000110110,
0000000000000000,
0000000000110101,
0000000000000000,
0000000000110101,
0000000000000000,
0000000000110100,
0000000000000000,
0000000000110100,
0000000000000000,
0000000000110011,
0000000000000000,
0000000000110011,
0000000000000000,
0000000000110010,
0000000000000000,
0000000000110010,
0000000000000000,
0000000000110001,
0000000000000000,
0000000000110001,
0000000000000000,
0000000000110001,
0000000000000000,
0000000000110000,
0000000000000000,
0000000000110000,
0000000000000000,
0000000000101111,
0000000000000000,
0000000000101111,
0000000000000000,
0000000000101110,
0000000000000000,
0000000000101110,
0000000000000000,
0000000000101101,
0000000000000000,
0000000000101101,
0000000000000000,
0000000000101101,
0000000000000000,
0000000000101100,
0000000000000000,
0000000000101100,
0000000000000000,
0000000000101011,
0000000000000000,
0000000000101011,
0000000000000000,
0000000000101011,
0000000000000000,
0000000000101010,
0000000000000000,
0000000000101010,
0000000000000000,
0000000000101001,
0000000000000000,
0000000000101001,
0000000000000000,
0000000000101001,
0000000000000000,
0000000000101000,
0000000000000000,
0000000000101000,
0000000000000000,
0000000000100111,
0000000000000000,
0000000000100111,
0000000000000000,
0000000000100111,
0000000000000000,
0000000000100110,
0000000000000000,
0000000000100110,
0000000000000000,
0000000000100110,
0000000000000000,
0000000000100101,
0000000000000000,
0000000000100101,
0000000000000000,
0000000000100101,
0000000000000000,
0000000000100100,
0000000000000000,
0000000000100100,
0000000000000000,
0000000000100100,
0000000000000000,
0000000000100011,
0000000000000000,
0000000000100011,
0000000000000000,
0000000000100011,
0000000000000000,
0000000000100010,
0000000000000000,
0000000000100010,
0000000000000000,
0000000000100010,
0000000000000000,
0000000000100001,
0000000000000000,
0000000000100001,
0000000000000000,
0000000000100001,
0000000000000000,
0000000000100000,
0000000000000000,
0000000000100000,
0000000000000000,
0000000000100000,
0000000000000000,
0000000000011111,
0000000000000000,
0000000000011111,
0000000000000000,
0000000000011111,
0000000000000000,
0000000000011111,
0000000000000000,
0000000000011110,
0000000000000000,
0000000000011110,
0000000000000000,
0000000000011110,
0000000000000000,
0000000000011101,
0000000000000000,
0000000000011101,
0000000000000000,
0000000000011101,
0000000000000000,
0000000000011101,
0000000000000000,
0000000000011100,
0000000000000000,
0000000000011100,
0000000000000000,
0000000000011100,
0000000000000000,
0000000000011100,
0000000000000000,
0000000000011011,
0000000000000000,
0000000000011011,
0000000000000000,
0000000000011011,
0000000000000000,
0000000000011010,
0000000000000000,
0000000000011010,
0000000000000000,
0000000000011010,
0000000000000000,
0000000000011010,
0000000000000000,
0000000000011010,
0000000000000000,
0000000000011001,
0000000000000000,
0000000000011001,
0000000000000000,
0000000000011001,
0000000000000000,
0000000000011001,
0000000000000000,
0000000000011000,
0000000000000000,
0000000000011000,
0000000000000000,
0000000000011000,
0000000000000000,
0000000000011000,
0000000000000000,
0000000000010111,
0000000000000000,
0000000000010111,
0000000000000000,
0000000000010111,
0000000000000000,
0000000000010111,
0000000000000000,
0000000000010111,
0000000000000000,
0000000000010110,
0000000000000000,
0000000000010110,
0000000000000000,
0000000000010110,
0000000000000000,
0000000000010110,
0000000000000000,
0000000000010101,
0000000000000000,
0000000000010101,
0000000000000000,
0000000000010101,
0000000000000000,
0000000000010101,
0000000000000000,
0000000000010101,
0000000000000000,
0000000000010101,
0000000000000000,
0000000000010100,
0000000000000000,
0000000000010100,
0000000000000000,
0000000000010100,
0000000000000000,
0000000000010100,
0000000000000000,
0000000000010100,
0000000000000000,
0000000000010011,
0000000000000000,
0000000000010011,
0000000000000000,
0000000000010011,
0000000000000000,
0000000000010011,
0000000000000000,
0000000000010011,
0000000000000000,
0000000000010010,
0000000000000000,
0000000000010010,
0000000000000000,
0000000000010010,
0000000000000000,
0000000000010010,
0000000000000000,
0000000000010010,
0000000000000000,
0000000000010010,
0000000000000000,
0000000000010001,
0000000000000000,
0000000000010001,
0000000000000000,
0000000000010001,
0000000000000000,
0000000000010001,
0000000000000000,
0000000000010001,
0000000000000000,
0000000000010001,
0000000000000000,
0000000000010000,
0000000000000000,
0000000000010000,
0000000000000000,
0000000000010000,
0000000000000000,
0000000000010000,
0000000000000000,
0000000000010000,
0000000000000000,
0000000000010000,
0000000000000000,
0000000000010000,
0000000000000000,
0000000000001111,
0000000000000000,
0000000000001111,
0000000000000000,
0000000000001111,
0000000000000000,
0000000000001111,
0000000000000000,
0000000000001111,
0000000000000000,
0000000000001111,
0000000000000000,
0000000000001111,
0000000000000000,
0000000000001110,
0000000000000000,
0000000000001110,
0000000000000000,
0000000000001110,
0000000000000000,
0000000000001110,
0000000000000000,
0000000000001110,
0000000000000000,
0000000000001110,
0000000000000000,
0000000000001110,
0000000000000000,
0000000000001110,
0000000000000000,
0000000000001101,
0000000000000000,
0000000000001101,
0000000000000000,
0000000000001101,
0000000000000000,
0000000000001101,
0000000000000000,
0000000000001101,
0000000000000000,
0000000000001101,
0000000000000000,
0000000000001101,
0000000000000000,
0000000000001101,
0000000000000000,
0000000000001100,
0000000000000000,
0000000000001100,
0000000000000000,
0000000000001100,
0000000000000000,
0000000000001100,
0000000000000000,
0000000000001100,
0000000000000000,
0000000000001100,
0000000000000000,
0000000000001100,
0000000000000000,
0000000000001100,
0000000000000000,
0000000000001011,
0000000000000000,
0000000000001011,
0000000000000000,
0000000000001011,
0000000000000000,
0000000000001011,
0000000000000000,
0000000000001011,
0000000000000000,
0000000000001011,
0000000000000000,
0000000000001011,
0000000000000000,
0000000000001011,
0000000000000000,
0000000000001011,
0000000000000000,
0000000000001011,
0000000000000000,
0000000000001010,
0000000000000000,
0000000000001010,
0000000000000000,
0000000000001010,
0000000000000000,
0000000000001010,
0000000000000000,
0000000000001010,
0000000000000000,
0000000000001010,
0000000000000000,
0000000000001010,
0000000000000000,
0000000000001010,
0000000000000000,
0000000000001010,
0000000000000000,
0000000000001010,
0000000000000000,
0000000000001010,
0000000000000000,
0000000000001001,
0000000000000000,
0000000000001001,
0000000000000000,
0000000000001001,
0000000000000000,
0000000000001001,
0000000000000000,
0000000000001001,
0000000000000000,
0000000000001001,
0000000000000000,
0000000000001001,
0000000000000000,
0000000000001001,
0000000000000000,
0000000000001001,
0000000000000000,
0000000000001001,
0000000000000000,
0000000000001001,
0000000000000000,
0000000000001000,
0000000000000000,
0000000000001000,
0000000000000000,
0000000000001000,
0000000000000000,
0000000000001000,
0000000000000000,
0000000000001000,
0000000000000000,
0000000000001000,
0000000000000000,
0000000000001000,
0000000000000000,
0000000000001000,
0000000000000000,
0000000000001000,
0000000000000000,
0000000000001000,
0000000000000000,
0000000000001000,
0000000000000000,
0000000000001000,
0000000000000000,
0000000000001000,
0000000000000000,
0000000000000111,
0000000000000000,
0000000000000111,
0000000000000000,
0000000000000111,
0000000000000000,
0000000000000111,
0000000000000000,
0000000000000111,
0000000000000000,
0000000000000111,
0000000000000000,
0000000000000111,
0000000000000000,
0000000000000111,
0000000000000000,
0000000000000111,
0000000000000000,
0000000000000111,
0000000000000000,
0000000000000111,
0000000000000000,
0000000000000111,
0000000000000000,
0000000000000111,
0000000000000000,
0000000000000111,
0000000000000000,
0000000000000111,
0000000000000000,
0000000000000110,
0000000000000000,
0000000000000110,
0000000000000000,
0000000000000110,
0000000000000000,
0000000000000110,
0000000000000000,
0000000000000110,
0000000000000000,
0000000000000110,
0000000000000000,
0000000000000110,
0000000000000000,
0000000000000110,
0000000000000000,
0000000000000110,
0000000000000000,
0000000000000110,
0000000000000000,
0000000000000110,
0000000000000000,
0000000000000110,
0000000000000000,
0000000000000110,
0000000000000000,
0000000000000110,
0000000000000000,
0000000000000110,
0000000000000000,
0000000000000110,
0000000000000000,
0000000000000110,
0000000000000000,
0000000000000110,
0000000000000000,
0000000000000101,
0000000000000000,
0000000000000101,
0000000000000000,
0000000000000101,
0000000000000000,
0000000000000101,
0000000000000000,
0000000000000101,
0000000000000000,
0000000000000101,
0000000000000000,
0000000000000101,
0000000000000000,
0000000000000101,
0000000000000000,
0000000000000101,
0000000000000000,
0000000000000101,
0000000000000000,
0000000000000101,
0000000000000000,
0000000000000101,
0000000000000000,
0000000000000101,
0000000000000000,
0000000000000101,
0000000000000000,
0000000000000101,
0000000000000000,
0000000000000101,
0000000000000000,
0000000000000101,
0000000000000000,
0000000000000101,
0000000000000000,
0000000000000101,
0000000000000000,
0000000000000101,
0000000000000000,
0000000000000101,
0000000000000000,
0000000000000100,
0000000000000000,
0000000000000100,
0000000000000000,
0000000000000100,
0000000000000000,
0000000000000100,
0000000000000000,
0000000000000100,
0000000000000000,
0000000000000100,
0000000000000000,
0000000000000100,
0000000000000000,
0000000000000100,
0000000000000000,
0000000000000100,
0000000000000000,
0000000000000100,
0000000000000000,
0000000000000100,
0000000000000000,
0000000000000100,
0000000000000000,
0000000000000100,
0000000000000000,
0000000000000100,
0000000000000000,
0000000000000100,
0000000000000000,
0000000000000100,
0000000000000000,
0000000000000100,
0000000000000000,
0000000000000100,
0000000000000000,
0000000000000100,
0000000000000000,
0000000000000100,
0000000000000000,
0000000000000100,
0000000000000000,
0000000000000100,
0000000000000000,
0000000000000100,
0000000000000000,
0000000000000100,
0000000000000000,
0000000000000100,
0000000000000000,
0000000000000100,
0000000000000000,
0000000000000011,
0000000000000000,
0000000000000011,
0000000000000000,
0000000000000011,
0000000000000000,
0000000000000011,
0000000000000000,
0000000000000011,
0000000000000000,
0000000000000011,
0000000000000000,
0000000000000011,
0000000000000000,
0000000000000011,
0000000000000000,
0000000000000011,
0000000000000000,
0000000000000011,
0000000000000000,
0000000000000011,
0000000000000000,
0000000000000011,
0000000000000000,
0000000000000011,
0000000000000000,
0000000000000011,
0000000000000000,
0000000000000011,
0000000000000000,
0000000000000011,
0000000000000000,
0000000000000011,
0000000000000000,
0000000000000011,
0000000000000000,
0000000000000011,
0000000000000000,
0000000000000011,
0000000000000000,
0000000000000011,
0000000000000000,
0000000000000011,
0000000000000000,
0000000000000011,
0000000000000000,
0000000000000011,
0000000000000000,
0000000000000011,
0000000000000000,
0000000000000011,
0000000000000000,
0000000000000011,
0000000000000000,
0000000000000011,
0000000000000000,
0000000000000011,
0000000000000000,
0000000000000011,
0000000000000000,
0000000000000011,
0000000000000000,
0000000000000011,
0000000000000000,
0000000000000011,
0000000000000000,
0000000000000011,
0000000000000000,
0000000000000011,
0000000000000000,
0000000000000011,
0000000000000000,
0000000000000010,
0000000000000000,
0000000000000010,
0000000000000000,
0000000000000010,
0000000000000000,
0000000000000010,
0000000000000000,
0000000000000010,
0000000000000000,
0000000000000010,
0000000000000000,
0000000000000010,
0000000000000000,
0000000000000010,
0000000000000000,
0000000000000010,
0000000000000000,
0000000000000010,
0000000000000000,
0000000000000010,
0000000000000000,
0000000000000010,
0000000000000000,
0000000000000010,
0000000000000000,
0000000000000010,
0000000000000000,
0000000000000010,
0000000000000000,
0000000000000010,
0000000000000000,
0000000000000010,
0000000000000000,
0000000000000010,
0000000000000000,
0000000000000010,
0000000000000000,
0000000000000010,
0000000000000000,
0000000000000010,
0000000000000000,
0000000000000010,
0000000000000000,
0000000000000010,
0000000000000000,
0000000000000010,
0000000000000000,
0000000000000010,
0000000000000000,
0000000000000010,
0000000000000000,
0000000000000010,
0000000000000000,
0000000000000010,
0000000000000000,
0000000000000010,
0000000000000000,
0000000000000010,
0000000000000000,
0000000000000010,
0000000000000000,
0000000000000010,
0000000000000000,
0000000000000010,
0000000000000000,
0000000000000010,
0000000000000000,
0000000000000010,
0000000000000000,
0000000000000010,
0000000000000000,
0000000000000010,
0000000000000000,
0000000000000010,
0000000000000000,
0000000000000010,
0000000000000000,
0000000000000010,
0000000000000000,
0000000000000010,
0000000000000000,
0000000000000010,
0000000000000000,
0000000000000010,
0000000000000000,
0000000000000010,
0000000000000000,
0000000000000010,
0000000000000000,
0000000000000010,
0000000000000000,
0000000000000010,
0000000000000000,
0000000000000010,
0000000000000000,
0000000000000010,
0000000000000000,
0000000000000010,
0000000000000000,
0000000000000010,
0000000000000000,
0000000000000010,
0000000000000000,
0000000000000010,
0000000000000000,
0000000000000001,
0000000000000000,
0000000000000001,
0000000000000000,
0000000000000001,
0000000000000000,
0000000000000001,
0000000000000000,
0000000000000001,
0000000000000000,
0000000000000001,
0000000000000000,
0000000000000001,
0000000000000000,
0000000000000001,
0000000000000000,
0000000000000001,
0000000000000000,
0000000000000001,
0000000000000000,
0000000000000001,
0000000000000000,
0000000000000001,
0000000000000000,
0000000000000001,
0000000000000000,
0000000000000001,
0000000000000000,
0000000000000001,
0000000000000000,
0000000000000001,
0000000000000000,
0000000000000001,
0000000000000000,
0000000000000001,
0000000000000000,
0000000000000001,
0000000000000000,
0000000000000001,
0000000000000000,
0000000000000001,
0000000000000000,
0000000000000001,
0000000000000000,
0000000000000001,
0000000000000000,
0000000000000001,
0000000000000000,
0000000000000001,
0000000000000000,
0000000000000001,
0000000000000000,
0000000000000001,
0000000000000000,
0000000000000001,
0000000000000000,
0000000000000001,
0000000000000000,
0000000000000001,
0000000000000000,
0000000000000001,
0000000000000000,
0000000000000001,
0000000000000000,
0000000000000001,
0000000000000000,
0000000000000001,
0000000000000000,
0000000000000001,
0000000000000000,
0000000000000001,
0000000000000000,
0000000000000001,
0000000000000000,
0000000000000001,
0000000000000000,
0000000000000001,
0000000000000000,
0000000000000001,
0000000000000000,
0000000000000001,
0000000000000000,
0000000000000001,
0000000000000000,
0000000000000001,
0000000000000000,
0000000000000001,
0000000000000000,
0000000000000001,
0000000000000000,
0000000000000001,
0000000000000000,
0000000000000001,
0000000000000000,
0000000000000001,
0000000000000000,
0000000000000001,
0000000000000000,
0000000000000001,
0000000000000000,
0000000000000001,
0000000000000000,
0000000000000001,
0000000000000000,
0000000000000001,
0000000000000000,
0000000000000001,
0000000000000000,
0000000000000001,
0000000000000000,
0000000000000001,
0000000000000000,
0000000000000001,
0000000000000000,
0000000000000001,
0000000000000000,
0000000000000001,
0000000000000000,
0000000000000001,
0000000000000000,
0000000000000001,
0000000000000000,
0000000000000001,
0000000000000000,
0000000000000001,
0000000000000000,
0000000000000001,
0000000000000000,
0000000000000001,
0000000000000000,
0000000000000001,
0000000000000000,
0000000000000001,
0000000000000000,
0000000000000001,
0000000000000000,
0000000000000001,
0000000000000000,
0000000000000001,
0000000000000000,
0000000000000001,
0000000000000000,
0000000000000001,
0000000000000000,
0000000000000001,
0000000000000000,
0000000000000001,
0000000000000000,
0000000000000001,
0000000000000000,
0000000000000001,
0000000000000000,
0000000000000001,
0000000000000000,
0000000000000001,
0000000000000000,
0000000000000001,
0000000000000000,
0000000000000001,
0000000000000000,
0000000000000001,
0000000000000000,
0000000000000001,
0000000000000000,
0000000000000001,
0000000000000000,
0000000000000001,
0000000000000000,
0000000000000001,
0000000000000000,
0000000000000001,
0000000000000000,
0000000000000001,
0000000000000000,
0000000000000001,
0000000000000000,
0000000000000001,
0000000000000000,
0000000000000001,
0000000000000000,
0000000000000001,
0000000000000000,
0000000000000001,
0000000000000000,
0000000000000001,
0000000000000000,
0000000000000001,
0000000000000000,
0000000000000001,
0000000000000000,
0000000000000001,
0000000000000000,
0000000000000001,
0000000000000000,
0000000000000001,
0000000000000000,
0000000000000001,
0000000000000000,
0000000000000001,
0000000000000000,
0000000000000001,
0000000000000000,
0000000000000001,
0000000000000000,
0000000000000001,
0000000000000000,
0000000000000001,
0000000000000000,
0000000000000001,
0000000000000000,
0000000000000001,
0000000000000000,
0000000000000001,
0000000000000000,
0000000000000001,
0000000000000000,
0000000000000001,
0000000000000000,
0000000000000001,
0000000000000000,
0000000000000001,
0000000000000000,
0000000000000001,
0000000000000000,
0000000000000001,
0000000000000000,
0000000000000001,
0000000000000000,
0000000000000001,
0000000000000000,
0000000000000000,
0000000000000000,
0000000000000000,
0000000000000000,
0000000000000000,
0000000000000000,
0000000000000000,
0000000000000000,
0000000000000000,
0000000000000000,
0000000000000000,
0000000000000000,
0000000000000000,
0000000000000000,
0000000000000000,
0000000000000000,
0000000000000000,
0000000000000000,
0000000000000000,
0000000000000000,
0000000000000000,
0000000000000000,
0000000000000000,
0000000000000000,
0000000000000000,
0000000000000000,
0000000000000000,
0000000000000000,
0000000000000000,
0000000000000000,
0000000000000000,
0000000000000000,
0000000000000000,
0000000000000000,
0000000000000000,
0000000000000000,
0000000000000000,
0000000000000000,
0000000000000000,
0000000000000000,
0000000000000000,
0000000000000000,
0000000000000000,
0000000000000000,
0000000000000000,
0000000000000000,
0000000000000000,
0000000000000000,
0000000000000000,
0000000000000000,
0000000000000000,
0000000000000000,
0000000000000000,
0000000000000000,
0000000000000000,
0000000000000000,
0000000000000000,
0000000000000000,
0000000000000000,
0000000000000000,
0000000000000000,
0000000000000000,
0000000000000000,
0000000000000000,
0000000000000000,
0000000000000000,
0000000000000000,
0000000000000000,
0000000000000000,
0000000000000000,
0000000000000000,
0000000000000000,
0000000000000000,
0000000000000000,
0000000000000000,
0000000000000000,
0000000000000000,
0000000000000000,
0000000000000000,
0000000000000000,
0000000000000000,
0000000000000000,
0000000000000000,
0000000000000000,
0000000000000000,
0000000000000000,
0000000000000000,
0000000000000000,
0000000000000000,
0000000000000000,
0000000000000000,
0000000000000000,
0000000000000000,
0000000000000000,
0000000000000000,
0000000000000000,
0000000000000000,
0000000000000000,
0000000000000000,
0000000000000000,
0000000000000000,
0000000000000000,
0000000000000000,
0000000000000000,
0000000000000000,
0000000000000000,
0000000000000000,
0000000000000000,
0000000000000000,
0000000000000000,
0000000000000000,
0000000000000000,
0000000000000000,
0000000000000000,
0000000000000000,
0000000000000000,
0000000000000000,
0000000000000000,
0000000000000000,
0000000000000000,
0000000000000000,
0000000000000000,
0000000000000000,
0000000000000000,
0000000000000000,
0000000000000000,
0000000000000000,
0000000000000000,
0000000000000000,
0000000000000000,
0000000000000000,
0000000000000000,
0000000000000000,
0000000000000000,
0000000000000000,
0000000000000000,
0000000000000000,
0000000000000000,
0000000000000000,
0000000000000000,
0000000000000000,
0000000000000000,
0000000000000000,
0000000000000000,
0000000000000000,
0000000000000000,
0000000000000000,
0000000000000000,
0000000000000000,
0000000000000000,
0000000000000000,
0000000000000000,
0000000000000000,
0000000000000000,
0000000000000000,
0000000000000000,
0000000000000000,
0000000000000000,
0000000000000000,
0000000000000000,
0000000000000000,
0000000000000000,
0000000000000000,
0000000000000000,
0000000000000000,
0000000000000000,
0000000000000000,
0000000000000000,
0000000000000000,
0000000000000000,
0000000000000000,
0000000000000000,
0000000000000000,
0000000000000000,
0000000000000000,
0000000000000000,
0000000000000000,
0000000000000000,
0000000000000000,
0000000000000000,
0000000000000000,
0000000000000000,
0000000000000000,
0000000000000000,
0000000000000000,
0000000000000000,
0000000000000000,
0000000000000000,
0000000000000000,
0000000000000000,
0000000000000000,
0000000000000000,
0000000000000000,
0000000000000000,
0000000000000000,
0000000000000000,
0000000000000000,
0000000000000000,
0000000000000000,
0000000000000000,
0000000000000000,
0000000000000000,
0000000000000000,
0000000000000000,
0000000000000000,
0000000000000000,
0000000000000000,
0000000000000000,
0000000000000000,
0000000000000000,
0000000000000000,
0000000000000000,
0000000000000000,
0000000000000000,
0000000000000000,
0000000000000000,
0000000000000000,
0000000000000000,
0000000000000000,
0000000000000000,
0000000000000000,
0000000000000000,
0000000000000000,
0000000000000000,
0000000000000000,
0000000000000000,
0000000000000000,
0000000000000000,
0000000000000000,
0000000000000000,
0000000000000000,
0000000000000000,
0000000000000000,
0000000000000000,
0000000000000000,
0000000000000000,
0000000000000000,
0000000000000000,
0000000000000000,
0000000000000000,
0000000000000000,
0000000000000000,
0000000000000000,
0000000000000000,
0000000000000000,
0000000000000000,
0000000000000000,
0000000000000000,
0000000000000000,
0000000000000000,
0000000000000000,
0000000000000000,
0000000000000000,
0000000000000000,
0000000000000000,
0000000000000000,
0000000000000000,
0000000000000000,
0000000000000000,
0000000000000000,
0000000000000000,
0000000000000000,
0000000000000000,
0000000000000000,
0000000000000000,
0000000000000000,
0000000000000000,
0000000000000000,
0000000000000000,
0000000000000000,
0000000000000000,
0000000000000000,
0000000000000000,
0000000000000000,
0000000000000000,
0000000000000000,
0000000000000000,
0000000000000000,
0000000000000000,
0000000000000000,
0000000000000000,
0000000000000000,
0000000000000000,
0000000000000000,
0000000000000000,
0000000000000000,
0000000000000000,
0000000000000000,
0000000000000000,
0000000000000000,
0000000000000000,
0000000000000000,
0000000000000000,
0000000000000000,
0000000000000000,
0000000000000000,
0000000000000000,
0000000000000000,
0000000000000000,
0000000000000000,
0000000000000000,
0000000000000000,
0000000000000000,
0000000000000000,
0000000000000000,
0000000000000000,
0000000000000000,
0000000000000000,
0000000000000000,
0000000000000000,
0000000000000000,
0000000000000000,
0000000000000000,
0000000000000000,
0000000000000000,
0000000000000000,
0000000000000000,
0000000000000000,
0000000000000000,
0000000000000000,
0000000000000000,
0000000000000000,
0000000000000000,
0000000000000000,
0000000000000000,
0000000000000000,
0000000000000000,
0000000000000000,
0000000000000000,
0000000000000000,
0000000000000000,
0000000000000000,
0000000000000000,
0000000000000000,
0000000000000000,
0000000000000000,
0000000000000000,
0000000000000000,
0000000000000000,
0000000000000000,
0000000000000000,
0000000000000000,
0000000000000000,
0000000000000000,
0000000000000000,
0000000000000000,
0000000000000000,
0000000000000000,
0000000000000000,
0000000000000000,
0000000000000000,
0000000000000000,
0000000000000000,
0000000000000000,
0000000000000000,
0000000000000000,
0000000000000000,
0000000000000000,
0000000000000000,
0000000000000000,
0000000000000000,
0000000000000000,
0000000000000000,
0000000000000000,
0000000000000000,
0000000000000000,
0000000000000000,
0000000000000000,
0000000000000000,
0000000000000000,
0000000000000000,
0000000000000000,
0000000000000000,
0000000000000000,
0000000000000000,
0000000000000000,
0000000000000000,
0000000000000000,
0000000000000000,
0000000000000000,
0000000000000000,
0000000000000000,
0000000000000000,
0000000000000000,
0000000000000000,
0000000000000000,
0000000000000000,
0000000000000000,
0000000000000000,
0000000000000000,
0000000000000000,
0000000000000000,
0000000000000000,
0000000000000000,
0000000000000000,
0000000000000000,
0000000000000000,
0000000000000000,
0000000000000000,
0000000000000000,
0000000000000000,
0000000000000000,
0000000000000000,
0000000000000000,
0000000000000000,
0000000000000000,
0000000000000000,
0000000000000000,
0000000000000000,
0000000000000000,
0000000000000000,
0000000000000000,
0000000000000000,
0000000000000000,
0000000000000000,
0000000000000000,
0000000000000000,
0000000000000000,
0000000000000000,
0000000000000000,
0000000000000000,
0000000000000000,
0000000000000000,
0000000000000000,
0000000000000000,
0000000000000000,
0000000000000000,
0000000000000000,
0000000000000000,
0000000000000000,
0000000000000000,
0000000000000000,
0000000000000000,
0000000000000000,
0000000000000000,
0000000000000000,
0000000000000000,
0000000000000000,
0000000000000000,
0000000000000000,
0000000000000000,
0000000000000000,
0000000000000000,
0000000000000000,
0000000000000000,
0000000000000000,
0000000000000000,
0000000000000000,
0000000000000000,
0000000000000000,
0000000000000000,
0000000000000000,
0000000000000000,
0000000000000000,
0000000000000000,
0000000000000000,
0000000000000000,
0000000000000000,
0000000000000000,
0000000000000000,
0000000000000000,
0000000000000000,
0000000000000000,
0000000000000000,
0000000000000000,
0000000000000000,
0000000000000000,
0000000000000000,
0000000000000000,
0000000000000000,
0000000000000000,
0000000000000000,
0000000000000000,
0000000000000000,
0000000000000000,
0000000000000000,
0000000000000000,
0000000000000000,
0000000000000000,
0000000000000000,
0000000000000000,
0000000000000000,
0000000000000000,
0000000000000000,
0000000000000000,
0000000000000000,
0000000000000000,
0000000000000000,
0000000000000000,
0000000000000000,
0000000000000000,
0000000000000000,
0000000000000000,
0000000000000000,
0000000000000000,
0000000000000000,
0000000000000000,
0000000000000000,
0000000000000000,
0000000000000000,
0000000000000000,
0000000000000000,
0000000000000000,
0000000000000000,
0000000000000000,
0000000000000000,
0000000000000000,
0000000000000000,
0000000000000000,
0000000000000000,
0000000000000000,
0000000000000000,
0000000000000000,
0000000000000000,
0000000000000000,
0000000000000000,
0000000000000000,
0000000000000000,
0000000000000000,
0000000000000000,
0000000000000000,
0000000000000000,
0000000000000000,
0000000000000000,
0000000000000000,
0000000000000000,
0000000000000000,
0000000000000000,
0000000000000000,
0000000000000000,
0000000000000000,
0000000000000000,
0000000000000000,
0000000000000000,
0000000000000000,
0000000000000000,
0000000000000000,
0000000000000000,
0000000000000000,
0000000000000000,
0000000000000000,
0000000000000000,
0000000000000000,
0000000000000000,
0000000000000000,
0000000000000000,
0000000000000000,
0000000000000000,
0000000000000000,
0000000000000000,
0000000000000000,
0000000000000000,
0000000000000000,
0000000000000000,
0000000000000000,
0000000000000000,
0000000000000000,
0000000000000000,
0000000000000000,
0000000000000000,
0000000000000000,
0000000000000000,
0000000000000000,
0000000000000000,
0000000000000000,
0000000000000000,
0000000000000000,
0000000000000000,
0000000000000000,
0000000000000000,
0000000000000000,
0000000000000000,
0000000000000000,
0000000000000000,
0000000000000000,
0000000000000000,
0000000000000000,
0000000000000000,
0000000000000000,
0000000000000000,
0000000000000000,
0000000000000000,
0000000000000000,
0000000000000000,
0000000000000000,
0000000000000000,
0000000000000000,
0000000000000000,
0000000000000000,
0000000000000000,
0000000000000000,
0000000000000000,
0000000000000000,
0000000000000000,
0000000000000000,
0000000000000000,
0000000000000000,
0000000000000000,
0000000000000000,
0000000000000000,
0000000000000000,
0000000000000000,
0000000000000000,
0000000000000000,
0000000000000000,
0000000000000000,
0000000000000000,
0000000000000000,
0000000000000000,
0000000000000000,
0000000000000000,
0000000000000000,
0000000000000000,
0000000000000000,
0000000000000000,
0000000000000000,
0000000000000000,
0000000000000000,
0000000000000000,
0000000000000000,
0000000000000000,
0000000000000000,
0000000000000000,
0000000000000000,
0000000000000000,
0000000000000000,
0000000000000000,
0000000000000000,
0000000000000000,
0000000000000000,
0000000000000000,
0000000000000000,
0000000000000000,
0000000000000000,
0000000000000000,
0000000000000000,
0000000000000000,
0000000000000000,
0000000000000000,
0000000000000000,
0000000000000000,
0000000000000000,
0000000000000000,
0000000000000000,
0000000000000000,
0000000000000000,
0000000000000000,
0000000000000000,
0000000000000000,
0000000000000000,
0000000000000000,
0000000000000000,
0000000000000000,
0000000000000000,
0000000000000000,
0000000000000000,
0000000000000000,
0000000000000000,
0000000000000000,
0000000000000000,
0000000000000000,
0000000000000000,
0000000000000000,
0000000000000000,
0000000000000000,
0000000000000000,
0000000000000000,
0000000000000000,
0000000000000000,
0000000000000000,
0000000000000000,
0000000000000000,
0000000000000000,
0000000000000000,
0000000000000000,
0000000000000000,
0000000000000000,
0000000000000000,
0000000000000000,
0000000000000000,
0000000000000000,
0000000000000000,
0000000000000000,
0000000000000000,
0000000000000000,
0000000000000000,
0000000000000000,
0000000000000000,
0000000000000000,
0000000000000000,
0000000000000000,
0000000000000000,
0000000000000000,
0000000000000000,
0000000000000000,
0000000000000000,
0000000000000000,
0000000000000000,
0000000000000000,
0000000000000000,
0000000000000000,
0000000000000000,
0000000000000000,
0000000000000000,
0000000000000000,
0000000000000000,
0000000000000000,
0000000000000000,
0000000000000000,
0000000000000000,
0000000000000000,
0000000000000000,
0000000000000000,
0000000000000000,
0000000000000000,
0000000000000000,
0000000000000000,
0000000000000000,
0000000000000000,
0000000000000000,
0000000000000000,
0000000000000000,
0000000000000000,
0000000000000000,
0000000000000000,
0000000000000000,
0000000000000000,
0000000000000000,
0000000000000000,
0000000000000000,
0000000000000000,
0000000000000000,
0000000000000000,
0000000000000000,
0000000000000000,
0000000000000000,
0000000000000000,
0000000000000000,
0000000000000000,
0000000000000000,
0000000000000000,
0000000000000000,
0000000000000000,
0000000000000000,
0000000000000000,
0000000000000000,
0000000000000000,
0000000000000000,
0000000000000000,
0000000000000000,
0000000000000000,
0000000000000000,
0000000000000000,
0000000000000000,
0000000000000000,
0000000000000000,
0000000000000000,
0000000000000000,
0000000000000000,
0000000000000000,
0000000000000000,
0000000000000000,
0000000000000000,
0000000000000000,
0000000000000000,
0000000000000000,
0000000000000000,
0000000000000000,
0000000000000000,
0000000000000000,
0000000000000000,
0000000000000000,
0000000000000000,
0000000000000000,
0000000000000000,
0000000000000000,
0000000000000000,
0000000000000000,
0000000000000000,
0000000000000000,
0000000000000000,
0000000000000000,
0000000000000000,
0000000000000000,
0000000000000000,
0000000000000000,
0000000000000000,
0000000000000000,
0000000000000000,
0000000000000000,
0000000000000000,
0000000000000000,
0000000000000000,
0000000000000000,
0000000000000000,
0000000000000000,
0000000000000000,
0000000000000000,
0000000000000000,
0000000000000000,
0000000000000000,
0000000000000000,
0000000000000000,
0000000000000000,
0000000000000000,
0000000000000000,
0000000000000000,
0000000000000000,
0000000000000000,
0000000000000000,
0000000000000000,
0000000000000000,
0000000000000000,
0000000000000000,
0000000000000000,
0000000000000000,
0000000000000000,
0000000000000000,
0000000000000000,
0000000000000000,
0000000000000000,
0000000000000000,
0000000000000000,
0000000000000000,
0000000000000000,
0000000000000000,
0000000000000000,
0000000000000000,
0000000000000000,
0000000000000000,
0000000000000000,
0000000000000000,
0000000000000000,
0000000000000000,
0000000000000000,
0000000000000000,
0000000000000000,
0000000000000000,
0000000000000000,
0000000000000000,
0000000000000000,
0000000000000000,
0000000000000000,
0000000000000000,
0000000000000000,
0000000000000000,
0000000000000000,
0000000000000000,
0000000000000000,
0000000000000000,
0000000000000000,
0000000000000000,
0000000000000000,
0000000000000000,
0000000000000000,
0000000000000000,
0000000000000000,
0000000000000000,
0000000000000000,
0000000000000000,
0000000000000000,
0000000000000000,
0000000000000000,
0000000000000000,
0000000000000000,
0000000000000000,
0000000000000000,
0000000000000000,
0000000000000000,
0000000000000000,
0000000000000000,
0000000000000000,
0000000000000000,
0000000000000000,
0000000000000000,
0000000000000000,
0000000000000000,
0000000000000000,
0000000000000000,
0000000000000000,
0000000000000000,
0000000000000000,
0000000000000000,
0000000000000000,
0000000000000000,
0000000000000000,
0000000000000000,
0000000000000000,
0000000000000000,
0000000000000000,
0000000000000000,
0000000000000000,
0000000000000000,
0000000000000000,
0000000000000000,
0000000000000000,
0000000000000000,
0000000000000000,
0000000000000000,
0000000000000000,
0000000000000000,
0000000000000000,
0000000000000000,
0000000000000000,
0000000000000000,
0000000000000000,
0000000000000000,
0000000000000000,
0000000000000000,
0000000000000000,
0000000000000000,
0000000000000000,
0000000000000000,
0000000000000000,
0000000000000000,
0000000000000000,
0000000000000000,
0000000000000000,
0000000000000000,
0000000000000000,
0000000000000000,
0000000000000000,
0000000000000000,
0000000000000000,
0000000000000000,
0000000000000000,
0000000000000000,
0000000000000000,
0000000000000000,
0000000000000000,
0000000000000000,
0000000000000000,
0000000000000000,
0000000000000000,
0000000000000000,
0000000000000000,
0000000000000000,
0000000000000000,
0000000000000000,
0000000000000000,
0000000000000000,
0000000000000000,
0000000000000000,
0000000000000000,
0000000000000000,
0000000000000000,
0000000000000000,
0000000000000000,
0000000000000000,
0000000000000000,
0000000000000000,
0000000000000000,
0000000000000000,
0000000000000000,
0000000000000000,
0000000000000000,
0000000000000000,
0000000000000000,
0000000000000000,
0000000000000000,
0000000000000000,
0000000000000000,
0000000000000000,
0000000000000000,
0000000000000000,
0000000000000000,
0000000000000000,
0000000000000000,
0000000000000000,
0000000000000000,
0000000000000000,
0000000000000000,
0000000000000000,
0000000000000000,
0000000000000000,
0000000000000000,
0000000000000000,
0000000000000000,
0000000000000000,
0000000000000000,
0000000000000000,
0000000000000000,
0000000000000000,
0000000000000000,
0000000000000000,
0000000000000000,
0000000000000000,
0000000000000000,
0000000000000000,
0000000000000000,
0000000000000000,
0000000000000000,
0000000000000000,
0000000000000000,
0000000000000000,
0000000000000000,
0000000000000000,
0000000000000000,
0000000000000000,
0000000000000000,
0000000000000000,
0000000000000000,
0000000000000000,
0000000000000000,
0000000000000000,
0000000000000000,
0000000000000000,
0000000000000000,
0000000000000000,
0000000000000000,
0000000000000000,
0000000000000000,
0000000000000000,
0000000000000000,
0000000000000000,
0000000000000000,
0000000000000000,
0000000000000000,
0000000000000000,
0000000000000000,
0000000000000000,
0000000000000000,
0000000000000000,
0000000000000000,
0000000000000000,
0000000000000000,
0000000000000000,
0000000000000000,
0000000000000000,
0000000000000000,
0000000000000000,
0000000000000000,
0000000000000000,
0000000000000000,
0000000000000000,
0000000000000000,
0000000000000000,
0000000000000000,
0000000000000000,
0000000000000000,
0000000000000000,
0000000000000000,
0000000000000000,
0000000000000000,
0000000000000000,
0000000000000000,
0000000000000000,
0000000000000000,
0000000000000000,
0000000000000000,
0000000000000000,
0000000000000000,
0000000000000000,
0000000000000000,
0000000000000000,
0000000000000000,
0000000000000000,
0000000000000000,
0000000000000000,
0000000000000000,
0000000000000000,
0000000000000000,
0000000000000000,
0000000000000000,
0000000000000000,
0000000000000000,
0000000000000000,
0000000000000000,
0000000000000000,
0000000000000000,
0000000000000000,
0000000000000000,
0000000000000000,
0000000000000000,
0000000000000000,
0000000000000000,
0000000000000000,
0000000000000000,
0000000000000000,
0000000000000000,
0000000000000000,
0000000000000000,
0000000000000000,
0000000000000000,
0000000000000000,
0000000000000000,
0000000000000000,
0000000000000000,
0000000000000000,
0000000000000000,
0000000000000000,
0000000000000000,
0000000000000000,
0000000000000000,
0000000000000000,
0000000000000000,
0000000000000000,
0000000000000000,
0000000000000000,
0000000000000000,
0000000000000000,
0000000000000000,
0000000000000000,
0000000000000000,
0000000000000000,
0000000000000000,
0000000000000000,
0000000000000000,
0000000000000000,
0000000000000000,
0000000000000000,
0000000000000000,
0000000000000000,
0000000000000000,
0000000000000000,
0000000000000000,
0000000000000000,
0000000000000000,
0000000000000000,
0000000000000000,
0000000000000000,
0000000000000000,
0000000000000000,
0000000000000000,
0000000000000000,
0000000000000000,
0000000000000000,
0000000000000000,
0000000000000000,
0000000000000000,
0000000000000000,
0000000000000000,
0000000000000000,
0000000000000000,
0000000000000000,
0000000000000000,
0000000000000000,
0000000000000000,
0000000000000000,
0000000000000000,
0000000000000000,
0000000000000000,
0000000000000000,
0000000000000000,
0000000000000000,
0000000000000000,
0000000000000000,
0000000000000000,
0000000000000000,
0000000000000000,
0000000000000000,
0000000000000000,
0000000000000000,
0000000000000000,
0000000000000000,
0000000000000000,
0000000000000000,
0000000000000000,
0000000000000000,
0000000000000000,
0000000000000000,
0000000000000000,
0000000000000000,
0000000000000000,
0000000000000000,
0000000000000000,
0000000000000000,
0000000000000000,
0000000000000000,
0000000000000000,
0000000000000000,
0000000000000000,
0000000000000000,
0000000000000000,
0000000000000000,
0000000000000000,
0000000000000000,
0000000000000000,
0000000000000000,
0000000000000000,
0000000000000000,
0000000000000000,
0000000000000000,
0000000000000000,
0000000000000000,
0000000000000000,
0000000000000000,
0000000000000000,
0000000000000000,
0000000000000000,
0000000000000000,
0000000000000000,
0000000000000000,
0000000000000000,
0000000000000000,
0000000000000000,
0000000000000000,
0000000000000000,
0000000000000000,
0000000000000000,
0000000000000000,
0000000000000000,
0000000000000000,
0000000000000000,
0000000000000000,
0000000000000000,
0000000000000000,
0000000000000000,
0000000000000000,
0000000000000000,
0000000000000000,
0000000000000000,
0000000000000000,
0000000000000000,
0000000000000000,
0000000000000000,
0000000000000000,
0000000000000000,
0000000000000000,
0000000000000000,
0000000000000000,
0000000000000000,
0000000000000000,
0000000000000000,
0000000000000000,
0000000000000000,
0000000000000000,
0000000000000000,
0000000000000000,
0000000000000000,
0000000000000000,
0000000000000000,
0000000000000000,
0000000000000000,
0000000000000000,
0000000000000000,
0000000000000000,
0000000000000000,
0000000000000000,
0000000000000000,
0000000000000000,
0000000000000000,
0000000000000000,
0000000000000000,
0000000000000000,
0000000000000000,
0000000000000000,
0000000000000000,
0000000000000000,
0000000000000000,
0000000000000000,
0000000000000000,
0000000000000000,
0000000000000000,
0000000000000000,
0000000000000000,
0000000000000000,
0000000000000000,
0000000000000000,
0000000000000000,
0000000000000000,
0000000000000000,
0000000000000000,
0000000000000000,
0000000000000000,
0000000000000000,
0000000000000000,
0000000000000000,
0000000000000000,
0000000000000000,
0000000000000000,
0000000000000000,
0000000000000000,
0000000000000000,
0000000000000000,
0000000000000000,
0000000000000000,
0000000000000000,
0000000000000000,
0000000000000000,
0000000000000000,
0000000000000000,
0000000000000000,
0000000000000000,
0000000000000000,
0000000000000000,
0000000000000000,
0000000000000000,
0000000000000000,
0000000000000000,
0000000000000000,
0000000000000000,
0000000000000000,
0000000000000000,
0000000000000000,
0000000000000000,
0000000000000000,
0000000000000000,
0000000000000000,
0000000000000000,
0000000000000000,
0000000000000000,
0000000000000000,
0000000000000000,
0000000000000000,
0000000000000000,
0000000000000000,
0000000000000000,
0000000000000000,
0000000000000000,
0000000000000000,
0000000000000000,
0000000000000000,
0000000000000000,
0000000000000000,
0000000000000000,
0000000000000000,
0000000000000000,
0000000000000000,
0000000000000000,
0000000000000000,
0000000000000000,
0000000000000000,
0000000000000000,
0000000000000000,
0000000000000000,
0000000000000000,
0000000000000000,
0000000000000000,
0000000000000000,
0000000000000000,
0000000000000000,
0000000000000000,
0000000000000000,
0000000000000000,
0000000000000000,
0000000000000000,
0000000000000000,
0000000000000000,
0000000000000000,
0000000000000000,
0000000000000000,
0000000000000000,
0000000000000000,
0000000000000000,
0000000000000000,
0000000000000000,
0000000000000000,
0000000000000000,
0000000000000000,
0000000000000000,
0000000000000000,
0000000000000000,
0000000000000000,
0000000000000000,
0000000000000000,
0000000000000000,
0000000000000000,
0000000000000000,
0000000000000000,
0000000000000000,
0000000000000000,
0000000000000000,
0000000000000000,
0000000000000000,
0000000000000000,
0000000000000000,
0000000000000000,
0000000000000000,
0000000000000000,
0000000000000000,
0000000000000000,
0000000000000000,
0000000000000000,
0000000000000000,
0000000000000000,
0000000000000000,
0000000000000000,
0000000000000000,
0000000000000000,
0000000000000000,
0000000000000000,
0000000000000000,
0000000000000000,
0000000000000000,
0000000000000000,
0000000000000000,
0000000000000000,
0000000000000000,
0000000000000000,
0000000000000000,
0000000000000000,
0000000000000000,
0000000000000000,
0000000000000000,
0000000000000000,
0000000000000000,
0000000000000000,
0000000000000000,
0000000000000000,
0000000000000000,
0000000000000000,
0000000000000000,
0000000000000000,
0000000000000000,
0000000000000000,
0000000000000000,
0000000000000000,
0000000000000000,
0000000000000000,
0000000000000000,
0000000000000000,
0000000000000000,
0000000000000000,
0000000000000000,
0000000000000000,
0000000000000000,
0000000000000000,
0000000000000000,
0000000000000000,
0000000000000000,
0000000000000000,
0000000000000000,
0000000000000000,
0000000000000000,
0000000000000000,
0000000000000000,
0000000000000000,
0000000000000000,
0000000000000000,
0000000000000000,
0000000000000000,
0000000000000000,
0000000000000000,
0000000000000000,
0000000000000000,
0000000000000000,
0000000000000000,
0000000000000000,
0000000000000000,
0000000000000000,
0000000000000000,
0000000000000000,
0000000000000000,
0000000000000000,
0000000000000000,
0000000000000000,
0000000000000000,
0000000000000000,
0000000000000000,
0000000000000000,
0000000000000000,
0000000000000000,
0000000000000000,
0000000000000000,
0000000000000000,
0000000000000000,
0000000000000000,
0000000000000000,
0000000000000000,
0000000000000000,
0000000000000000,
0000000000000000,
0000000000000000,
0000000000000000,
0000000000000000,
0000000000000000,
0000000000000000,
0000000000000000,
0000000000000000,
0000000000000000,
0000000000000000,
0000000000000000,
0000000000000000,
0000000000000000,
0000000000000000,
0000000000000000,
0000000000000000,
0000000000000000,
0000000000000000,
0000000000000000,
0000000000000000,
0000000000000000,
0000000000000000,
0000000000000000,
0000000000000000,
0000000000000000,
0000000000000000,
0000000000000000,
0000000000000000,
0000000000000000,
0000000000000000,
0000000000000000,
0000000000000000,
0000000000000000,
0000000000000000,
0000000000000000,
0000000000000000,
0000000000000000,
0000000000000000,
0000000000000000,
0000000000000000,
0000000000000000,
0000000000000000,
0000000000000000,
0000000000000000,
0000000000000000,
0000000000000000,
0000000000000000,
0000000000000000,
0000000000000000,
0000000000000000,
0000000000000000,
0000000000000000,
0000000000000000,
0000000000000000,
0000000000000000,
0000000000000000,
0000000000000000,
0000000000000000,
0000000000000000,
0000000000000000,
0000000000000000,
0000000000000000,
0000000000000000,
0000000000000000,
0000000000000000,
0000000000000000,
0000000000000000,
0000000000000000,
0000000000000000,
0000000000000000,
0000000000000000,
0000000000000000,
0000000000000000,
0000000000000000,
0000000000000000,
0000000000000000,
0000000000000000,
0000000000000000,
0000000000000000,
0000000000000000,
0000000000000000,
0000000000000000,
0000000000000000,
0000000000000000,
0000000000000000,
0000000000000000,
0000000000000000,
0000000000000000,
0000000000000000,
0000000000000000,
0000000000000000,
0000000000000000,
0000000000000000,
0000000000000000,
0000000000000000,
0000000000000000,
0000000000000000,
0000000000000000,
0000000000000000,
0000000000000000,
0000000000000000,
0000000000000000,
0000000000000000,
0000000000000000,
0000000000000000,
0000000000000000,
0000000000000000,
0000000000000000,
0000000000000000,
0000000000000000,
0000000000000000,
0000000000000000,
0000000000000000,
0000000000000000,
0000000000000000,
0000000000000000,
0000000000000000,
0000000000000000,
0000000000000000,
0000000000000000,
0000000000000000,
0000000000000000,
0000000000000000,
0000000000000000,
0000000000000000,
0000000000000000,
0000000000000000,
0000000000000000,
0000000000000000,
0000000000000000,
0000000000000000,
0000000000000000,
0000000000000000,
0000000000000000,
0000000000000000,
0000000000000000,
0000000000000000,
0000000000000000,
0000000000000000,
0000000000000000,
0000000000000000,
0000000000000000,
0000000000000000,
0000000000000000,
0000000000000000,
0000000000000000,
0000000000000000,
0000000000000000,
0000000000000000,
0000000000000000,
0000000000000000,
0000000000000000,
0000000000000000,
0000000000000000,
0000000000000000,
0000000000000000,
0000000000000000,
0000000000000000,
0000000000000000,
0000000000000000,
0000000000000000,
0000000000000000,
0000000000000000,
0000000000000000,
0000000000000000,
0000000000000000,
0000000000000000,
0000000000000000,
0000000000000000,
0000000000000000,
0000000000000000,
0000000000000000,
0000000000000000,
0000000000000000,
0000000000000000,
0000000000000000,
0000000000000000,
0000000000000000,
0000000000000000,
0000000000000000,
0000000000000000,
0000000000000000,
0000000000000000,
0000000000000000,
0000000000000000,
0000000000000000,
0000000000000000,
0000000000000000,
0000000000000000,
0000000000000000,
0000000000000000,
0000000000000000,
0000000000000000,
0000000000000000,
0000000000000000,
0000000000000000,
0000000000000000,
0000000000000000,
0000000000000000,
0000000000000000,
0000000000000000,
0000000000000000,
0000000000000000,
0000000000000000,
0000000000000000,
0000000000000000,
0000000000000000,
0000000000000000,
0000000000000000,
0000000000000000,
0000000000000000,
0000000000000000,
0000000000000000,
0000000000000000,
0000000000000000,
0000000000000000,
0000000000000000,
0000000000000000,
0000000000000000,
0000000000000000,
0000000000000000,
0000000000000000,
0000000000000000,
0000000000000000,
0000000000000000,
0000000000000000,
0000000000000000,
0000000000000000,
0000000000000000,
0000000000000000,
0000000000000000,
0000000000000000,
0000000000000000,
0000000000000000,
0000000000000000,
0000000000000000,
0000000000000000,
0000000000000000,
0000000000000000,
0000000000000000,
0000000000000000,
0000000000000000,
0000000000000000,
0000000000000000,
0000000000000000,
0000000000000000,
0000000000000000,
0000000000000000,
0000000000000000,
0000000000000000,
0000000000000000,
0000000000000000,
0000000000000000,
0000000000000000,
0000000000000000,
0000000000000000,
0000000000000000,
0000000000000000,
0000000000000000,
0000000000000000,
0000000000000000,
0000000000000000,
0000000000000000,
0000000000000000,
0000000000000000,
0000000000000000,
0000000000000000,
0000000000000000,
0000000000000000,
0000000000000000,
0000000000000000,
0000000000000000,
0000000000000000,
0000000000000000,
0000000000000000,
0000000000000000,
0000000000000000,
0000000000000000,
0000000000000000,
0000000000000000,
0000000000000000,
0000000000000000,
0000000000000000,
0000000000000000,
0000000000000000,
0000000000000000,
0000000000000000,
0000000000000000,
0000000000000000,
0000000000000000,
0000000000000000,
0000000000000000,
0000000000000000,
0000000000000000,
0000000000000000,
0000000000000000,
0000000000000000,
0000000000000000,
0000000000000000,
0000000000000000,
0000000000000000,
0000000000000000,
0000000000000000,
0000000000000000,
0000000000000000,
0000000000000000,
0000000000000000,
0000000000000000,
0000000000000000,
0000000000000000,
0000000000000000,
0000000000000000,
0000000000000000,
0000000000000000,
0000000000000000,
0000000000000000,
0000000000000000,
0000000000000000,
0000000000000000,
0000000000000000,
0000000000000000,
0000000000000000,
0000000000000000,
0000000000000000,
0000000000000000,
0000000000000000,
0000000000000000,
0000000000000000,
0000000000000000,
0000000000000000,
0000000000000000,
0000000000000000,
0000000000000000,
0000000000000000,
0000000000000000,
0000000000000000,
0000000000000000,
0000000000000000,
0000000000000000,
0000000000000000,
0000000000000000,
0000000000000000,
0000000000000000,
0000000000000000,
0000000000000000,
0000000000000000,
0000000000000000,
0000000000000000,
0000000000000000,
0000000000000000,
0000000000000000,
0000000000000000,
0000000000000000,
0000000000000000,
0000000000000000,
0000000000000000,
0000000000000000,
0000000000000000,
0000000000000000,
0000000000000000,
0000000000000000,
0000000000000000,
0000000000000000,
0000000000000000,
0000000000000000,
0000000000000000,
0000000000000000,
0000000000000000,
0000000000000000,
0000000000000000,
0000000000000000,
0000000000000000,
0000000000000000,
0000000000000000,
0000000000000000,
0000000000000000,
0000000000000000,
0000000000000000,
0000000000000000,
0000000000000000,
0000000000000000,
0000000000000000,
0000000000000000,
0000000000000000,
0000000000000000,
0000000000000000,
0000000000000000,
0000000000000000,
0000000000000000,
0000000000000000,
0000000000000000,
0000000000000000,
0000000000000000,
0000000000000000,
0000000000000000,
0000000000000000,
0000000000000000,
0000000000000000,
0000000000000000,
0000000000000000,
0000000000000000,
0000000000000000,
0000000000000000,
0000000000000000,
0000000000000000,
0000000000000000,
0000000000000000,
0000000000000000,
0000000000000000,
0000000000000000,
0000000000000000,
0000000000000000,
0000000000000000,
0000000000000000,
0000000000000000,
0000000000000000,
0000000000000000,
0000000000000000,
0000000000000000,
0000000000000000,
0000000000000000,
0000000000000000,
0000000000000000,
0000000000000000,
0000000000000000,
0000000000000000,
0000000000000000,
0000000000000000,
0000000000000000,
0000000000000000,
0000000000000000,
0000000000000000,
0000000000000000,
0000000000000000,
0000000000000000,
0000000000000000,
0000000000000000,
0000000000000000,
0000000000000000,
0000000000000000,
0000000000000000,
0000000000000000,
0000000000000000,
0000000000000000,
0000000000000000,
0000000000000000,
0000000000000000,
0000000000000000,
0000000000000000,
0000000000000000,
0000000000000000,
0000000000000000,
0000000000000000,
0000000000000000,
0000000000000000,
0000000000000000,
0000000000000000,
0000000000000000,
0000000000000000,
0000000000000000,
0000000000000000,
0000000000000000,
0000000000000000,
0000000000000000,
0000000000000000,
0000000000000000,
0000000000000000,
0000000000000000,
0000000000000000,
0000000000000000,
0000000000000000,
0000000000000000,
0000000000000000,
0000000000000000,
0000000000000000,
0000000000000000,
0000000000000000,
0000000000000000,
0000000000000000,
0000000000000000,
0000000000000000,
0000000000000000,
0000000000000000,
0000000000000000,
0000000000000000,
0000000000000000,
0000000000000000,
0000000000000000,
0000000000000000,
0000000000000000,
0000000000000000,
0000000000000000,
0000000000000000,
0000000000000000,
0000000000000000,
0000000000000000,
0000000000000000,
0000000000000000,
0000000000000000,
0000000000000000,
0000000000000000,
0000000000000000,
0000000000000000,
0000000000000000,
0000000000000000,
0000000000000000,
0000000000000000,
0000000000000000,
0000000000000000,
0000000000000000,
0000000000000000,
0000000000000000,
0000000000000000,
0000000000000000,
0000000000000000,
0000000000000000,
0000000000000000,
0000000000000000,
0000000000000000,
0000000000000000,
0000000000000000,
0000000000000000,
0000000000000000,
0000000000000000,
0000000000000000,
0000000000000000,
0000000000000000,
0000000000000000,
0000000000000000,
0000000000000000,
0000000000000000,
0000000000000000,
0000000000000000,
0000000000000000,
0000000000000000,
0000000000000000,
0000000000000000,
0000000000000000,
0000000000000000,
0000000000000000,
0000000000000000,
0000000000000000,
0000000000000000,
0000000000000000,
0000000000000000,
0000000000000000,
0000000000000000,
0000000000000000,
0000000000000000,
0000000000000000,
0000000000000000,
0000000000000000,
0000000000000000,
0000000000000000,
0000000000000000,
0000000000000000,
0000000000000000,
0000000000000000,
0000000000000000,
0000000000000000,
0000000000000000,
0000000000000000,
0000000000000000,
0000000000000000,
0000000000000000,
0000000000000000,
0000000000000000,
0000000000000000,
0000000000000000,
0000000000000000,
0000000000000000,
0000000000000000,
0000000000000000,
0000000000000000,
0000000000000000,
0000000000000000,
0000000000000000,
0000000000000000,
0000000000000000,
0000000000000000,
0000000000000000,
0000000000000000,
0000000000000000,
0000000000000000,
0000000000000000,
0000000000000000,
0000000000000000,
0000000000000000,
0000000000000000,
0000000000000000,
0000000000000000,
0000000000000000,
0000000000000000,
0000000000000000,
0000000000000000,
0000000000000000,
0000000000000000,
0000000000000000,
0000000000000000,
0000000000000000,
0000000000000000,
0000000000000000,
0000000000000000,
0000000000000000,
0000000000000000,
0000000000000000,
0000000000000000,
0000000000000000,
0000000000000000,
0000000000000000,
0000000000000000,
0000000000000000,
0000000000000000,
0000000000000000,
0000000000000000,
0000000000000000,
0000000000000000,
0000000000000000,
0000000000000000,
0000000000000000,
0000000000000000,
0000000000000000,
0000000000000000,
0000000000000000,
0000000000000000,
0000000000000000,
0000000000000000,
0000000000000000,
0000000000000000,
0000000000000000,
0000000000000000,
0000000000000000,
0000000000000000,
0000000000000000,
0000000000000000,
0000000000000000,
0000000000000000,
0000000000000000,
0000000000000000,
0000000000000000,
0000000000000000,
0000000000000000,
0000000000000000,
0000000000000000,
0000000000000000,
0000000000000000,
0000000000000000,
0000000000000000,
0000000000000000,
0000000000000000,
0000000000000000,
0000000000000000,
0000000000000000,
0000000000000000,
0000000000000000,
0000000000000000,
0000000000000000,
0000000000000000,
0000000000000000,
0000000000000000,
0000000000000000,
0000000000000000,
0000000000000000,
0000000000000000,
0000000000000000,
0000000000000000,
0000000000000000,
0000000000000000,
0000000000000000,
0000000000000000,
0000000000000000,
0000000000000000,
0000000000000000,
0000000000000000,
0000000000000000,
0000000000000000,
0000000000000000,
0000000000000000,
0000000000000000,
0000000000000000,
0000000000000000,
0000000000000000,
0000000000000000,
0000000000000000,
0000000000000000,
0000000000000000,
0000000000000000,
0000000000000000,
0000000000000000,
0000000000000000,
0000000000000000,
0000000000000000,
0000000000000000,
0000000000000000,
0000000000000000,
0000000000000000,
0000000000000000,
0000000000000000,
0000000000000000,
0000000000000000,
0000000000000000,
0000000000000000,
0000000000000000,
0000000000000000,
0000000000000000,
0000000000000000,
0000000000000000,
0000000000000000,
0000000000000000,
0000000000000000,
0000000000000000,
0000000000000000,
0000000000000000,
0000000000000000,
0000000000000000,
0000000000000000,
0000000000000000,
0000000000000000,
0000000000000000,
0000000000000000,
0000000000000000,
0000000000000000,
0000000000000000,
0000000000000000,
0000000000000000,
0000000000000000,
0000000000000000,
0000000000000000,
0000000000000000,
0000000000000000,
0000000000000000,
0000000000000000,
0000000000000000,
0000000000000000,
0000000000000000,
0000000000000000,
0000000000000000,
0000000000000000,
0000000000000000,
0000000000000000,
0000000000000000,
0000000000000000,
0000000000000000,
0000000000000000,
0000000000000000,
0000000000000000,
0000000000000000,
0000000000000000,
0000000000000000,
0000000000000000,
0000000000000000,
0000000000000000,
0000000000000000,
0000000000000000,
0000000000000000,
0000000000000000,
0000000000000000,
0000000000000000,
0000000000000000,
0000000000000000,
0000000000000000,
0000000000000000,
0000000000000000,
0000000000000000,
0000000000000000,
0000000000000000,
0000000000000000,
0000000000000000,
0000000000000000,
0000000000000000,
0000000000000000,
0000000000000000,
0000000000000000,
0000000000000000,
0000000000000000,
0000000000000000,
0000000000000000,
0000000000000000,
0000000000000000,
0000000000000000,
0000000000000000,
0000000000000000,
0000000000000000,
0000000000000000,
0000000000000000,
0000000000000000,
0000000000000000,
0000000000000000,
0000000000000000,
0000000000000000,
0000000000000000,
0000000000000000,
0000000000000000,
0000000000000000,
0000000000000000,
0000000000000000,
0000000000000000,
0000000000000000,
0000000000000000,
0000000000000000,
0000000000000000,
0000000000000000,
0000000000000000,
0000000000000000,
0000000000000000,
0000000000000000,
0000000000000000,
0000000000000000,
0000000000000000,
0000000000000000,
0000000000000000,
0000000000000000,
0000000000000000,
0000000000000000,
0000000000000000,
0000000000000000,
0000000000000000,
0000000000000000,
0000000000000000,
0000000000000000,
0000000000000000,
0000000000000000,
0000000000000000,
0000000000000000,
0000000000000000,
0000000000000000,
0000000000000000,
0000000000000000,
0000000000000000,
0000000000000000,
0000000000000000,
0000000000000000,
0000000000000000,
0000000000000000,
0000000000000000,
0000000000000000,
0000000000000000,
0000000000000000,
0000000000000000,
0000000000000000,
0000000000000000,
0000000000000000,
0000000000000000,
0000000000000000,
0000000000000000,
0000000000000000,
0000000000000000,
0000000000000000,
0000000000000000,
0000000000000000,
0000000000000000,
0000000000000000,
0000000000000000,
0000000000000000,
0000000000000000,
0000000000000000,
0000000000000000,
0000000000000000,
0000000000000000,
0000000000000000,
0000000000000000,
0000000000000000,
0000000000000000,
0000000000000000,
0000000000000000,
0000000000000000,
0000000000000000,
0000000000000000,
0000000000000000,
0000000000000000,
0000000000000000,
0000000000000000,
0000000000000000,
0000000000000000,
0000000000000000,
0000000000000000,
0000000000000000,
0000000000000000,
0000000000000000,
0000000000000000,
0000000000000000,
0000000000000000,
0000000000000000,
0000000000000000,
0000000000000000,
0000000000000000,
0000000000000000,
0000000000000000,
0000000000000000,
0000000000000000,
0000000000000000,
0000000000000000,
0000000000000000,
0000000000000000,
0000000000000000,
0000000000000000,
0000000000000000,
0000000000000000,
0000000000000000,
0000000000000000,
0000000000000000,
0000000000000000,
0000000000000000,
0000000000000000,
0000000000000000,
0000000000000000,
0000000000000000,
0000000000000000,
0000000000000000,
0000000000000000,
0000000000000000,
0000000000000000,
0000000000000000,
0000000000000000,
0000000000000000,
0000000000000000,
0000000000000000,
0000000000000000,
0000000000000000,
0000000000000000,
0000000000000000,
0000000000000000,
0000000000000000,
0000000000000000,
0000000000000000,
0000000000000000,
0000000000000000,
0000000000000000,
0000000000000000,
0000000000000000,
0000000000000000,
0000000000000000,
0000000000000000,
0000000000000000,
0000000000000000,
0000000000000000,
0000000000000000,
0000000000000000,
0000000000000000,
0000000000000000,
0000000000000000,
0000000000000000,
0000000000000000,
0000000000000000,
0000000000000000,
0000000000000000,
0000000000000000,
0000000000000000,
0000000000000000,
0000000000000000,
0000000000000000,
0000000000000000,
0000000000000000,
0000000000000000,
0000000000000000,
0000000000000000,
0000000000000000,
0000000000000000,
0000000000000000,
0000000000000000,
0000000000000000,
0000000000000000,
0000000000000000,
0000000000000000,
0000000000000000,
0000000000000000,
0000000000000000,
0000000000000000,
0000000000000000,
0000000000000000,
0000000000000000,
0000000000000000,
0000000000000000,
0000000000000000,
0000000000000000,
0000000000000000,
0000000000000000,
0000000000000000,
0000000000000000,
0000000000000000,
0000000000000000,
0000000000000000,
0000000000000000,
0000000000000000,
0000000000000000,
0000000000000000,
0000000000000000,
0000000000000000,
0000000000000000,
0000000000000000,
0000000000000000,
0000000000000000,
0000000000000000,
0000000000000000,
0000000000000000,
0000000000000000,
0000000000000000,
0000000000000000,
0000000000000000,
0000000000000000,
0000000000000000,
0000000000000000,
0000000000000000,
0000000000000000,
0000000000000000,
0000000000000000,
0000000000000000,
0000000000000000,
0000000000000000,
0000000000000000,
0000000000000000,
0000000000000000,
0000000000000000,
0000000000000000,
0000000000000000,
0000000000000000,
0000000000000000,
0000000000000000,
0000000000000000,
0000000000000000,
0000000000000000,
0000000000000000,
0000000000000000,
0000000000000000,
0000000000000000,
0000000000000000,
0000000000000000,
0000000000000000,
0000000000000000,
0000000000000000,
0000000000000000,
0000000000000000,
0000000000000000,
0000000000000000,
0000000000000000,
0000000000000000,
0000000000000000,
0000000000000000,
0000000000000000,
0000000000000000,
0000000000000000,
0000000000000000,
0000000000000000,
0000000000000000,
0000000000000000,
0000000000000000,
0000000000000000,
0000000000000000,
0000000000000000,
0000000000000000,
0000000000000000,
0000000000000000,
0000000000000000,
0000000000000000,
0000000000000000,
0000000000000000,
0000000000000000,
0000000000000000,
0000000000000000,
0000000000000000,
0000000000000000,
0000000000000000,
0000000000000000,
0000000000000000,
0000000000000000,
0000000000000000,
0000000000000000,
0000000000000000,
0000000000000000,
0000000000000000,
0000000000000000,
0000000000000000,
0000000000000000,
0000000000000000,
0000000000000000,
0000000000000000,
0000000000000000,
0000000000000000,
0000000000000000,
0000000000000000,
0000000000000000,
0000000000000000,
0000000000000000,
0000000000000000,
0000000000000000,
0000000000000000,
0000000000000000,
0000000000000000,
0000000000000000,
0000000000000000,
0000000000000000,
0000000000000000,
0000000000000000,
0000000000000000,
0000000000000000,
0000000000000000,
0000000000000000,
0000000000000000,
0000000000000000,
0000000000000000,
0000000000000000,
0000000000000000,
0000000000000000,
0000000000000000,
0000000000000000,
0000000000000000,
0000000000000000,
0000000000000000,
0000000000000000,
0000000000000000,
0000000000000000,
0000000000000000,
0000000000000000,
0000000000000000,
0000000000000000,
0000000000000000,
0000000000000000,
0000000000000000,
0000000000000000,
0000000000000000,
0000000000000000,
0000000000000000,
0000000000000000,
0000000000000000,
0000000000000000,
0000000000000000,
0000000000000000,
0000000000000000,
0000000000000000,
0000000000000000,
0000000000000000,
0000000000000000,
0000000000000000,
0000000000000000,
0000000000000000,
0000000000000000,
0000000000000000,
0000000000000000,
0000000000000000,
0000000000000000,
0000000000000000,
0000000000000000,
0000000000000000,
0000000000000000,
0000000000000000,
0000000000000000,
0000000000000000,
0000000000000000,
0000000000000000,
0000000000000000,
0000000000000000,
0000000000000000,
0000000000000000,
0000000000000000,
0000000000000000,
0000000000000000,
0000000000000000,
0000000000000000,
0000000000000000,
0000000000000000,
0000000000000000,
0000000000000000,
0000000000000000,
0000000000000000,
0000000000000000,
0000000000000000,
0000000000000000,
0000000000000000,
0000000000000000,
0000000000000000,
0000000000000000,
0000000000000000,
0000000000000000,
0000000000000000,
0000000000000000,
0000000000000000,
0000000000000000,
0000000000000000,
0000000000000000,
0000000000000000,
0000000000000000,
0000000000000000,
0000000000000000,
0000000000000000,
0000000000000000,
0000000000000000,
0000000000000000,
0000000000000000,
0000000000000000,
0000000000000000,
0000000000000000,
0000000000000000,
0000000000000000,
0000000000000000,
0000000000000000,
0000000000000000,
0000000000000000,
0000000000000000,
0000000000000000,
0000000000000000,
0000000000000000,
0000000000000000,
0000000000000000,
0000000000000000,
0000000000000000,
0000000000000000,
0000000000000000,
0000000000000000,
0000000000000000,
0000000000000000,
0000000000000000,
0000000000000000,
0000000000000000,
0000000000000000,
0000000000000000,
0000000000000000,
0000000000000000,
0000000000000000,
0000000000000000,
0000000000000000,
0000000000000000,
0000000000000000,
0000000000000000,
0000000000000000,
0000000000000000,
0000000000000000,
0000000000000000,
0000000000000000,
0000000000000000,
0000000000000000,
0000000000000000,
0000000000000000,
0000000000000000,
0000000000000000,
0000000000000000,
0000000000000000,
0000000000000000,
0000000000000000,
0000000000000000,
0000000000000000,
0000000000000000,
0000000000000000,
0000000000000000,
0000000000000000,
0000000000000000,
0000000000000000,
0000000000000000,
0000000000000000,
0000000000000000,
0000000000000000,
0000000000000000,
0000000000000000,
0000000000000000,
0000000000000000,
0000000000000000,
0000000000000000,
0000000000000000,
0000000000000000,
0000000000000000,
0000000000000000,
0000000000000000,
0000000000000000,
0000000000000000,
0000000000000000,
0000000000000000,
0000000000000000,
0000000000000000,
0000000000000000,
0000000000000000,
0000000000000000,
0000000000000000,
0000000000000000,
0000000000000000,
0000000000000000,
0000000000000000,
0000000000000000,
0000000000000000,
0000000000000000,
0000000000000000,
0000000000000000,
0000000000000000,
0000000000000000,
0000000000000000,
0000000000000000,
0000000000000000,
0000000000000000,
0000000000000000,
0000000000000000,
0000000000000000,
0000000000000000,
0000000000000000,
0000000000000000,
0000000000000000,
0000000000000000,
0000000000000000,
0000000000000000,
0000000000000000,
0000000000000000,
0000000000000000,
0000000000000000,
0000000000000000,
0000000000000000,
0000000000000000,
0000000000000000,
0000000000000000,
0000000000000000,
0000000000000000,
0000000000000000,
0000000000000000,
0000000000000000,
0000000000000000,
0000000000000000,
0000000000000000,
0000000000000000,
0000000000000000,
0000000000000000,
0000000000000000,
0000000000000000,
0000000000000000,
0000000000000000,
0000000000000000,
0000000000000000,
0000000000000000,
0000000000000000,
0000000000000000,
0000000000000000,
0000000000000000,
0000000000000000,
0000000000000000,
0000000000000000,
0000000000000000,
0000000000000000,
0000000000000000,
0000000000000000,
0000000000000000,
0000000000000000,
0000000000000000,
0000000000000000,
0000000000000000,
0000000000000000,
0000000000000000,
0000000000000000,
0000000000000000,
0000000000000000,
0000000000000000,
0000000000000000,
0000000000000000,
0000000000000000,
0000000000000000,
0000000000000000,
0000000000000000,
0000000000000000,
0000000000000000,
0000000000000000,
0000000000000000,
0000000000000000,
0000000000000000,
0000000000000000,
0000000000000000,
0000000000000000,
0000000000000000,
0000000000000000,
0000000000000000,
0000000000000000,
0000000000000000,
0000000000000000,
0000000000000000,
0000000000000000,
0000000000000000,
0000000000000000,
0000000000000000,
0000000000000000,
0000000000000000,
0000000000000000,
0000000000000000,
0000000000000000,
0000000000000000,
0000000000000000,
0000000000000000,
0000000000000000,
0000000000000000,
0000000000000000,
0000000000000000,
0000000000000000,
0000000000000000,
0000000000000000,
0000000000000000,
0000000000000000,
0000000000000000,
0000000000000000,
0000000000000000,
0000000000000000,
0000000000000000,
0000000000000000,
0000000000000000,
0000000000000000,
0000000000000000,
0000000000000000,
0000000000000000,
0000000000000000,
0000000000000000,
0000000000000000,
0000000000000000,
0000000000000000,
0000000000000000,
0000000000000000,
0000000000000000,
0000000000000000,
0000000000000000,
0000000000000000,
0000000000000000,
0000000000000000,
0000000000000000,
0000000000000000,
0000000000000000,
0000000000000000,
0000000000000000,
0000000000000000,
0000000000000000,
0000000000000000,
0000000000000000,
0000000000000000,
0000000000000000,
0000000000000000,
0000000000000000,
0000000000000000,
0000000000000000,
0000000000000000,
0000000000000000,
0000000000000000,
0000000000000000,
0000000000000000,
0000000000000000,
0000000000000000,
0000000000000000,
0000000000000000,
0000000000000000,
0000000000000000,
0000000000000000,
0000000000000000,
0000000000000000,
0000000000000000,
0000000000000000,
0000000000000000,
0000000000000000,
0000000000000000,
0000000000000000,
0000000000000000,
0000000000000000,
0000000000000000,
0000000000000000,
0000000000000000,
0000000000000000,
0000000000000000,
0000000000000000,
0000000000000000,
0000000000000000,
0000000000000000,
0000000000000000,
0000000000000000,
0000000000000000,
0000000000000000,
0000000000000000,
0000000000000000,
0000000000000000,
0000000000000000,
0000000000000000,
0000000000000000,
0000000000000000,
0000000000000000,
0000000000000000,
0000000000000000,
0000000000000000,
0000000000000000,
0000000000000000,
0000000000000000,
0000000000000000,
0000000000000000,
0000000000000000,
0000000000000000,
0000000000000000,
0000000000000000,
0000000000000000,
0000000000000000,
0000000000000000,
0000000000000000,
0000000000000000,
0000000000000000,
0000000000000000,
0000000000000000,
0000000000000000,
0000000000000000,
0000000000000000,
0000000000000000,
0000000000000000,
0000000000000000,
0000000000000000,
0000000000000000,
0000000000000000,
0000000000000000,
0000000000000000,
0000000000000000,
0000000000000000,
0000000000000000,
0000000000000000,
0000000000000000,
0000000000000000,
0000000000000000,
0000000000000000,
0000000000000000,
0000000000000000,
0000000000000000,
0000000000000000,
0000000000000000,
0000000000000000,
0000000000000000,
0000000000000000,
0000000000000000,
0000000000000000,
0000000000000000,
0000000000000000,
0000000000000000,
0000000000000000,
0000000000000000,
0000000000000000,
0000000000000000,
0000000000000000,
0000000000000000,
0000000000000000,
0000000000000000,
0000000000000000,
0000000000000000,
0000000000000000,
0000000000000000,
0000000000000000,
0000000000000000,
0000000000000000,
0000000000000000,
0000000000000000,
0000000000000000,
0000000000000000,
0000000000000000,
0000000000000000,
0000000000000000,
0000000000000000,
0000000000000000,
0000000000000000,
0000000000000000,
0000000000000000,
0000000000000000,
0000000000000000,
0000000000000000,
0000000000000000,
0000000000000000,
0000000000000000,
0000000000000000,
0000000000000000,
0000000000000000,
0000000000000000,
0000000000000000,
0000000000000000,
0000000000000000,
0000000000000000,
0000000000000000,
0000000000000000,
0000000000000000,
0000000000000000,
0000000000000000,
0000000000000000,
0000000000000000,
0000000000000000,
0000000000000000,
0000000000000000,
0000000000000000,
0000000000000000,
0000000000000000,
0000000000000000,
0000000000000000,
0000000000000000,
0000000000000000,
0000000000000000,
0000000000000000,
0000000000000000,
0000000000000000,
0000000000000000,
0000000000000000,
0000000000000000,
0000000000000000,
0000000000000000,
0000000000000000,
0000000000000000,
0000000000000000,
0000000000000000,
0000000000000000,
0000000000000000,
0000000000000000,
0000000000000000,
0000000000000000,
0000000000000000,
0000000000000000,
0000000000000000,
0000000000000000,
0000000000000000,
0000000000000000,
0000000000000000,
0000000000000000,
0000000000000000,
0000000000000000,
0000000000000000,
0000000000000000,
0000000000000000,
0000000000000000,
0000000000000000,
0000000000000000,
0000000000000000,
0000000000000000,
0000000000000000,
0000000000000000,
0000000000000000,
0000000000000000,
0000000000000000,
0000000000000000,
0000000000000000,
0000000000000000,
0000000000000000,
0000000000000000,
0000000000000000,
0000000000000000,
0000000000000000,
0000000000000000,
0000000000000000,
0000000000000000,
0000000000000000,
0000000000000000,
0000000000000000,
0000000000000000,
0000000000000000,
0000000000000000,
0000000000000000,
0000000000000000,
0000000000000000,
0000000000000000,
0000000000000000,
0000000000000000,
0000000000000000,
0000000000000000,
0000000000000000,
0000000000000000,
0000000000000000,
0000000000000000,
0000000000000000,
0000000000000000,
0000000000000000,
0000000000000000,
0000000000000000,
0000000000000000,
0000000000000000,
0000000000000000,
0000000000000000,
0000000000000000,
0000000000000000,
0000000000000000,
0000000000000000,
0000000000000000,
0000000000000000,
0000000000000000,
0000000000000000,
0000000000000000,
0000000000000000,
0000000000000000,
0000000000000000,
0000000000000000,
0000000000000000,
0000000000000000,
0000000000000000,
0000000000000000,
0000000000000000,
0000000000000000,
0000000000000000,
0000000000000000,
0000000000000000,
0000000000000000,
0000000000000000,
0000000000000000,
0000000000000000,
0000000000000000,
0000000000000000,
0000000000000000,
0000000000000000,
0000000000000000,
0000000000000000,
0000000000000000,
0000000000000000,
0000000000000000,
0000000000000000,
0000000000000000,
0000000000000000,
0000000000000000,
0000000000000000,
0000000000000000,
0000000000000000,
0000000000000000,
0000000000000000,
0000000000000000,
0000000000000000,
0000000000000000,
0000000000000000,
0000000000000000,
0000000000000000,
0000000000000000,
0000000000000000,
0000000000000000,
0000000000000000,
0000000000000000,
0000000000000000,
0000000000000000,
0000000000000000,
0000000000000000,
0000000000000000,
0000000000000000,
0000000000000000,
0000000000000000,
0000000000000000,
0000000000000000,
0000000000000000,
0000000000000000,
0000000000000000,
0000000000000000,
0000000000000000,
0000000000000000,
0000000000000000,
0000000000000000,
0000000000000000,
0000000000000000,
0000000000000000,
0000000000000000,
0000000000000000,
0000000000000000,
0000000000000000,
0000000000000000,
0000000000000000,
0000000000000000,
0000000000000000,
0000000000000000,
0000000000000000,
0000000000000000,
0000000000000000,
0000000000000000,
0000000000000000,
0000000000000000,
0000000000000000,
0000000000000000,
0000000000000000,
0000000000000000,
0000000000000000,
0000000000000000,
0000000000000000,
0000000000000000,
0000000000000000,
0000000000000000,
0000000000000000,
0000000000000000,
0000000000000000,
0000000000000000,
0000000000000000,
0000000000000000,
0000000000000000,
0000000000000000,
0000000000000000,
0000000000000000,
0000000000000000,
0000000000000000,
0000000000000000,
0000000000000000,
0000000000000000,
0000000000000000,
0000000000000000,
0000000000000000,
0000000000000000,
0000000000000000,
0000000000000000,
0000000000000000,
0000000000000000,
0000000000000000,
0000000000000000,
0000000000000000,
0000000000000000,
0000000000000000,
0000000000000000,
0000000000000000,
0000000000000000,
0000000000000000,
0000000000000000,
0000000000000000,
0000000000000000,
0000000000000000,
0000000000000000,
0000000000000000,
0000000000000000,
0000000000000000,
0000000000000000,
0000000000000000,
0000000000000000,
0000000000000000,
0000000000000000,
0000000000000000,
0000000000000000,
0000000000000000,
0000000000000000,
0000000000000000,
0000000000000000,
0000000000000000,
0000000000000000,
0000000000000000,
0000000000000000,
0000000000000000,
0000000000000000,
0000000000000000,
0000000000000000,
0000000000000000,
0000000000000000,
0000000000000000,
0000000000000000,
0000000000000000,
0000000000000000,
0000000000000000,
0000000000000000,
0000000000000000,
0000000000000000,
0000000000000000,
0000000000000000,
0000000000000000,
0000000000000000,
0000000000000000,
0000000000000000,
0000000000000000,
0000000000000000,
0000000000000000,
0000000000000000,
0000000000000000,
0000000000000000,
0000000000000000,
0000000000000000,
0000000000000000,
0000000000000000,
0000000000000000,
0000000000000000,
0000000000000000,
0000000000000000,
0000000000000000,
0000000000000000,
0000000000000000,
0000000000000000,
0000000000000000,
0000000000000000,
0000000000000000,
0000000000000000,
0000000000000000,
0000000000000000,
0000000000000000,
0000000000000000,
0000000000000000,
0000000000000000,
0000000000000000,
0000000000000000,
0000000000000000,
0000000000000000,
0000000000000000,
0000000000000000,
0000000000000000,
0000000000000000,
0000000000000000,
0000000000000000,
0000000000000000,
0000000000000000,
0000000000000000,
0000000000000000,
0000000000000000,
0000000000000000,
0000000000000000,
0000000000000000,
0000000000000000,
0000000000000000,
0000000000000000,
0000000000000000,
0000000000000000,
0000000000000000,
0000000000000000,
0000000000000000,
0000000000000000,
0000000000000000,
0000000000000000,
0000000000000000,
0000000000000000,
0000000000000000,
0000000000000000,
0000000000000000,
0000000000000000,
0000000000000000,
0000000000000000,
0000000000000000,
0000000000000000,
0000000000000000,
0000000000000000,
0000000000000000,
0000000000000000,
0000000000000000,
0000000000000000,
0000000000000000,
0000000000000000,
0000000000000000,
0000000000000000,
0000000000000000,
0000000000000000,
0000000000000000,
0000000000000000,
0000000000000000,
0000000000000000,
0000000000000000,
0000000000000000,
0000000000000000,
0000000000000000,
0000000000000000,
0000000000000000,
0000000000000000,
0000000000000000,
0000000000000000,
0000000000000000,
0000000000000000,
0000000000000000,
0000000000000000,
0000000000000000,
0000000000000000,
0000000000000000,
0000000000000000,
0000000000000000,
0000000000000000,
0000000000000000,
0000000000000000,
0000000000000000,
0000000000000000,
0000000000000000,
0000000000000000,
0000000000000000,
0000000000000000,
0000000000000000,
0000000000000000,
0000000000000000,
0000000000000000,
0000000000000000,
0000000000000000,
0000000000000000,
0000000000000000,
0000000000000000,
0000000000000000,
0000000000000000,
0000000000000000,
0000000000000000,
0000000000000000,
0000000000000000,
0000000000000000,
0000000000000000,
0000000000000000,
0000000000000000,
0000000000000000,
0000000000000000,
0000000000000000,
0000000000000000,
0000000000000000,
0000000000000000,
0000000000000000,
0000000000000000,
0000000000000000,
0000000000000000,
0000000000000000,
0000000000000000,
0000000000000000,
0000000000000000,
0000000000000000,
0000000000000000,
0000000000000000,
0000000000000000,
0000000000000000,
0000000000000000,
0000000000000000,
0000000000000000,
0000000000000000,
0000000000000000,
0000000000000000,
0000000000000000,
0000000000000000,
0000000000000000,
0000000000000000,
0000000000000000,
0000000000000000,
0000000000000000,
0000000000000000,
0000000000000000,
0000000000000000,
0000000000000000,
0000000000000000,
0000000000000000,
0000000000000000,
0000000000000000,
0000000000000000,
0000000000000000,
0000000000000000,
0000000000000000,
0000000000000000,
0000000000000000,
0000000000000000,
0000000000000000,
0000000000000000,
0000000000000000,
0000000000000000,
0000000000000000,
0000000000000000,
0000000000000000,
0000000000000000,
0000000000000000,
0000000000000000,
0000000000000000,
0000000000000000,
0000000000000000,
0000000000000000,
0000000000000000,
0000000000000000,
0000000000000000,
0000000000000000,
0000000000000000,
0000000000000000,
0000000000000000,
0000000000000000,
0000000000000000,
0000000000000000,
0000000000000000,
0000000000000000,
0000000000000000,
0000000000000000,
0000000000000000,
0000000000000000,
0000000000000000,
0000000000000000,
0000000000000000,
0000000000000000,
0000000000000000,
0000000000000000,
0000000000000000,
0000000000000000,
0000000000000000,
0000000000000000,
0000000000000000,
0000000000000000,
0000000000000000,
0000000000000000,
0000000000000000,
0000000000000000,
0000000000000000,
0000000000000000,
0000000000000000,
0000000000000000,
0000000000000000,
0000000000000000,
0000000000000000,
0000000000000000,
0000000000000000,
0000000000000000,
0000000000000000,
0000000000000000,
0000000000000000,
0000000000000000,
0000000000000000,
0000000000000000,
0000000000000000,
0000000000000000,
0000000000000000,
0000000000000000,
0000000000000000,
0000000000000000,
0000000000000000,
0000000000000000,
0000000000000000,
0000000000000000,
0000000000000000,
0000000000000000,
0000000000000000,
0000000000000000,
0000000000000000,
0000000000000000,
0000000000000000,
0000000000000000,
0000000000000000,
0000000000000000,
0000000000000000,
0000000000000000,
0000000000000000,
0000000000000000,
0000000000000000,
0000000000000000,
0000000000000000,
0000000000000000,
0000000000000000,
0000000000000000,
0000000000000000,
0000000000000000,
0000000000000000,
0000000000000000,
0000000000000000,
0000000000000000,
0000000000000000,
0000000000000000,
0000000000000000,
0000000000000000,
0000000000000000,
0000000000000000,
0000000000000000,
0000000000000000,
0000000000000000,
0000000000000000,
0000000000000000,
0000000000000000,
0000000000000000,
0000000000000000,
0000000000000000,
0000000000000000,
0000000000000000,
0000000000000000,
0000000000000000,
0000000000000000,
0000000000000000,
0000000000000000,
0000000000000000,
0000000000000000,
0000000000000000,
0000000000000000,
0000000000000000,
0000000000000000,
0000000000000000,
0000000000000000,
0000000000000000,
0000000000000000,
0000000000000000,
0000000000000000,
0000000000000000,
0000000000000000,
0000000000000000,
0000000000000000,
0000000000000000,
0000000000000000,
0000000000000000,
0000000000000000,
0000000000000000,
0000000000000000,
0000000000000000,
0000000000000000,
0000000000000000,
0000000000000000,
0000000000000000,
0000000000000000,
0000000000000000,
0000000000000000,
0000000000000000,
0000000000000000,
0000000000000000,
0000000000000000,
0000000000000000,
0000000000000000,
0000000000000000,
0000000000000000,
0000000000000000,
0000000000000000,
0000000000000000,
0000000000000000,
0000000000000000,
0000000000000000,
0000000000000000,
0000000000000000,
0000000000000000,
0000000000000000,
0000000000000000,
0000000000000000,
0000000000000000,
0000000000000000,
0000000000000000,
0000000000000000,
0000000000000000,
0000000000000000,
0000000000000000,
0000000000000000,
0000000000000000,
0000000000000000,
0000000000000000,
0000000000000000,
0000000000000000,
0000000000000000,
0000000000000000,
0000000000000000,
0000000000000000,
0000000000000000,
0000000000000000,
0000000000000000,
0000000000000000,
0000000000000000,
0000000000000000,
0000000000000000,
0000000000000000,
0000000000000000,
0000000000000000,
0000000000000000,
0000000000000000,
0000000000000000,
0000000000000000,
0000000000000000,
0000000000000000,
0000000000000000,
0000000000000000,
0000000000000000,
0000000000000000,
0000000000000000,
0000000000000000,
0000000000000000,
0000000000000000,
0000000000000000,
0000000000000000,
0000000000000000,
0000000000000000,
0000000000000000,
0000000000000000,
0000000000000000,
0000000000000000,
0000000000000000,
0000000000000000,
0000000000000000,
0000000000000000,
0000000000000000,
0000000000000000,
0000000000000000,
0000000000000000,
0000000000000000,
0000000000000000,
0000000000000000,
0000000000000000,
0000000000000000,
0000000000000000,
0000000000000000,
0000000000000000,
0000000000000000,
0000000000000000,
0000000000000000,
0000000000000000,
0000000000000000,
0000000000000000,
0000000000000000,
0000000000000000,
0000000000000000,
0000000000000000,
0000000000000000,
0000000000000000,
0000000000000000,
0000000000000000,
0000000000000000,
0000000000000000,
0000000000000000,
0000000000000000,
0000000000000000,
0000000000000000,
0000000000000000,
0000000000000000,
0000000000000000,
0000000000000000,
0000000000000000,
0000000000000000,
0000000000000000,
0000000000000000,
0000000000000000,
0000000000000000,
0000000000000000,
0000000000000000,
0000000000000000,
0000000000000000,
0000000000000000,
0000000000000000,
0000000000000000,
0000000000000000,
0000000000000000,
0000000000000000,
0000000000000000,
0000000000000000,
0000000000000000,
0000000000000000,
0000000000000000,
0000000000000000,
0000000000000000,
0000000000000000,
0000000000000000,
0000000000000000,
0000000000000000,
0000000000000000,
0000000000000000,
0000000000000000,
0000000000000000,
0000000000000000,
0000000000000000,
0000000000000000,
0000000000000000,
0000000000000000,
0000000000000000,
0000000000000000,
0000000000000000,
0000000000000000,
0000000000000000,
0000000000000000,
0000000000000000,
0000000000000000,
0000000000000000,
0000000000000000,
0000000000000000,
0000000000000000,
0000000000000000,
0000000000000000,
0000000000000000,
0000000000000000,
0000000000000000,
0000000000000000,
0000000000000000,
0000000000000000,
0000000000000000,
0000000000000000,
0000000000000000,
0000000000000000,
0000000000000000,
0000000000000000,
0000000000000000,
0000000000000000,
0000000000000000,
0000000000000000,
0000000000000000,
0000000000000000,
0000000000000000,
0000000000000000,
0000000000000000,
0000000000000000,
0000000000000000,
0000000000000000,
0000000000000000,
0000000000000000,
0000000000000000,
0000000000000000,
0000000000000000,
0000000000000000,
0000000000000000,
0000000000000000,
0000000000000000,
0000000000000000,
0000000000000000,
0000000000000000,
0000000000000000,
0000000000000000,
0000000000000000,
0000000000000000,
0000000000000000,
0000000000000000,
0000000000000000,
0000000000000000,
0000000000000000,
0000000000000000,
0000000000000000,
0000000000000000,
0000000000000000,
0000000000000000,
0000000000000000,
0000000000000000,
0000000000000000,
0000000000000000,
0000000000000000,
0000000000000000,
0000000000000000,
0000000000000000,
0000000000000000,
0000000000000000,
0000000000000000,
0000000000000000,
0000000000000000,
0000000000000000,
0000000000000000,
0000000000000000,
0000000000000000,
0000000000000000,
0000000000000000,
0000000000000000,
0000000000000000,
0000000000000000,
0000000000000000,
0000000000000000,
0000000000000000,
0000000000000000,
0000000000000000,
0000000000000000,
0000000000000000,
0000000000000000,
0000000000000000,
0000000000000000,
0000000000000000,
0000000000000000,
0000000000000000,
0000000000000000,
0000000000000000,
0000000000000000,
0000000000000000,
0000000000000000,
0000000000000000,
0000000000000000,
0000000000000000,
0000000000000000,
0000000000000000,
0000000000000000,
0000000000000000,
0000000000000000,
0000000000000000,
0000000000000000,
0000000000000000,
0000000000000000,
0000000000000000,
0000000000000000,
0000000000000000,
0000000000000000,
0000000000000000,
0000000000000000,
0000000000000000,
0000000000000000,
0000000000000000,
0000000000000000,
0000000000000000,
0000000000000000,
0000000000000000,
0000000000000000,
0000000000000000,
0000000000000000,
0000000000000000,
0000000000000000,
0000000000000000,
0000000000000000,
0000000000000000,
0000000000000000,
0000000000000000,
0000000000000000,
0000000000000000,
0000000000000000,
0000000000000000,
0000000000000000,
0000000000000000,
0000000000000000,
0000000000000000,
0000000000000000,
0000000000000000,
0000000000000000,
0000000000000000,
0000000000000000,
0000000000000000,
0000000000000000,
0000000000000000,
0000000000000000,
0000000000000000,
0000000000000000,
0000000000000000,
0000000000000000,
0000000000000000,
0000000000000000,
0000000000000000,
0000000000000000,
0000000000000000,
0000000000000000,
0000000000000000,
0000000000000000,
0000000000000000,
0000000000000000,
0000000000000000,
0000000000000000,
0000000000000000,
0000000000000000,
0000000000000000,
0000000000000000,
0000000000000000,
0000000000000000,
0000000000000000,
0000000000000000,
0000000000000000,
0000000000000000,
0000000000000000,
0000000000000000,
0000000000000000,
0000000000000000,
0000000000000000,
0000000000000000,
0000000000000000,
0000000000000000,
0000000000000000,
0000000000000000,
0000000000000000,
0000000000000000,
0000000000000000,
0000000000000000,
0000000000000000,
0000000000000000,
0000000000000000,
0000000000000000,
0000000000000000,
0000000000000000,
0000000000000000,
0000000000000000,
0000000000000000,
0000000000000000,
0000000000000000,
0000000000000000,
0000000000000000,
0000000000000000,
0000000000000000,
0000000000000000,
0000000000000000,
0000000000000000,
0000000000000000,
0000000000000000,
0000000000000000,
0000000000000000,
0000000000000000,
0000000000000000,
0000000000000000,
0000000000000000,
0000000000000000,
0000000000000000,
0000000000000000,
0000000000000000,
0000000000000000,
0000000000000000,
0000000000000000,
0000000000000000,
0000000000000000,
0000000000000000,
0000000000000000,
0000000000000000,
0000000000000000,
0000000000000000,
0000000000000000,
0000000000000000,
0000000000000000,
0000000000000000,
0000000000000000,
0000000000000000,
0000000000000000,
0000000000000000,
0000000000000000,
0000000000000000,
0000000000000000,
0000000000000000,
0000000000000000,
0000000000000000,
0000000000000000,
0000000000000000,
0000000000000000,
0000000000000000,
0000000000000000,
0000000000000000,
0000000000000000,
0000000000000000,
0000000000000000,
0000000000000000,
0000000000000000,
0000000000000000,
0000000000000000,
0000000000000000,
0000000000000000,
0000000000000000,
0000000000000000,
0000000000000000,
0000000000000000,
0000000000000000,
0000000000000000,
0000000000000000,
0000000000000000,
0000000000000000,
0000000000000000,
0000000000000000,
0000000000000000,
0000000000000000,
0000000000000000,
0000000000000000,
0000000000000000,
0000000000000000,
0000000000000000,
0000000000000000,
0000000000000000,
0000000000000000,
0000000000000000,
0000000000000000,
0000000000000000,
0000000000000000,
0000000000000000,
0000000000000000,
0000000000000000,
0000000000000000,
0000000000000000,
0000000000000000,
0000000000000000,
0000000000000000,
0000000000000000,
0000000000000000,
0000000000000000,
0000000000000000,
0000000000000000,
0000000000000000,
0000000000000000,
0000000000000000,
0000000000000000,
0000000000000000,
0000000000000000,
0000000000000000,
0000000000000000,
0000000000000000,
0000000000000000,
0000000000000000,
0000000000000000,
0000000000000000,
0000000000000000,
0000000000000000,
0000000000000000,
0000000000000000,
0000000000000000,
0000000000000000,
0000000000000000,
0000000000000000,
0000000000000000,
0000000000000000,
0000000000000000,
0000000000000000,
0000000000000000,
0000000000000000,
0000000000000000,
0000000000000000,
0000000000000000,
0000000000000000,
0000000000000000,
0000000000000000,
0000000000000000,
0000000000000000,
0000000000000000,
0000000000000000,
0000000000000000,
0000000000000000,
0000000000000000,
0000000000000000,
0000000000000000,
0000000000000000,
0000000000000000,
0000000000000000,
0000000000000000,
0000000000000000,
0000000000000000,
0000000000000000,
0000000000000000,
0000000000000000,
0000000000000000,
0000000000000000,
0000000000000000,
0000000000000000,
0000000000000000,
0000000000000000,
0000000000000000,
0000000000000000,
0000000000000000,
0000000000000000,
0000000000000000,
0000000000000000,
0000000000000000,
0000000000000000,
0000000000000000,
0000000000000000,
0000000000000000,
0000000000000000,
0000000000000000,
0000000000000000,
0000000000000000,
0000000000000000,
0000000000000000,
0000000000000000,
0000000000000000,
0000000000000000,
0000000000000000,
0000000000000000,
0000000000000000,
0000000000000000,
0000000000000000,
0000000000000000,
0000000000000000,
0000000000000000,
0000000000000000,
0000000000000000,
0000000000000000,
0000000000000000,
0000000000000000,
0000000000000000,
0000000000000000,
0000000000000000,
0000000000000000,
0000000000000000,
0000000000000000,
0000000000000000,
0000000000000000,
0000000000000000,
0000000000000000,
0000000000000000,
0000000000000000,
0000000000000000,
0000000000000000,
0000000000000000,
0000000000000000,
0000000000000000,
0000000000000000,
0000000000000000,
0000000000000000,
0000000000000000,
0000000000000000,
0000000000000000,
0000000000000000,
0000000000000000,
0000000000000000,
0000000000000000,
0000000000000000,
0000000000000000,
0000000000000000,
0000000000000000,
0000000000000000,
0000000000000000,
0000000000000000,
0000000000000000,
0000000000000000,
0000000000000000,
0000000000000000,
0000000000000000,
0000000000000000,
0000000000000000,
0000000000000000,
0000000000000000,
0000000000000000,
0000000000000000,
0000000000000000,
0000000000000000,
0000000000000000,
0000000000000000,
0000000000000000,
0000000000000000,
0000000000000000,
0000000000000000,
0000000000000000,
0000000000000000,
0000000000000000,
0000000000000000,
0000000000000000,
0000000000000000,
0000000000000000,
0000000000000000,
0000000000000000,
0000000000000000,
0000000000000000,
0000000000000000,
0000000000000000,
0000000000000000,
0000000000000000,
0000000000000000,
0000000000000000,
0000000000000000,
0000000000000000,
0000000000000000,
0000000000000000,
0000000000000000,
0000000000000000,
0000000000000000,
0000000000000000,
0000000000000000,
0000000000000000,
0000000000000000,
0000000000000000,
0000000000000000,
0000000000000000,
0000000000000000,
0000000000000000,
0000000000000000,
0000000000000000,
0000000000000000,
0000000000000000,
0000000000000000,
0000000000000000,
0000000000000000,
0000000000000000,
0000000000000000,
0000000000000000,
0000000000000000,
0000000000000000,
0000000000000000,
0000000000000000,
0000000000000000,
0000000000000000,
0000000000000000,
0000000000000000,
0000000000000000,
0000000000000000,
0000000000000000,
0000000000000000,
0000000000000000,
0000000000000000,
0000000000000000,
0000000000000000,
0000000000000000,
0000000000000000,
0000000000000000,
0000000000000000,
0000000000000000,
0000000000000000,
0000000000000000,
0000000000000000,
0000000000000000,
0000000000000000,
0000000000000000,
0000000000000000,
0000000000000000,
0000000000000000,
0000000000000000,
0000000000000000,
0000000000000000,
0000000000000000,
0000000000000000,
0000000000000000,
0000000000000000,
0000000000000000,
0000000000000000,
0000000000000000,
0000000000000000,
0000000000000000,
0000000000000000,
0000000000000000,
0000000000000000,
0000000000000000,
0000000000000000,
0000000000000000,
0000000000000000,
0000000000000000,
0000000000000000,
0000000000000000,
0000000000000000,
0000000000000000,
0000000000000000,
0000000000000000,
0000000000000000,
0000000000000000,
0000000000000000,
0000000000000000,
0000000000000000,
0000000000000000,
0000000000000000,
0000000000000000,
0000000000000000,
0000000000000000,
0000000000000000,
0000000000000000,
0000000000000000,
0000000000000000,
0000000000000000,
0000000000000000,
0000000000000000,
0000000000000000,
0000000000000000,
0000000000000000,
0000000000000000,
0000000000000000,
0000000000000000,
0000000000000000,
0000000000000000,
0000000000000000,
0000000000000000,
0000000000000000,
0000000000000000,
0000000000000000,
0000000000000000,
0000000000000000,
0000000000000000,
0000000000000000,
0000000000000000,
0000000000000000,
0000000000000000,
0000000000000000,
0000000000000000,
0000000000000000,
0000000000000000,
0000000000000000,
0000000000000000,
0000000000000000,
0000000000000000,
0000000000000000,
0000000000000000,
0000000000000000,
0000000000000000,
0000000000000000,
0000000000000000,
0000000000000000,
0000000000000000,
0000000000000000,
0000000000000000,
0000000000000000,
0000000000000000,
0000000000000000,
0000000000000000,
0000000000000000,
0000000000000000,
0000000000000000,
0000000000000000,
0000000000000000,
0000000000000000,
0000000000000000,
0000000000000000,
0000000000000000,
0000000000000000,
0000000000000000,
0000000000000000,
0000000000000000,
0000000000000000,
0000000000000000,
0000000000000000,
0000000000000000,
0000000000000000,
0000000000000000,
0000000000000000,
0000000000000000,
0000000000000000,
0000000000000000,
0000000000000000,
0000000000000000,
0000000000000000,
0000000000000000,
0000000000000000,
0000000000000000,
0000000000000000,
0000000000000000,
0000000000000000,
0000000000000000,
0000000000000000,
0000000000000000,
0000000000000000,
0000000000000000,
0000000000000000,
0000000000000000,
0000000000000000,
0000000000000000,
0000000000000000,
0000000000000000,
0000000000000000,
0000000000000000,
0000000000000000,
0000000000000000,
0000000000000000,
0000000000000000,
0000000000000000,
0000000000000000,
0000000000000000,
0000000000000000,
0000000000000000,
0000000000000000,
0000000000000000,
0000000000000000,
0000000000000000,
0000000000000000,
0000000000000000,
0000000000000000,
0000000000000000,
0000000000000000,
0000000000000000,
0000000000000000,
0000000000000000,
0000000000000000,
0000000000000000,
0000000000000000,
0000000000000000,
0000000000000000,
0000000000000000,
0000000000000000,
0000000000000000,
0000000000000000,
0000000000000000,
0000000000000000,
0000000000000000,
0000000000000000,
0000000000000000,
0000000000000000,
0000000000000000,
0000000000000000,
0000000000000000,
0000000000000000,
0000000000000000,
0000000000000000,
0000000000000000,
0000000000000000,
0000000000000000,
0000000000000000,
0000000000000000,
0000000000000000,
0000000000000000,
0000000000000000,
0000000000000000,
0000000000000000,
0000000000000000,
0000000000000000,
0000000000000000,
0000000000000000,
0000000000000000,
0000000000000000,
0000000000000000,
0000000000000000,
0000000000000000,
0000000000000000,
0000000000000000,
0000000000000000,
0000000000000000,
0000000000000000,
0000000000000000,
0000000000000000,
0000000000000000,
0000000000000000,
0000000000000000,
0000000000000000,
0000000000000000,
0000000000000000,
0000000000000000,
0000000000000000,
0000000000000000,
0000000000000000,
0000000000000000,
0000000000000000,
0000000000000000,
0000000000000000,
0000000000000000,
0000000000000000,
0000000000000000,
0000000000000000,
0000000000000000,
0000000000000000,
0000000000000000,
0000000000000000,
0000000000000000,
0000000000000000,
0000000000000000,
0000000000000000,
0000000000000000,
0000000000000000,
0000000000000000,
0000000000000000,
0000000000000000,
0000000000000000,
0000000000000000,
0000000000000000,
0000000000000000,
0000000000000000,
0000000000000000,
0000000000000000,
0000000000000000,
0000000000000000,
0000000000000000,
0000000000000000,
0000000000000000,
0000000000000000,
0000000000000000,
0000000000000000,
0000000000000000,
0000000000000000,
0000000000000000,
0000000000000000,
0000000000000000,
0000000000000000,
0000000000000000,
0000000000000000,
0000000000000000,
0000000000000000,
0000000000000000,
0000000000000000,
0000000000000000,
0000000000000000,
0000000000000000,
0000000000000000,
0000000000000000,
0000000000000000,
0000000000000000,
0000000000000000,
0000000000000000,
0000000000000000,
0000000000000000,
0000000000000000,
0000000000000000,
0000000000000000,
0000000000000000,
0000000000000000,
0000000000000000,
0000000000000000,
0000000000000000,
0000000000000000,
0000000000000000,
0000000000000000,
0000000000000000,
0000000000000000,
0000000000000000,
0000000000000000,
0000000000000000,
0000000000000000,
0000000000000000,
0000000000000000,
0000000000000000,
0000000000000000,
0000000000000000,
0000000000000000,
0000000000000000,
0000000000000000,
0000000000000000,
0000000000000000,
0000000000000000,
0000000000000000,
0000000000000000,
0000000000000000,
0000000000000000,
0000000000000000,
0000000000000000,
0000000000000000,
0000000000000000,
0000000000000000,
0000000000000000,
0000000000000000,
0000000000000000,
0000000000000000,
0000000000000000,
0000000000000000,
0000000000000000,
0000000000000000,
0000000000000000,
0000000000000000,
0000000000000000,
0000000000000000,
0000000000000000,
0000000000000000,
0000000000000000,
0000000000000000,
0000000000000000,
0000000000000000,
0000000000000000,
0000000000000000,
0000000000000000,
0000000000000000,
0000000000000000,
0000000000000000,
0000000000000000,
0000000000000000,
0000000000000000,
0000000000000000,
0000000000000000,
0000000000000000,
0000000000000000,
0000000000000000,
0000000000000000,
0000000000000000,
0000000000000000,
0000000000000000,
0000000000000000,
0000000000000000,
0000000000000000,
0000000000000000,
0000000000000000,
0000000000000000,
0000000000000000,
0000000000000000,
0000000000000000,
0000000000000000,
0000000000000000,
0000000000000000,
0000000000000000,
0000000000000000,
0000000000000000,
0000000000000000,
0000000000000000,
0000000000000000,
0000000000000000,
0000000000000000,
0000000000000000,
0000000000000000,
0000000000000000,
0000000000000000,
0000000000000000,
0000000000000000,
0000000000000000,
0000000000000000,
0000000000000000,
0000000000000000,
0000000000000000,
0000000000000000,
0000000000000000,
0000000000000000,
0000000000000000,
0000000000000000,
0000000000000000,
0000000000000000,
0000000000000000,
0000000000000000,
0000000000000000,
0000000000000000,
0000000000000000,
0000000000000000,
0000000000000000,
0000000000000000,
0000000000000000,
0000000000000000,
0000000000000000,
0000000000000000,
0000000000000000,
0000000000000000,
0000000000000000,
0000000000000000,
0000000000000000,
0000000000000000,
0000000000000000,
0000000000000000,
0000000000000000,
0000000000000000,
0000000000000000,
0000000000000000,
0000000000000000,
0000000000000000,
0000000000000000,
0000000000000000,
0000000000000000,
0000000000000000,
0000000000000000,
0000000000000000,
0000000000000000,
0000000000000000,
0000000000000000,
0000000000000000,
0000000000000000,
0000000000000000,
0000000000000000,
0000000000000000,
0000000000000000,
0000000000000000,
0000000000000000,
0000000000000000,
0000000000000000,
0000000000000000,
0000000000000000,
0000000000000000,
0000000000000000,
0000000000000000,
0000000000000000,
0000000000000000,
0000000000000000,
0000000000000000,
0000000000000000,
0000000000000000,
0000000000000000,
0000000000000000,
0000000000000000,
0000000000000000,
0000000000000000,
0000000000000000,
0000000000000000,
0000000000000000,
0000000000000000,
0000000000000000,
0000000000000000,
0000000000000000,
0000000000000000,
0000000000000000,
0000000000000000,
0000000000000000,
0000000000000000,
0000000000000000,
0000000000000000,
0000000000000000,
0000000000000000,
0000000000000000,
0000000000000000,
0000000000000000,
0000000000000000,
0000000000000000,
0000000000000000,
0000000000000000,
0000000000000000,
0000000000000000,
0000000000000000,
0000000000000000,
0000000000000000,
0000000000000000,
0000000000000000,
0000000000000000,
0000000000000000,
0000000000000000,
0000000000000000,
0000000000000000,
0000000000000000,
0000000000000000,
0000000000000000,
0000000000000000,
0000000000000000,
0000000000000000,
0000000000000000,
0000000000000000,
0000000000000000,
0000000000000000,
0000000000000000,
0000000000000000,
0000000000000000,
0000000000000000,
0000000000000000,
0000000000000000,
0000000000000000,
0000000000000000,
0000000000000000,
0000000000000000,
0000000000000000,
0000000000000000,
0000000000000000,
0000000000000000,
0000000000000000,
0000000000000000,
0000000000000000,
0000000000000000,
0000000000000000,
0000000000000000,
0000000000000000,
0000000000000000,
0000000000000000,
0000000000000000,
0000000000000000,
0000000000000000,
0000000000000000,
0000000000000000,
0000000000000000,
0000000000000000,
0000000000000000,
0000000000000000,
0000000000000000,
0000000000000000,
0000000000000000,
0000000000000000,
0000000000000000,
0000000000000000,
0000000000000000,
0000000000000000,
0000000000000000,
0000000000000000,
0000000000000000,
0000000000000000,
0000000000000000,
0000000000000000,
0000000000000000,
0000000000000000,
0000000000000000,
0000000000000000,
0000000000000000,
0000000000000000,
0000000000000000,
0000000000000000,
0000000000000000,
0000000000000000,
0000000000000000,
0000000000000000,
0000000000000000,
0000000000000000,
0000000000000000,
0000000000000000,
0000000000000000,
0000000000000000,
0000000000000000,
0000000000000000,
0000000000000000,
0000000000000000,
0000000000000000,
0000000000000000,
0000000000000000,
0000000000000000,
0000000000000000,
0000000000000000,
0000000000000000,
0000000000000000,
0000000000000000,
0000000000000000,
0000000000000000,
0000000000000000,
0000000000000000,
0000000000000000,
0000000000000000,
0000000000000000,
0000000000000000,
0000000000000000,
0000000000000000,
0000000000000000,
0000000000000000,
0000000000000000,
0000000000000000,
0000000000000000,
0000000000000000,
0000000000000000,
0000000000000000,
0000000000000000,
0000000000000000,
0000000000000000,
0000000000000000,
0000000000000000,
0000000000000000,
0000000000000000,
0000000000000000,
0000000000000000,
0000000000000000,
0000000000000000,
0000000000000000,
0000000000000000,
0000000000000000,
0000000000000000,
0000000000000000,
0000000000000000,
0000000000000000,
0000000000000000,
0000000000000000,
0000000000000000,
0000000000000000,
0000000000000000,
0000000000000000,
0000000000000000,
0000000000000000,
0000000000000000,
0000000000000000,
0000000000000000,
0000000000000000,
0000000000000000,
0000000000000000,
0000000000000000,
0000000000000000,
0000000000000000,
0000000000000000,
0000000000000000,
0000000000000000,
0000000000000000,
0000000000000000,
0000000000000000,
0000000000000000,
0000000000000000,
0000000000000000,
0000000000000000,
0000000000000000,
0000000000000000,
0000000000000000,
0000000000000000,
0000000000000000,
0000000000000000,
0000000000000000,
0000000000000000,
0000000000000000,
0000000000000000,
0000000000000000,
0000000000000000,
0000000000000000,
0000000000000000,
0000000000000000,
0000000000000000,
0000000000000000,
0000000000000000,
0000000000000000,
0000000000000000,
0000000000000000,
0000000000000000,
0000000000000000,
0000000000000000,
0000000000000000,
0000000000000000,
0000000000000000,
0000000000000000,
0000000000000000,
0000000000000000,
0000000000000000,
0000000000000000,
0000000000000000,
0000000000000000,
0000000000000000,
0000000000000000,
0000000000000000,
0000000000000000,
0000000000000000,
0000000000000000,
0000000000000000,
0000000000000000,
0000000000000000,
0000000000000000,
0000000000000000,
0000000000000000,
0000000000000000,
0000000000000000,
0000000000000000,
0000000000000000,
0000000000000000,
0000000000000000,
0000000000000000,
0000000000000000,
0000000000000000,
0000000000000000,
0000000000000000,
0000000000000000,
0000000000000000,
0000000000000000,
0000000000000000,
0000000000000000,
0000000000000000,
0000000000000000,
0000000000000000,
0000000000000000,
0000000000000000,
0000000000000000,
0000000000000000,
0000000000000000,
0000000000000000,
0000000000000000,
0000000000000000,
0000000000000000,
0000000000000000,
0000000000000000,
0000000000000000,
0000000000000000,
0000000000000000,
0000000000000000,
0000000000000000,
0000000000000000,
0000000000000000,
0000000000000000,
0000000000000000,
0000000000000000,
0000000000000000,
0000000000000000,
0000000000000000,
0000000000000000,
0000000000000000,
0000000000000000,
0000000000000000,
0000000000000000,
0000000000000000,
0000000000000000,
0000000000000000,
0000000000000000,
0000000000000000,
0000000000000000,
0000000000000000,
0000000000000000,
0000000000000000,
0000000000000000,
0000000000000000,
0000000000000000,
0000000000000000,
0000000000000000,
0000000000000000,
0000000000000000,
0000000000000000,
0000000000000000,
0000000000000000,
0000000000000000,
0000000000000000,
0000000000000000,
0000000000000000,
0000000000000000,
0000000000000000,
0000000000000000,
0000000000000000,
0000000000000000,
0000000000000000,
0000000000000000,
0000000000000000,
0000000000000000,
0000000000000000,
0000000000000000,
0000000000000000,
0000000000000000,
0000000000000000,
0000000000000000,
0000000000000000,
0000000000000000,
0000000000000000,
0000000000000000,
0000000000000000,
0000000000000000,
0000000000000000,
0000000000000000,
0000000000000000,
0000000000000000,
0000000000000000,
0000000000000000,
0000000000000000,
0000000000000000,
0000000000000000,
0000000000000000,
0000000000000000,
0000000000000000,
0000000000000000,
0000000000000000,
0000000000000000,
0000000000000000,
0000000000000000,
0000000000000000,
0000000000000000,
0000000000000000,
0000000000000000,
0000000000000000,
0000000000000000,
0000000000000000,
0000000000000000,
0000000000000000,
0000000000000000,
0000000000000000,
0000000000000000,
0000000000000000,
0000000000000000,
0000000000000000,
0000000000000000,
0000000000000000,
0000000000000000,
0000000000000000,
0000000000000000,
0000000000000000,
0000000000000000,
0000000000000000,
0000000000000000,
0000000000000000,
0000000000000000,
0000000000000000,
0000000000000000,
0000000000000000,
0000000000000000,
0000000000000000,
0000000000000000,
0000000000000000,
0000000000000000,
0000000000000000,
0000000000000000,
0000000000000000,
0000000000000000,
0000000000000000,
0000000000000000,
0000000000000000,
0000000000000000,
0000000000000000,
0000000000000000,
0000000000000000,
0000000000000000,
0000000000000000,
0000000000000000,
0000000000000000,
0000000000000000,
0000000000000000,
0000000000000000,
0000000000000000,
0000000000000000,
0000000000000000,
0000000000000000,
0000000000000000,
0000000000000000,
0000000000000000,
0000000000000000,
0000000000000000,
0000000000000000,
0000000000000000,
0000000000000000,
0000000000000000,
0000000000000000,
0000000000000000,
0000000000000000,
0000000000000000,
0000000000000000,
0000000000000000,
0000000000000000,
0000000000000000,
0000000000000000,
0000000000000000,
0000000000000000,
0000000000000000,
0000000000000000,
0000000000000000,
0000000000000000,
0000000000000000,
0000000000000000,
0000000000000000,
0000000000000000,
0000000000000000,
0000000000000000,
0000000000000000,
0000000000000000,
0000000000000000,
0000000000000000,
0000000000000000,
0000000000000000,
0000000000000000,
0000000000000000,
0000000000000000,
0000000000000000,
0000000000000000,
0000000000000000,
0000000000000000,
0000000000000000,
0000000000000000,
0000000000000000,
0000000000000000,
0000000000000000,
0000000000000000,
0000000000000000,
0000000000000000,
0000000000000000,
0000000000000000,
0000000000000000,
0000000000000000,
0000000000000000,
0000000000000000,
0000000000000000,
0000000000000000,
0000000000000000,
0000000000000000,
0000000000000000,
0000000000000000,
0000000000000000,
0000000000000000,
0000000000000000,
0000000000000000,
0000000000000000,
0000000000000000,
0000000000000000,
0000000000000000,
0000000000000000,
0000000000000000,
0000000000000000,
0000000000000000,
0000000000000000,
0000000000000000,
0000000000000000,
0000000000000000,
0000000000000000,
0000000000000000,
0000000000000000,
0000000000000000,
0000000000000000,
0000000000000000,
0000000000000000,
0000000000000000,
0000000000000000,
0000000000000000,
0000000000000000,
0000000000000000,
0000000000000000,
0000000000000000,
0000000000000000,
0000000000000000,
0000000000000000,
0000000000000000,
0000000000000000,
0000000000000000,
0000000000000000,
0000000000000000,
0000000000000000,
0000000000000000,
0000000000000000,
0000000000000000,
0000000000000000,
0000000000000000,
0000000000000000,
0000000000000000,
0000000000000000,
0000000000000000,
0000000000000000,
0000000000000000,
0000000000000000,
0000000000000000,
0000000000000000,
0000000000000000,
0000000000000000,
0000000000000000,
0000000000000000,
0000000000000000,
0000000000000000,
0000000000000000,
0000000000000000,
0000000000000000,
0000000000000000,
0000000000000000,
0000000000000000,
0000000000000000,
0000000000000000,
0000000000000000,
0000000000000000,
0000000000000000,
0000000000000000,
0000000000000000,
0000000000000000,
0000000000000000,
0000000000000000,
0000000000000000,
0000000000000000,
0000000000000000,
0000000000000000,
0000000000000000,
0000000000000000,
0000000000000000,
0000000000000000,
0000000000000000,
0000000000000000,
0000000000000000,
0000000000000000,
0000000000000000,
0000000000000000,
0000000000000000,
0000000000000000,
0000000000000000,
0000000000000000,
0000000000000000,
0000000000000000,
0000000000000000,
0000000000000000,
0000000000000000,
0000000000000000,
0000000000000000,
0000000000000000,
0000000000000000,
0000000000000000,
0000000000000000,
0000000000000000,
0000000000000000,
0000000000000000,
0000000000000000,
0000000000000000,
0000000000000000,
0000000000000000,
0000000000000000,
0000000000000000,
0000000000000000,
0000000000000000,
0000000000000000,
0000000000000000,
0000000000000000,
0000000000000000,
0000000000000000,
0000000000000000,
0000000000000000,
0000000000000000,
0000000000000000,
0000000000000000,
0000000000000000,
0000000000000000,
0000000000000000,
0000000000000000,
0000000000000000,
0000000000000000,
0000000000000000,
0000000000000000,
0000000000000000,
0000000000000000,
0000000000000000,
0000000000000000,
0000000000000000,
0000000000000000,
0000000000000000,
0000000000000000,
0000000000000000,
0000000000000000,
0000000000000000,
0000000000000000,
0000000000000000,
0000000000000000,
0000000000000000,
0000000000000000,
0000000000000000,
0000000000000000,
0000000000000000,
0000000000000000,
0000000000000000,
0000000000000000,
0000000000000000,
0000000000000000,
0000000000000000,
0000000000000000,
0000000000000000,
0000000000000000,
0000000000000000,
0000000000000000,
0000000000000000,
0000000000000000,
0000000000000000,
0000000000000000,
0000000000000000,
0000000000000000,
0000000000000000,
0000000000000000,
0000000000000000,
0000000000000000,
0000000000000000,
0000000000000000,
0000000000000000,
0000000000000000,
0000000000000000,
0000000000000000,
0000000000000000,
0000000000000000,
0000000000000000,
0000000000000000,
0000000000000000,
0000000000000000,
0000000000000000,
0000000000000000,
0000000000000000,
0000000000000000,
0000000000000000,
0000000000000000,
0000000000000000,
0000000000000000,
0000000000000000,
0000000000000000,
0000000000000000,
0000000000000000,
0000000000000000,
0000000000000000,
0000000000000000,
0000000000000000,
0000000000000000,
0000000000000000,
0000000000000000,
0000000000000000,
0000000000000000,
0000000000000000,
0000000000000000,
0000000000000000,
0000000000000000,
0000000000000000,
0000000000000000,
0000000000000000,
0000000000000000,
0000000000000000,
0000000000000000,
0000000000000000,
0000000000000000,
0000000000000000,
0000000000000000,
0000000000000000,
0000000000000000,
0000000000000000,
0000000000000000,
0000000000000000,
0000000000000000,
0000000000000000,
0000000000000000,
0000000000000000,
0000000000000000,
0000000000000000,
0000000000000000,
0000000000000000,
0000000000000000,
0000000000000000,
0000000000000000,
0000000000000000,
0000000000000000,
0000000000000000,
0000000000000000,
0000000000000000,
0000000000000000,
0000000000000000,
0000000000000000,
0000000000000000,
0000000000000000,
0000000000000000,
0000000000000000,
0000000000000000,
0000000000000000,
0000000000000000,
0000000000000000,
0000000000000000,
0000000000000000,
0000000000000000,
0000000000000000,
0000000000000000,
0000000000000000,
0000000000000000,
0000000000000000,
0000000000000000,
0000000000000000,
0000000000000000,
0000000000000000,
0000000000000000,
0000000000000000,
0000000000000000,
0000000000000000,
0000000000000000,
0000000000000000,
0000000000000000,
0000000000000000,
0000000000000000,
0000000000000000,
0000000000000000,
0000000000000000,
0000000000000000,
0000000000000000,
0000000000000000,
0000000000000000,
0000000000000000,
0000000000000000,
0000000000000000,
0000000000000000,
0000000000000000,
0000000000000000,
0000000000000000,
0000000000000000,
0000000000000000,
0000000000000000,
0000000000000000,
0000000000000000,
0000000000000000,
0000000000000000,
0000000000000000,
0000000000000000,
0000000000000000,
0000000000000000,
0000000000000000,
0000000000000000,
0000000000000000,
0000000000000000,
0000000000000000,
0000000000000000,
0000000000000000,
0000000000000000,
0000000000000000,
0000000000000000,
0000000000000000,
0000000000000000,
0000000000000000,
0000000000000000,
0000000000000000,
0000000000000000,
0000000000000000,
0000000000000000,
0000000000000000,
0000000000000000,
0000000000000000,
0000000000000000,
0000000000000000,
0000000000000000,
0000000000000000,
0000000000000000,
0000000000000000,
0000000000000000,
0000000000000000,
0000000000000000,
0000000000000000,
0000000000000000,
0000000000000000,
0000000000000000,
0000000000000000,
0000000000000000,
0000000000000000,
0000000000000000,
0000000000000000,
0000000000000000,
0000000000000000,
0000000000000000,
0000000000000000,
0000000000000000,
0000000000000000,
0000000000000000,
0000000000000000,
0000000000000000,
0000000000000000,
0000000000000000,
0000000000000000,
0000000000000000,
0000000000000000,
0000000000000000,
0000000000000000,
0000000000000000,
0000000000000000,
0000000000000000,
0000000000000000,
0000000000000000,
0000000000000000,
0000000000000000,
0000000000000000,
0000000000000000,
0000000000000000,
0000000000000000,
0000000000000000,
0000000000000000,
0000000000000000,
0000000000000000,
0000000000000000,
0000000000000000,
0000000000000000,
0000000000000000,
0000000000000000,
0000000000000000,
0000000000000000,
0000000000000000,
0000000000000000,
0000000000000000,
0000000000000000,
0000000000000000,
0000000000000000,
0000000000000000,
0000000000000000,
0000000000000000,
0000000000000000,
0000000000000000,
0000000000000000,
0000000000000000,
0000000000000000,
0000000000000000,
0000000000000000,
0000000000000000,
0000000000000000,
0000000000000000,
0000000000000000,
0000000000000000,
0000000000000000,
0000000000000000,
0000000000000000,
0000000000000000,
0000000000000000,
0000000000000000,
0000000000000000,
0000000000000000,
0000000000000000,
0000000000000000,
0000000000000000,
0000000000000000,
0000000000000000,
0000000000000000,
0000000000000000,
0000000000000000,
0000000000000000,
0000000000000000,
0000000000000000,
0000000000000000,
0000000000000000,
0000000000000000,
0000000000000000,
0000000000000000,
0000000000000000,
0000000000000000,
0000000000000000,
0000000000000000,
0000000000000000,
0000000000000000,
0000000000000000,
0000000000000000,
0000000000000000,
0000000000000000,
0000000000000000,
0000000000000000,
0000000000000000,
0000000000000000,
0000000000000000,
0000000000000000,
0000000000000000,
0000000000000000,
0000000000000000,
0000000000000000,
0000000000000000,
0000000000000000,
0000000000000000,
0000000000000000,
0000000000000000,
0000000000000000,
0000000000000000,
0000000000000000,
0000000000000000,
0000000000000000,
0000000000000000,
0000000000000000,
0000000000000000,
0000000000000000,
0000000000000000,
0000000000000000,
0000000000000000,
0000000000000000,
0000000000000000,
0000000000000000,
0000000000000000,
0000000000000000,
0000000000000000,
0000000000000000,
0000000000000000,
0000000000000000,
0000000000000000,
0000000000000000,
0000000000000000,
0000000000000000,
0000000000000000,
0000000000000000,
0000000000000000,
0000000000000000,
0000000000000000,
0000000000000000,
0000000000000000,
0000000000000000,
0000000000000000,
0000000000000000,
0000000000000000,
0000000000000000,
0000000000000000,
0000000000000000,
0000000000000000,
0000000000000000,
0000000000000000,
0000000000000000,
0000000000000000,
0000000000000000,
0000000000000000,
0000000000000000,
0000000000000000,
0000000000000000,
0000000000000000,
0000000000000000,
0000000000000000,
0000000000000000,
0000000000000000,
0000000000000000,
0000000000000000,
0000000000000000,
0000000000000000,
0000000000000000,
0000000000000000,
0000000000000000,
0000000000000000,
0000000000000000,
0000000000000000,
0000000000000000,
0000000000000000,
0000000000000000,
0000000000000000,
0000000000000000,
0000000000000000,
0000000000000000,
0000000000000000,
0000000000000000,
0000000000000000,
0000000000000000,
0000000000000000,
0000000000000000,
0000000000000000,
0000000000000000,
0000000000000000,
0000000000000000,
0000000000000000,
0000000000000000,
0000000000000000,
0000000000000000,
0000000000000000,
0000000000000000,
0000000000000000,
0000000000000000,
0000000000000000,
0000000000000000,
0000000000000000,
0000000000000000,
0000000000000000,
0000000000000000,
0000000000000000,
0000000000000000,
0000000000000000,
0000000000000000,
0000000000000000,
0000000000000000,
0000000000000000,
0000000000000000,
0000000000000000,
0000000000000000,
0000000000000000,
0000000000000000,
0000000000000000,
0000000000000000,
0000000000000000,
0000000000000000,
0000000000000000,
0000000000000000,
0000000000000000,
0000000000000000,
0000000000000000,
0000000000000000,
0000000000000000,
0000000000000000,
0000000000000000,
0000000000000000,
0000000000000000,
0000000000000000,
0000000000000000,
0000000000000000,
0000000000000000,
0000000000000000,
0000000000000000,
0000000000000000,
0000000000000000,
0000000000000000,
0000000000000000,
0000000000000000,
0000000000000000,
0000000000000000,
0000000000000000,
0000000000000000,
0000000000000000,
0000000000000000,
0000000000000000,
0000000000000000,
0000000000000000,
0000000000000000,
0000000000000000,
0000000000000000,
0000000000000000,
0000000000000000,
0000000000000000,
0000000000000000,
0000000000000000,
0000000000000000,
0000000000000000,
0000000000000000,
0000000000000000,
0000000000000000,
0000000000000000,
0000000000000000,
0000000000000000,
0000000000000000,
0000000000000000,
0000000000000000,
0000000000000000,
0000000000000000,
0000000000000000,
0000000000000000,
0000000000000000,
0000000000000000,
0000000000000000,
0000000000000000,
0000000000000000,
0000000000000000,
0000000000000000,
0000000000000000,
0000000000000000,
0000000000000000,
0000000000000000,
0000000000000000,
0000000000000000,
0000000000000000,
0000000000000000,
0000000000000000,
0000000000000000,
0000000000000000,
0000000000000000,
0000000000000000,
0000000000000000,
0000000000000000,
0000000000000000,
0000000000000000,
0000000000000000,
0000000000000000,
0000000000000000,
0000000000000000,
0000000000000000,
0000000000000000,
0000000000000000,
0000000000000000,
0000000000000000,
0000000000000000,
0000000000000000,
0000000000000000,
0000000000000000,
0000000000000000,
0000000000000000,
0000000000000000,
0000000000000000,
0000000000000000,
0000000000000000,
0000000000000000,
0000000000000000,
0000000000000000,
0000000000000000,
0000000000000000,
0000000000000000,
0000000000000000,
0000000000000000,
0000000000000000,
0000000000000000,
0000000000000000,
0000000000000000,
0000000000000000,
0000000000000000,
0000000000000000,
0000000000000000,
0000000000000000,
0000000000000000,
0000000000000000,
0000000000000000,
0000000000000000,
0000000000000000,
0000000000000000,
0000000000000000,
0000000000000000,
0000000000000000,
0000000000000000,
0000000000000000,
0000000000000000,
0000000000000000,
0000000000000000,
0000000000000000,
0000000000000000,
0000000000000000,
0000000000000000,
0000000000000000,
0000000000000000,
0000000000000000,
0000000000000000,
0000000000000000,
0000000000000000,
0000000000000000,
0000000000000000,
0000000000000000,
0000000000000000,
0000000000000000,
0000000000000000,
0000000000000000,
0000000000000000,
0000000000000000,
0000000000000000,
0000000000000000,
0000000000000000,
0000000000000000,
0000000000000000,
0000000000000000,
0000000000000000,
0000000000000000,
0000000000000000,
0000000000000000,
0000000000000000,
0000000000000000,
0000000000000000,
0000000000000000,
0000000000000000,
0000000000000000,
0000000000000000,
0000000000000000,
0000000000000000,
0000000000000000,
0000000000000000,
0000000000000000,
0000000000000000,
0000000000000000,
0000000000000000,
0000000000000000,
0000000000000000,
0000000000000000,
0000000000000000,
0000000000000000,
0000000000000000,
0000000000000000,
0000000000000000,
0000000000000000,
0000000000000000,
0000000000000000,
0000000000000000,
0000000000000000,
0000000000000000,
0000000000000000,
0000000000000000,
0000000000000000,
0000000000000000,
0000000000000000,
0000000000000000,
0000000000000000,
0000000000000000,
0000000000000000,
0000000000000000,
0000000000000000,
0000000000000000,
0000000000000000,
0000000000000000,
0000000000000000,
0000000000000000,
0000000000000000,
0000000000000000,
0000000000000000,
0000000000000000,
0000000000000000,
0000000000000000,
0000000000000000,
0000000000000000,
0000000000000000,
0000000000000000,
0000000000000000,
0000000000000000,
0000000000000000,
0000000000000000,
0000000000000000,
0000000000000000,
0000000000000000,
0000000000000000,
0000000000000000,
0000000000000000,
0000000000000000,
0000000000000000,
0000000000000000,
0000000000000000,
0000000000000000,
0000000000000000,
0000000000000000,
0000000000000000,
0000000000000000,
0000000000000000,
0000000000000000,
0000000000000000,
0000000000000000,
0000000000000000,
0000000000000000,
0000000000000000,
0000000000000000,
0000000000000000,
0000000000000000,
0000000000000000,
0000000000000000,
0000000000000000,
0000000000000000,
0000000000000000,
0000000000000000,
0000000000000000,
0000000000000000,
0000000000000000,
0000000000000000,
0000000000000000,
0000000000000000,
0000000000000000,
0000000000000000,
0000000000000000,
0000000000000000,
0000000000000000,
0000000000000000,
0000000000000000,
0000000000000000,
0000000000000000,
0000000000000000,
0000000000000000,
0000000000000000,
0000000000000000,
0000000000000000,
0000000000000000,
0000000000000000,
0000000000000000,
0000000000000000,
0000000000000000,
0000000000000000,
0000000000000000,
0000000000000000,
0000000000000000,
0000000000000000,
0000000000000000,
0000000000000000,
0000000000000000,
0000000000000000,
0000000000000000,
0000000000000000,
0000000000000000,
0000000000000000,
0000000000000000,
0000000000000000,
0000000000000000,
0000000000000000,
0000000000000000,
0000000000000000,
0000000000000000,
0000000000000000,
0000000000000000,
0000000000000000,
0000000000000000,
0000000000000000,
0000000000000000,
0000000000000000,
0000000000000000,
0000000000000000,
0000000000000000,
0000000000000000,
0000000000000000,
0000000000000000,
0000000000000000,
0000000000000000,
0000000000000000,
0000000000000000,
0000000000000000,
0000000000000000,
0000000000000000,
0000000000000000,
0000000000000000,
0000000000000000,
0000000000000000,
0000000000000000,
0000000000000000,
0000000000000000,
0000000000000000,
0000000000000000,
0000000000000000,
0000000000000000,
0000000000000000,
0000000000000000,
0000000000000000,
0000000000000000,
0000000000000000,
0000000000000000,
0000000000000000,
0000000000000000,
0000000000000000,
0000000000000000,
0000000000000000,
0000000000000000,
0000000000000000,
0000000000000000,
0000000000000000,
0000000000000000,
0000000000000000,
0000000000000000,
0000000000000000,
0000000000000000,
0000000000000000,
0000000000000000,
0000000000000000,
0000000000000000,
0000000000000000,
0000000000000000,
0000000000000000,
0000000000000000,
0000000000000000,
0000000000000000,
0000000000000000,
0000000000000000,
0000000000000000,
0000000000000000,
0000000000000000,
0000000000000000,
0000000000000000,
0000000000000000,
0000000000000000,
0000000000000000,
0000000000000000,
0000000000000000,
0000000000000000,
0000000000000000,
0000000000000000,
0000000000000000,
0000000000000000,
0000000000000000,
0000000000000000,
0000000000000000,
0000000000000000,
0000000000000000,
0000000000000000,
0000000000000000,
0000000000000000,
0000000000000000,
0000000000000000,
0000000000000000,
0000000000000000,
0000000000000000,
0000000000000000,
0000000000000000,
0000000000000000,
0000000000000000,
0000000000000000,
0000000000000000,
0000000000000000,
0000000000000000,
0000000000000000,
0000000000000000,
0000000000000000,
0000000000000000,
0000000000000000,
0000000000000000,
0000000000000000,
0000000000000000,
0000000000000000,
0000000000000000,
0000000000000000,
0000000000000000,
0000000000000000,
0000000000000000,
0000000000000000,
0000000000000000,
0000000000000000,
0000000000000000,
0000000000000000,
0000000000000000,
0000000000000000,
0000000000000000,
0000000000000000,
0000000000000000,
0000000000000000,
0000000000000000,
0000000000000000,
0000000000000000,
0000000000000000,
0000000000000000,
0000000000000000,
0000000000000000,
0000000000000000,
0000000000000000,
0000000000000000,
0000000000000000,
0000000000000000,
0000000000000000,
0000000000000000,
0000000000000000,
0000000000000000,
0000000000000000,
0000000000000000,
0000000000000000,
0000000000000000,
0000000000000000,
0000000000000000,
0000000000000000,
0000000000000000,
0000000000000000,
0000000000000000,
0000000000000000,
0000000000000000,
0000000000000000,
0000000000000000,
0000000000000000,
0000000000000000,
0000000000000000,
0000000000000000,
0000000000000000,
0000000000000000,
0000000000000000,
0000000000000000,
0000000000000000,
0000000000000000,
0000000000000000,
0000000000000000,
0000000000000000,
0000000000000000,
0000000000000000,
0000000000000000,
0000000000000000,
0000000000000000,
0000000000000000,
0000000000000000,
0000000000000000,
0000000000000000,
0000000000000000,
0000000000000000,
0000000000000000,
0000000000000000,
0000000000000000,
0000000000000000,
0000000000000000,
0000000000000000,
0000000000000000,
0000000000000000,
0000000000000000,
0000000000000000,
0000000000000000,
0000000000000000,
0000000000000000,
0000000000000000,
0000000000000000,
0000000000000000,
0000000000000000,
0000000000000000,
0000000000000000,
0000000000000000,
0000000000000000,
0000000000000000,
0000000000000000,
0000000000000000,
0000000000000000,
0000000000000000,
0000000000000000,
0000000000000000,
0000000000000000,
0000000000000000,
0000000000000000,
0000000000000000,
0000000000000000,
0000000000000000,
0000000000000000,
0000000000000000,
0000000000000000,
0000000000000000,
0000000000000000,
0000000000000000,
0000000000000000,
0000000000000000,
0000000000000000,
0000000000000000,
0000000000000000,
0000000000000000,
0000000000000000,
0000000000000000,
0000000000000000,
0000000000000000,
0000000000000000,
0000000000000000,
0000000000000000,
0000000000000000,
0000000000000000,
0000000000000000,
0000000000000000,
0000000000000000,
0000000000000000,
0000000000000000,
0000000000000000,
0000000000000000,
0000000000000000,
0000000000000000,
0000000000000000,
0000000000000000,
0000000000000000,
0000000000000000,
0000000000000000,
0000000000000000,
0000000000000000,
0000000000000000,
0000000000000000,
0000000000000000,
0000000000000000,
0000000000000000,
0000000000000000,
0000000000000000,
0000000000000000,
0000000000000000,
0000000000000000,
0000000000000000,
0000000000000000,
0000000000000000,
0000000000000000,
0000000000000000,
0000000000000000,
0000000000000000,
0000000000000000,
0000000000000000,
0000000000000000,
0000000000000000,
0000000000000000,
0000000000000000,
0000000000000000,
0000000000000000,
0000000000000000,
0000000000000000,
0000000000000000,
0000000000000000,
0000000000000000,
0000000000000000,
0000000000000000,
0000000000000000,
0000000000000000,
0000000000000000,
0000000000000000,
0000000000000000,
0000000000000000,
0000000000000000,
0000000000000000,
0000000000000000,
0000000000000000,
0000000000000000,
0000000000000000,
0000000000000000,
0000000000000000,
0000000000000000,
0000000000000000,
0000000000000000,
0000000000000000,
0000000000000000,
0000000000000000,
0000000000000000,
0000000000000000,
0000000000000000,
0000000000000000,
0000000000000000,
0000000000000000,
0000000000000000,
0000000000000000,
0000000000000000,
0000000000000000,
0000000000000000,
0000000000000000,
0000000000000000,
0000000000000000,
0000000000000000,
0000000000000000,
0000000000000000,
0000000000000000,
0000000000000000,
0000000000000000,
0000000000000000,
0000000000000000,
0000000000000000,
0000000000000000,
0000000000000000,
0000000000000000,
0000000000000000,
0000000000000000,
0000000000000000,
0000000000000000,
0000000000000000,
0000000000000000,
0000000000000000,
0000000000000000,
0000000000000000,
0000000000000000,
0000000000000000,
0000000000000000,
0000000000000000,
0000000000000000,
0000000000000000,
0000000000000000,
0000000000000000,
0000000000000000,
0000000000000000,
0000000000000000,
0000000000000000,
0000000000000000,
0000000000000000,
0000000000000000,
0000000000000000,
0000000000000000,
0000000000000000,
0000000000000000,
0000000000000000,
0000000000000000,
0000000000000000,
0000000000000000,
0000000000000000,
0000000000000000,
0000000000000000,
0000000000000000,
0000000000000000,
0000000000000000,
0000000000000000,
0000000000000000,
0000000000000000,
0000000000000000,
0000000000000000,
0000000000000000,
0000000000000000,
0000000000000000,
0000000000000000,
0000000000000000,
0000000000000000,
0000000000000000,
0000000000000000,
0000000000000000,
0000000000000000,
0000000000000000,
0000000000000000,
0000000000000000,
0000000000000000,
0000000000000000,
0000000000000000,
0000000000000000,
0000000000000000,
0000000000000000,
0000000000000000,
0000000000000000,
0000000000000000,
0000000000000000,
0000000000000000,
0000000000000000,
0000000000000000,
0000000000000000,
0000000000000000,
0000000000000000,
0000000000000000,
0000000000000000,
0000000000000000,
0000000000000000,
0000000000000000,
0000000000000000,
0000000000000000,
0000000000000000,
0000000000000000,
0000000000000000,
0000000000000000,
0000000000000000,
0000000000000000,
0000000000000000,
0000000000000000,
0000000000000000,
0000000000000000,
0000000000000000,
0000000000000000,
0000000000000000,
0000000000000000,
0000000000000000,
0000000000000000,
0000000000000000,
0000000000000000,
0000000000000000,
0000000000000000,
0000000000000000,
0000000000000000,
0000000000000000,
0000000000000000,
0000000000000000,
0000000000000000,
0000000000000000,
0000000000000000,
0000000000000000,
0000000000000000,
0000000000000000,
0000000000000000,
0000000000000000,
0000000000000000,
0000000000000000,
0000000000000000,
0000000000000000,
0000000000000000,
0000000000000000,
0000000000000000,
0000000000000000,
0000000000000000,
0000000000000000,
0000000000000000,
0000000000000000,
0000000000000000,
0000000000000000,
0000000000000000,
0000000000000000,
0000000000000000,
0000000000000000,
0000000000000000,
0000000000000000,
0000000000000000,
0000000000000000,
0000000000000000,
0000000000000000,
0000000000000000,
0000000000000000,
0000000000000000,
0000000000000000,
0000000000000000,
0000000000000000,
0000000000000000,
0000000000000000,
0000000000000000,
0000000000000000,
0000000000000000,
0000000000000000,
0000000000000000,
0000000000000000,
0000000000000000,
0000000000000000,
0000000000000000,
0000000000000000,
0000000000000000,
0000000000000000,
0000000000000000,
0000000000000000,
0000000000000000,
0000000000000000,
0000000000000000,
0000000000000000,
0000000000000000,
0000000000000000,
0000000000000000,
0000000000000000,
0000000000000000,
0000000000000000,
0000000000000000,
0000000000000000,
0000000000000000,
0000000000000000,
0000000000000000,
0000000000000000,
0000000000000000,
0000000000000000,
0000000000000000,
0000000000000000,
0000000000000000,
0000000000000000,
0000000000000000,
0000000000000000,
0000000000000000,
0000000000000000,
0000000000000000,
0000000000000000,
0000000000000000,
0000000000000000,
0000000000000000,
0000000000000000,
0000000000000000,
0000000000000000,
0000000000000000,
0000000000000000,
0000000000000000,
0000000000000000,
0000000000000000,
0000000000000000,
0000000000000000,
0000000000000000,
0000000000000000,
0000000000000000,
0000000000000000,
0000000000000000,
0000000000000000,
0000000000000000,
0000000000000000,
0000000000000000,
0000000000000000,
0000000000000000,
0000000000000000,
0000000000000000,
0000000000000000,
0000000000000000,
0000000000000000,
0000000000000000,
0000000000000000,
0000000000000000,
0000000000000000,
0000000000000000,
0000000000000000,
0000000000000000,
0000000000000000,
0000000000000000,
0000000000000000,
0000000000000000,
0000000000000000,
0000000000000000,
0000000000000000,
0000000000000000,
0000000000000000,
0000000000000000,
0000000000000000,
0000000000000000,
0000000000000000,
0000000000000000,
0000000000000000,
0000000000000000,
0000000000000000,
0000000000000000,
0000000000000000,
0000000000000000,
0000000000000000,
0000000000000000,
0000000000000000,
0000000000000000,
0000000000000000,
0000000000000000,
0000000000000000,
0000000000000000,
0000000000000000,
0000000000000000,
0000000000000000,
0000000000000000,
0000000000000000,
0000000000000000,
0000000000000000,
0000000000000000,
0000000000000000,
0000000000000000,
0000000000000000,
0000000000000000,
0000000000000000,
0000000000000000,
0000000000000000,
0000000000000000,
0000000000000000,
0000000000000000,
0000000000000000,
0000000000000000,
0000000000000000,
0000000000000000,
0000000000000000,
0000000000000000,
0000000000000000,
0000000000000000,
0000000000000000,
0000000000000000,
0000000000000000,
0000000000000000,
0000000000000000,
0000000000000000,
0000000000000000,
0000000000000000,
0000000000000000,
0000000000000000,
0000000000000000,
0000000000000000,
0000000000000000,
0000000000000000,
0000000000000000,
0000000000000000,
0000000000000000,
0000000000000000,
0000000000000000,
0000000000000000,
0000000000000000,
0000000000000000,
0000000000000000,
0000000000000000,
0000000000000000,
0000000000000000,
0000000000000000,
0000000000000000,
0000000000000000,
0000000000000000,
0000000000000000,
0000000000000000,
0000000000000000,
0000000000000000,
0000000000000000,
0000000000000000,
0000000000000000,
0000000000000000,
0000000000000000,
0000000000000000,
0000000000000000,
0000000000000000,
0000000000000000,
0000000000000000,
0000000000000000,
0000000000000000,
0000000000000000,
0000000000000000,
0000000000000000,
0000000000000000,
0000000000000000,
0000000000000000,
0000000000000000,
0000000000000000,
0000000000000000,
0000000000000000,
0000000000000000,
0000000000000000,
0000000000000000,
0000000000000000,
0000000000000000,
0000000000000000,
0000000000000000,
0000000000000000,
0000000000000000,
0000000000000000,
0000000000000000,
0000000000000000,
0000000000000000,
0000000000000000,
0000000000000000,
0000000000000000,
0000000000000000,
0000000000000000,
0000000000000000,
0000000000000000,
0000000000000000,
0000000000000000,
0000000000000000,
0000000000000000,
0000000000000000,
0000000000000000,
0000000000000000,
0000000000000000,
0000000000000000,
0000000000000000,
0000000000000000,
0000000000000000,
0000000000000000,
0000000000000000,
0000000000000000,
0000000000000000,
0000000000000000,
0000000000000000,
0000000000000000,
0000000000000000,
0000000000000000,
0000000000000000,
0000000000000000,
0000000000000000,
0000000000000000,
0000000000000000,
0000000000000000,
0000000000000000,
0000000000000000,
0000000000000000,
0000000000000000,
0000000000000000,
0000000000000000,
0000000000000000,
0000000000000000,
0000000000000000,
0000000000000000,
0000000000000000,
0000000000000000,
0000000000000000,
0000000000000000,
0000000000000000,
0000000000000000,
0000000000000000,
0000000000000000,
0000000000000000,
0000000000000000,
0000000000000000,
0000000000000000,
0000000000000000,
0000000000000000,
0000000000000000,
0000000000000000,
0000000000000000,
0000000000000000,
0000000000000000,
0000000000000000,
0000000000000000,
0000000000000000,
0000000000000000,
0000000000000000,
0000000000000000,
0000000000000000,
0000000000000000,
0000000000000000,
0000000000000000,
0000000000000000,
0000000000000000,
0000000000000000,
0000000000000000,
0000000000000000,
0000000000000000,
0000000000000000,
0000000000000000,
0000000000000000,
0000000000000000,
0000000000000000,
0000000000000000,
0000000000000000,
0000000000000000,
0000000000000000,
0000000000000000,
0000000000000000,
0000000000000000,
0000000000000000,
0000000000000000,
0000000000000000,
0000000000000000,
0000000000000000,
0000000000000000,
0000000000000000,
0000000000000000,
0000000000000000,
0000000000000000,
0000000000000000,
0000000000000000,
0000000000000000,
0000000000000000,
0000000000000000,
0000000000000000,
0000000000000000,
0000000000000000,
0000000000000000,
0000000000000000,
0000000000000000,
0000000000000000,
0000000000000000,
0000000000000000,
0000000000000000,
0000000000000000,
0000000000000000,
0000000000000000,
0000000000000000,
0000000000000000,
0000000000000000,
0000000000000000,
0000000000000000,
0000000000000000,
0000000000000000,
0000000000000000,
0000000000000000,
0000000000000000,
0000000000000000,
0000000000000000,
0000000000000000,
0000000000000000,
0000000000000000,
0000000000000000,
0000000000000000,
0000000000000000,
0000000000000000,
0000000000000000,
0000000000000000,
0000000000000000,
0000000000000000,
0000000000000000,
0000000000000000,
0000000000000000,
0000000000000000,
0000000000000000,
0000000000000000,
0000000000000000,
0000000000000000,
0000000000000000,
0000000000000000,
0000000000000000,
0000000000000000,
0000000000000000,
0000000000000000,
0000000000000000,
0000000000000000,
0000000000000000,
0000000000000000,
0000000000000000,
0000000000000000,
0000000000000000,
0000000000000000,
0000000000000000,
0000000000000000,
0000000000000000,
0000000000000000,
0000000000000000,
0000000000000000,
0000000000000000,
0000000000000000,
0000000000000000,
0000000000000000,
0000000000000000,
0000000000000000,
0000000000000000,
0000000000000000,
0000000000000000,
0000000000000000,
0000000000000000,
0000000000000000,
0000000000000000,
0000000000000000,
0000000000000000,
0000000000000000,
0000000000000000,
0000000000000000,
0000000000000000,
0000000000000000,
0000000000000000,
0000000000000000,
0000000000000000,
0000000000000000,
0000000000000000,
0000000000000000,
0000000000000000,
0000000000000000,
0000000000000000,
0000000000000000,
0000000000000000,
0000000000000000,
0000000000000000,
0000000000000000,
0000000000000000,
0000000000000000,
0000000000000000,
0000000000000000,
0000000000000000,
0000000000000000,
0000000000000000,
0000000000000000,
0000000000000000,
0000000000000000,
0000000000000000,
0000000000000000,
0000000000000000,
0000000000000000,
0000000000000000,
0000000000000000,
0000000000000000,
0000000000000000,
0000000000000000,
0000000000000000,
0000000000000000,
0000000000000000,
0000000000000000,
0000000000000000,
0000000000000000,
0000000000000000,
0000000000000000,
0000000000000000,
0000000000000000,
0000000000000000,
0000000000000000,
0000000000000000,
0000000000000000,
0000000000000000,
0000000000000000,
0000000000000000,
0000000000000000,
0000000000000000,
0000000000000000,
0000000000000000,
0000000000000000,
0000000000000000,
0000000000000000,
0000000000000000,
0000000000000000,
0000000000000000,
0000000000000000,
0000000000000000,
0000000000000000,
0000000000000000,
0000000000000000,
0000000000000000,
0000000000000000,
0000000000000000,
0000000000000000,
0000000000000000,
0000000000000000,
0000000000000000,
0000000000000000,
0000000000000000,
0000000000000000,
0000000000000000,
0000000000000000,
0000000000000000,
0000000000000000,
0000000000000000,
0000000000000000,
0000000000000000,
0000000000000000,
0000000000000000,
0000000000000000,
0000000000000000,
0000000000000000,
0000000000000000,
0000000000000000,
0000000000000000,
0000000000000000,
0000000000000000,
0000000000000000,
0000000000000000,
0000000000000000,
0000000000000000,
0000000000000000,
0000000000000000,
0000000000000000,
0000000000000000,
0000000000000000,
0000000000000000,
0000000000000000,
0000000000000000,
0000000000000000,
0000000000000000,
0000000000000000,
0000000000000000,
0000000000000000,
0000000000000000,
0000000000000000,
0000000000000000,
0000000000000000,
0000000000000000,
0000000000000000,
0000000000000000,
0000000000000000,
0000000000000000,
0000000000000000,
0000000000000000,
0000000000000000,
0000000000000000,
0000000000000000,
0000000000000000,
0000000000000000,
0000000000000000,
0000000000000000,
0000000000000000,
0000000000000000,
0000000000000000,
0000000000000000,
0000000000000000,
0000000000000000,
0000000000000000,
0000000000000000,
0000000000000000,
0000000000000000,
0000000000000000,
0000000000000000,
0000000000000000,
0000000000000000,
0000000000000000,
0000000000000000,
0000000000000000,
0000000000000000,
0000000000000000,
0000000000000000,
0000000000000000,
0000000000000000,
0000000000000000,
0000000000000000,
0000000000000000,
0000000000000000,
0000000000000000,
0000000000000000,
0000000000000000,
0000000000000000,
0000000000000000,
0000000000000000,
0000000000000000,
0000000000000000,
0000000000000000,
0000000000000000,
0000000000000000,
0000000000000000,
0000000000000000,
0000000000000000,
0000000000000000,
0000000000000000,
0000000000000000,
0000000000000000,
0000000000000000,
0000000000000000,
0000000000000000,
0000000000000000,
0000000000000000,
0000000000000000,
0000000000000000,
0000000000000000,
0000000000000000,
0000000000000000,
0000000000000000,
0000000000000000,
0000000000000000,
0000000000000000,
0000000000000000,
0000000000000000,
0000000000000000,
0000000000000000,
0000000000000000,
0000000000000000,
0000000000000000,
0000000000000000,
0000000000000000,
0000000000000000,
0000000000000000,
0000000000000000,
0000000000000000,
0000000000000000,
0000000000000000,
0000000000000000,
0000000000000000,
0000000000000000,
0000000000000000,
0000000000000000,
0000000000000000,
0000000000000000,
0000000000000000,
0000000000000000,
0000000000000000,
0000000000000000,
0000000000000000,
0000000000000000,
0000000000000000,
0000000000000000,
0000000000000000,
0000000000000000,
0000000000000000,
0000000000000000,
0000000000000000,
0000000000000000,
0000000000000000,
0000000000000000,
0000000000000000,
0000000000000000,
0000000000000000,
0000000000000000,
0000000000000000,
0000000000000000,
0000000000000000,
0000000000000000,
0000000000000000,
0000000000000000,
0000000000000000,
0000000000000000,
0000000000000000,
0000000000000000,
0000000000000000,
0000000000000000,
0000000000000000,
0000000000000000,
0000000000000000,
0000000000000000,
0000000000000000,
0000000000000000,
0000000000000000,
0000000000000000,
0000000000000000,
0000000000000000,
0000000000000000,
0000000000000000,
0000000000000000,
0000000000000000,
0000000000000000,
0000000000000000,
0000000000000000,
0000000000000000,
0000000000000000,
0000000000000000,
0000000000000000,
0000000000000000,
0000000000000000,
0000000000000000,
0000000000000000,
0000000000000000,
0000000000000000,
0000000000000000,
0000000000000000,
0000000000000000,
0000000000000000,
0000000000000000,
0000000000000000,
0000000000000000,
0000000000000000,
0000000000000000,
0000000000000000,
0000000000000000,
0000000000000000,
0000000000000000,
0000000000000000,
0000000000000000,
0000000000000000,
0000000000000000,
0000000000000000,
0000000000000000,
0000000000000000,
0000000000000000,
0000000000000000,
0000000000000000,
0000000000000000,
0000000000000000,
0000000000000000,
0000000000000000,
0000000000000000,
0000000000000000,
0000000000000000,
0000000000000000,
0000000000000000,
0000000000000000,
0000000000000000,
0000000000000000,
0000000000000000,
0000000000000000,
0000000000000000,
0000000000000000,
0000000000000000,
0000000000000000,
0000000000000000,
0000000000000000,
0000000000000000,
0000000000000000,
0000000000000000,
0000000000000000,
0000000000000000,
0000000000000000,
0000000000000000,
0000000000000000,
0000000000000000,
0000000000000000,
0000000000000000,
0000000000000000,
0000000000000000,
0000000000000000,
0000000000000000,
0000000000000000,
0000000000000000,
0000000000000000,
0000000000000000,
0000000000000000,
0000000000000000,
0000000000000000,
0000000000000000,
0000000000000000,
0000000000000000,
0000000000000000,
0000000000000000,
0000000000000000,
0000000000000000,
0000000000000000,
0000000000000000,
0000000000000000,
0000000000000000,
0000000000000000,
0000000000000000,
0000000000000000,
0000000000000000,
0000000000000000,
0000000000000000,
0000000000000000,
0000000000000000,
0000000000000000,
0000000000000000,
0000000000000000,
0000000000000000,
0000000000000000,
0000000000000000,
0000000000000000,
0000000000000000,
0000000000000000,
0000000000000000,
0000000000000000,
0000000000000000,
0000000000000000,
0000000000000000,
0000000000000000,
0000000000000000,
0000000000000000,
0000000000000000,
0000000000000000,
0000000000000000,
0000000000000000,
0000000000000000,
0000000000000000,
0000000000000000,
0000000000000000,
0000000000000000,
0000000000000000,
0000000000000000,
0000000000000000,
0000000000000000,
0000000000000000,
0000000000000000,
0000000000000000,
0000000000000000,
0000000000000000,
0000000000000000,
0000000000000000,
0000000000000000,
0000000000000000,
0000000000000000,
0000000000000000,
0000000000000000,
0000000000000000,
0000000000000000,
0000000000000000,
0000000000000000,
0000000000000000,
0000000000000000,
0000000000000000,
0000000000000000,
0000000000000000,
0000000000000000,
0000000000000000,
0000000000000000,
0000000000000000,
0000000000000000,
0000000000000000,
0000000000000000,
0000000000000000,
0000000000000000,
0000000000000000,
0000000000000000,
0000000000000000,
0000000000000000,
0000000000000000,
0000000000000000,
0000000000000000,
0000000000000000,
0000000000000000,
0000000000000000,
0000000000000000,
0000000000000000,
0000000000000000,
0000000000000000,
0000000000000000,
0000000000000000,
0000000000000000,
0000000000000000,
0000000000000000,
0000000000000000,
0000000000000000,
0000000000000000,
0000000000000000,
0000000000000000,
0000000000000000,
0000000000000000,
0000000000000000,
0000000000000000,
0000000000000000,
0000000000000000,
0000000000000000,
0000000000000000,
0000000000000000,
0000000000000000,
0000000000000000,
0000000000000000,
0000000000000000,
0000000000000000,
0000000000000000,
0000000000000000,
0000000000000000,
0000000000000000,
0000000000000000,
0000000000000000,
0000000000000000,
0000000000000000,
0000000000000000,
0000000000000000,
0000000000000000,
0000000000000000,
0000000000000000,
0000000000000000,
0000000000000000,
0000000000000000,
0000000000000000,
0000000000000000,
0000000000000000,
0000000000000000,
0000000000000000,
0000000000000000,
0000000000000000,
0000000000000000,
0000000000000000,
0000000000000000,
0000000000000000,
0000000000000000,
0000000000000000,
0000000000000000,
0000000000000000,
0000000000000000,
0000000000000000,
0000000000000000,
0000000000000000,
0000000000000000,
0000000000000000,
0000000000000000,
0000000000000000,
0000000000000000,
0000000000000000,
0000000000000000,
0000000000000000,
0000000000000000,
0000000000000000,
0000000000000000,
0000000000000000,
0000000000000000,
0000000000000000,
0000000000000000,
0000000000000000,
0000000000000000,
0000000000000000,
0000000000000000,
0000000000000000,
0000000000000000,
0000000000000000,
0000000000000000,
0000000000000000,
0000000000000000,
0000000000000000,
0000000000000000,
0000000000000000,
0000000000000000,
0000000000000000,
0000000000000000,
0000000000000000,
0000000000000000,
0000000000000000,
0000000000000000,
0000000000000000,
0000000000000000,
0000000000000000,
0000000000000000,
0000000000000000,
0000000000000000,
0000000000000000,
0000000000000000,
0000000000000000,
0000000000000000,
0000000000000000,
0000000000000000,
0000000000000000,
0000000000000000,
0000000000000000,
0000000000000000,
0000000000000000,
0000000000000000,
0000000000000000,
0000000000000000,
0000000000000000,
0000000000000000,
0000000000000000,
0000000000000000,
0000000000000000,
0000000000000000,
0000000000000000,
0000000000000000,
0000000000000000,
0000000000000000,
0000000000000000,
0000000000000000,
0000000000000000,
0000000000000000,
0000000000000000,
0000000000000000,
0000000000000000,
0000000000000000,
0000000000000000,
0000000000000000,
0000000000000000,
0000000000000000,
0000000000000000,
0000000000000000,
0000000000000000,
0000000000000000,
0000000000000000,
0000000000000000,
0000000000000000,
0000000000000000,
0000000000000000,
0000000000000000,
0000000000000000,
0000000000000000,
0000000000000000,
0000000000000000,
0000000000000000,
0000000000000000,
0000000000000000,
0000000000000000,
0000000000000000,
0000000000000000,
0000000000000000,
0000000000000000,
0000000000000000,
0000000000000000,
0000000000000000,
0000000000000000,
0000000000000000,
0000000000000000,
0000000000000000,
0000000000000000,
0000000000000000,
0000000000000000,
0000000000000000,
0000000000000000,
0000000000000000,
0000000000000000,
0000000000000000,
0000000000000000,
0000000000000000,
0000000000000000,
0000000000000000,
0000000000000000,
0000000000000000,
0000000000000000,
0000000000000000,
0000000000000000,
0000000000000000,
0000000000000000,
0000000000000000,
0000000000000000,
0000000000000000,
0000000000000000,
0000000000000000,
0000000000000000,
0000000000000000,
0000000000000000,
0000000000000000,
0000000000000000,
0000000000000000,
0000000000000000,
0000000000000000,
0000000000000000,
0000000000000000,
0000000000000000,
0000000000000000,
0000000000000000,
0000000000000000,
0000000000000000,
0000000000000000,
0000000000000000,
0000000000000000,
0000000000000000,
0000000000000000,
0000000000000000,
0000000000000000,
0000000000000000,
0000000000000000,
0000000000000000,
0000000000000000,
0000000000000000,
0000000000000000,
0000000000000000,
0000000000000000,
0000000000000000,
0000000000000000,
0000000000000000,
0000000000000000,
0000000000000000,
0000000000000000,
0000000000000000,
0000000000000000,
0000000000000000,
0000000000000000,
0000000000000000,
0000000000000000,
0000000000000000,
0000000000000000,
0000000000000000,
0000000000000000,
0000000000000000,
0000000000000000,
0000000000000000,
0000000000000000,
0000000000000000,
0000000000000000,
0000000000000000,
0000000000000000,
0000000000000000,
0000000000000000,
0000000000000000,
0000000000000000,
0000000000000000,
0000000000000000,
0000000000000000,
0000000000000000,
0000000000000000,
0000000000000000,
0000000000000000,
0000000000000000,
0000000000000000,
0000000000000000,
0000000000000000,
0000000000000000,
0000000000000000,
0000000000000000,
0000000000000000,
0000000000000000,
0000000000000000,
0000000000000000,
0000000000000000,
0000000000000000,
0000000000000000,
0000000000000000,
0000000000000000,
0000000000000000,
0000000000000000,
0000000000000000,
0000000000000000,
0000000000000000,
0000000000000000,
0000000000000000,
0000000000000000,
0000000000000000,
0000000000000000,
0000000000000000,
0000000000000000,
0000000000000000,
0000000000000000,
0000000000000000,
0000000000000000,
0000000000000000,
0000000000000000,
0000000000000000,
0000000000000000,
0000000000000000,
0000000000000000,
0000000000000000,
0000000000000000,
0000000000000000,
0000000000000000,
0000000000000000,
0000000000000000,
0000000000000000,
0000000000000000,
0000000000000000,
0000000000000000,
0000000000000000,
0000000000000000,
0000000000000000,
0000000000000000,
0000000000000000,
0000000000000000,
0000000000000000,
0000000000000000,
0000000000000000,
0000000000000000,
0000000000000000,
0000000000000000,
0000000000000000,
0000000000000000,
0000000000000000,
0000000000000000,
0000000000000000,
0000000000000000,
0000000000000000,
0000000000000000,
0000000000000000,
0000000000000000,
0000000000000000,
0000000000000000,
0000000000000000,
0000000000000000,
0000000000000000,
0000000000000000,
0000000000000000,
0000000000000000,
0000000000000000,
0000000000000000,
0000000000000000,
0000000000000000,
0000000000000000,
0000000000000000,
0000000000000000,
0000000000000000,
0000000000000000,
0000000000000000,
0000000000000000,
0000000000000000,
0000000000000000,
0000000000000000,
0000000000000000,
0000000000000000,
0000000000000000,
0000000000000000,
0000000000000000,
0000000000000000,
0000000000000000,
0000000000000000,
0000000000000000,
0000000000000000,
0000000000000000,
0000000000000000,
0000000000000000,
0000000000000000,
0000000000000000,
0000000000000000,
0000000000000000,
0000000000000000,
0000000000000000,
0000000000000000,
0000000000000000,
0000000000000000,
0000000000000000,
0000000000000000,
0000000000000000,
0000000000000000,
0000000000000000,
0000000000000000,
0000000000000000,
0000000000000000,
0000000000000000,
0000000000000000,
0000000000000000,
0000000000000000,
0000000000000000,
0000000000000000,
0000000000000000,
0000000000000000,
0000000000000000,
0000000000000000,
0000000000000000,
0000000000000000,
0000000000000000,
0000000000000000,
0000000000000000,
0000000000000000,
0000000000000000,
0000000000000000,
0000000000000000,
0000000000000000,
0000000000000000,
0000000000000000,
0000000000000000,
0000000000000000,
0000000000000000,
0000000000000000,
0000000000000000,
0000000000000000,
0000000000000000,
0000000000000000,
0000000000000000,
0000000000000000,
0000000000000000,
0000000000000000,
0000000000000000,
0000000000000000,
0000000000000000,
0000000000000000,
0000000000000000,
0000000000000000,
0000000000000000,
0000000000000000,
0000000000000000,
0000000000000000,
0000000000000000,
0000000000000000,
0000000000000000,
0000000000000000,
0000000000000000,
0000000000000000,
0000000000000000,
0000000000000000,
0000000000000000,
0000000000000000,
0000000000000000,
0000000000000000,
0000000000000000,
0000000000000000,
0000000000000000,
0000000000000000,
0000000000000000,
0000000000000000,
0000000000000000,
0000000000000000,
0000000000000000,
0000000000000000,
0000000000000000,
0000000000000000,
0000000000000000,
0000000000000000,
0000000000000000,
0000000000000000,
0000000000000000,
0000000000000000,
0000000000000000,
0000000000000000,
0000000000000000,
0000000000000000,
0000000000000000,
0000000000000000,
0000000000000000,
0000000000000000,
0000000000000000,
0000000000000000,
0000000000000000,
0000000000000000,
0000000000000000,
0000000000000000,
0000000000000000,
0000000000000000,
0000000000000000,
0000000000000000,
0000000000000000,
0000000000000000,
0000000000000000,
0000000000000000,
0000000000000000,
0000000000000000,
0000000000000000,
0000000000000000,
0000000000000000,
0000000000000000,
0000000000000000,
0000000000000000,
0000000000000000,
0000000000000000,
0000000000000000,
0000000000000000,
0000000000000000,
0000000000000000,
0000000000000000,
0000000000000000,
0000000000000000,
0000000000000000,
0000000000000000,
0000000000000000,
0000000000000000,
0000000000000000,
0000000000000000,
0000000000000000,
0000000000000000,
0000000000000000,
0000000000000000,
0000000000000000,
0000000000000000,
0000000000000000,
0000000000000000,
0000000000000000,
0000000000000000,
0000000000000000,
0000000000000000,
0000000000000000,
0000000000000000,
0000000000000000,
0000000000000000,
0000000000000000,
0000000000000000,
0000000000000000,
0000000000000000,
0000000000000000,
0000000000000000,
0000000000000000,
0000000000000000,
0000000000000000,
0000000000000000,
0000000000000000,
0000000000000000,
0000000000000000,
0000000000000000,
0000000000000000,
0000000000000000,
0000000000000000,
0000000000000000,
0000000000000000,
0000000000000000,
0000000000000000,
0000000000000000,
0000000000000000,
0000000000000000,
0000000000000000,
0000000000000000,
0000000000000000,
0000000000000000,
0000000000000000,
0000000000000000,
0000000000000000,
0000000000000000,
0000000000000000,
0000000000000000,
0000000000000000,
0000000000000000,
0000000000000000,
0000000000000000,
0000000000000000,
0000000000000000,
0000000000000000,
0000000000000000,
0000000000000000,
0000000000000000,
0000000000000000,
0000000000000000,
0000000000000000,
0000000000000000,
0000000000000000,
0000000000000000,
0000000000000000,
0000000000000000,
0000000000000000,
0000000000000000,
0000000000000000,
0000000000000000,
0000000000000000,
0000000000000000,
0000000000000000,
0000000000000000,
0000000000000000,
0000000000000000,
0000000000000000,
0000000000000000,
0000000000000000,
0000000000000000,
0000000000000000,
0000000000000000,
0000000000000000,
0000000000000000,
0000000000000000,
0000000000000000,
0000000000000000,
0000000000000000,
0000000000000000,
0000000000000000,
0000000000000000,
0000000000000000,
0000000000000000,
0000000000000000,
0000000000000000,
0000000000000000,
0000000000000000,
0000000000000000,
0000000000000000,
0000000000000000,
0000000000000000,
0000000000000000,
0000000000000000,
0000000000000000,
0000000000000000,
0000000000000000,
0000000000000000,
0000000000000000,
0000000000000000,
0000000000000000,
0000000000000000,
0000000000000000,
0000000000000000,
0000000000000000,
0000000000000000,
0000000000000000,
0000000000000000,
0000000000000000,
0000000000000000,
0000000000000000,
0000000000000000,
0000000000000000,
0000000000000000,
0000000000000000,
0000000000000000,
0000000000000000,
0000000000000000,
0000000000000000,
0000000000000000,
0000000000000000,
0000000000000000,
0000000000000000,
0000000000000000,
0000000000000000,
0000000000000000,
0000000000000000,
0000000000000000,
0000000000000000,
0000000000000000,
0000000000000000,
0000000000000000,
0000000000000000,
0000000000000000,
0000000000000000,
0000000000000000,
0000000000000000,
0000000000000000,
0000000000000000,
0000000000000000,
0000000000000000,
0000000000000000,
0000000000000000,
0000000000000000,
0000000000000000,
0000000000000000,
0000000000000000,
0000000000000000,
0000000000000000,
0000000000000000,
0000000000000000,
0000000000000000,
0000000000000000,
0000000000000000,
0000000000000000,
0000000000000000,
0000000000000000,
0000000000000000,
0000000000000000,
0000000000000000,
0000000000000000,
0000000000000000,
0000000000000000,
0000000000000000,
0000000000000000,
0000000000000000,
0000000000000000,
0000000000000000,
0000000000000000,
0000000000000000,
0000000000000000,
0000000000000000,
0000000000000000,
0000000000000000,
0000000000000000,
0000000000000000,
0000000000000000,
0000000000000000,
0000000000000000,
0000000000000000,
0000000000000000,
0000000000000000,
0000000000000000,
0000000000000000,
0000000000000000,
0000000000000000,
0000000000000000,
0000000000000000,
0000000000000000,
0000000000000000,
0000000000000000,
0000000000000000,
0000000000000000,
0000000000000000,
0000000000000000,
0000000000000000,
0000000000000000,
0000000000000000,
0000000000000000,
0000000000000000,
0000000000000000,
0000000000000000,
0000000000000000,
0000000000000000,
0000000000000000,
0000000000000000,
0000000000000000,
0000000000000000,
0000000000000000,
0000000000000000,
0000000000000000,
0000000000000000,
0000000000000000,
0000000000000000,
0000000000000000,
0000000000000000,
0000000000000000,
0000000000000000,
0000000000000000,
0000000000000000,
0000000000000000,
0000000000000000,
0000000000000000,
0000000000000000,
0000000000000000,
0000000000000000,
0000000000000000,
0000000000000000,
0000000000000000,
0000000000000000,
0000000000000000,
0000000000000000,
0000000000000000,
0000000000000000,
0000000000000000,
0000000000000000,
0000000000000000,
0000000000000000,
0000000000000000,
0000000000000000,
0000000000000000,
0000000000000000,
0000000000000000,
0000000000000000,
0000000000000000,
0000000000000000,
0000000000000000,
0000000000000000,
0000000000000000,
0000000000000000,
0000000000000000,
0000000000000000,
0000000000000000,
0000000000000000,
0000000000000000,
0000000000000000,
0000000000000000,
0000000000000000,
0000000000000000,
0000000000000000,
0000000000000000,
0000000000000000,
0000000000000000,
0000000000000000,
0000000000000000,
0000000000000000,
0000000000000000,
0000000000000000,
0000000000000000,
0000000000000000,
0000000000000000,
0000000000000000,
0000000000000000,
0000000000000000,
0000000000000000,
0000000000000000,
0000000000000000,
0000000000000000,
0000000000000000,
0000000000000000,
0000000000000000,
0000000000000000,
0000000000000000,
0000000000000000,
0000000000000000,
0000000000000000,
0000000000000000,
0000000000000000,
0000000000000000,
0000000000000000,
0000000000000000,
0000000000000000,
0000000000000000,
0000000000000000,
0000000000000000,
0000000000000000,
0000000000000000,
0000000000000000,
0000000000000000,
0000000000000000,
0000000000000000,
0000000000000000,
0000000000000000,
0000000000000000,
0000000000000000,
0000000000000000,
0000000000000000,
0000000000000000,
0000000000000000,
0000000000000000,
0000000000000000,
0000000000000000,
0000000000000000,
0000000000000000,
0000000000000000,
0000000000000000,
0000000000000000,
0000000000000000,
0000000000000000,
0000000000000000,
0000000000000000,
0000000000000000,
0000000000000000,
0000000000000000,
0000000000000000,
0000000000000000,
0000000000000000,
0000000000000000,
0000000000000000,
0000000000000000,
0000000000000000,
0000000000000000,
0000000000000000,
0000000000000000,
0000000000000000,
0000000000000000,
0000000000000000,
0000000000000000,
0000000000000000,
0000000000000000,
0000000000000000,
0000000000000000,
0000000000000000,
0000000000000000,
0000000000000000,
0000000000000000,
0000000000000000,
0000000000000000,
0000000000000000,
0000000000000000,
0000000000000000,
0000000000000000,
0000000000000000,
0000000000000000,
0000000000000000,
0000000000000000,
0000000000000000,
0000000000000000,
0000000000000000,
0000000000000000,
0000000000000000,
0000000000000000,
0000000000000000,
0000000000000000,
0000000000000000,
0000000000000000,
0000000000000000,
0000000000000000,
0000000000000000,
0000000000000000,
0000000000000000,
0000000000000000,
0000000000000000,
0000000000000000,
0000000000000000,
0000000000000000,
0000000000000000,
0000000000000000,
0000000000000000,
0000000000000000,
0000000000000000,
0000000000000000,
0000000000000000,
0000000000000000,
0000000000000000,
0000000000000000,
0000000000000000,
0000000000000000,
0000000000000000,
0000000000000000,
0000000000000000,
0000000000000000,
0000000000000000,
0000000000000000,
0000000000000000,
0000000000000000,
0000000000000000,
0000000000000000,
0000000000000000,
0000000000000000,
0000000000000000,
0000000000000000,
0000000000000000,
0000000000000000,
0000000000000000,
0000000000000000,
0000000000000000,
0000000000000000,
0000000000000000,
0000000000000000,
0000000000000000,
0000000000000000,
0000000000000000,
0000000000000000,
0000000000000000,
0000000000000000,
0000000000000000,
0000000000000000,
0000000000000000,
0000000000000000,
0000000000000000,
0000000000000000,
0000000000000000,
0000000000000000,
0000000000000000,
0000000000000000,
0000000000000000,
0000000000000000,
0000000000000000,
0000000000000000,
0000000000000000,
0000000000000000,
0000000000000000,
0000000000000000,
0000000000000000,
0000000000000000,
0000000000000000,
0000000000000000,
0000000000000000,
0000000000000000,
0000000000000000,
0000000000000000,
0000000000000000,
0000000000000000,
0000000000000000,
0000000000000000,
0000000000000000,
0000000000000000,
0000000000000000,
0000000000000000,
0000000000000000,
0000000000000000,
0000000000000000,
0000000000000000,
0000000000000000,
0000000000000000,
0000000000000000,
0000000000000000,
0000000000000000,
0000000000000000,
0000000000000000,
0000000000000000,
0000000000000000,
0000000000000000,
0000000000000000,
0000000000000000,
0000000000000000,
0000000000000000,
0000000000000000,
0000000000000000,
0000000000000000,
0000000000000000,
0000000000000000,
0000000000000000,
0000000000000000,
0000000000000000,
0000000000000000,
0000000000000000,
0000000000000000,
0000000000000000,
0000000000000000,
0000000000000000,
0000000000000000,
0000000000000000,
0000000000000000,
0000000000000000,
0000000000000000,
0000000000000000,
0000000000000000,
0000000000000000,
0000000000000000,
0000000000000000,
0000000000000000,
0000000000000000,
0000000000000000,
0000000000000000,
0000000000000000,
0000000000000000,
0000000000000000,
0000000000000000,
0000000000000000,
0000000000000000,
0000000000000000,
0000000000000000,
0000000000000000,
0000000000000000,
0000000000000000,
0000000000000000,
0000000000000000,
0000000000000000,
0000000000000000,
0000000000000000,
0000000000000000,
0000000000000000,
0000000000000000,
0000000000000000,
0000000000000000,
0000000000000000,
0000000000000000,
0000000000000000,
0000000000000000,
0000000000000000,
0000000000000000,
0000000000000000,
0000000000000000,
0000000000000000,
0000000000000000,
0000000000000000,
0000000000000000,
0000000000000000,
0000000000000000,
0000000000000000,
0000000000000000,
0000000000000000,
0000000000000000,
0000000000000000,
0000000000000000,
0000000000000000,
0000000000000000,
0000000000000000,
0000000000000000,
0000000000000000,
0000000000000000,
0000000000000000,
0000000000000000,
0000000000000000,
0000000000000000,
0000000000000000,
0000000000000000,
0000000000000000,
0000000000000000,
0000000000000000,
0000000000000000,
0000000000000000,
0000000000000000,
0000000000000000,
0000000000000000,
0000000000000000,
0000000000000000,
0000000000000000,
0000000000000000,
0000000000000000,
0000000000000000,
0000000000000000,
0000000000000000,
0000000000000000,
0000000000000000,
0000000000000000,
0000000000000000,
0000000000000000,
0000000000000000,
0000000000000000,
0000000000000000,
0000000000000000,
0000000000000000,
0000000000000000,
0000000000000000,
0000000000000000,
0000000000000000,
0000000000000000,
0000000000000000,
0000000000000000,
0000000000000000,
0000000000000000,
0000000000000000,
0000000000000000,
0000000000000000,
0000000000000000,
0000000000000000,
0000000000000000,
0000000000000000,
0000000000000000,
0000000000000000,
0000000000000000,
0000000000000000,
0000000000000000,
0000000000000000,
0000000000000000,
0000000000000000,
0000000000000000,
0000000000000000,
0000000000000000,
0000000000000000,
0000000000000000,
0000000000000000,
0000000000000000,
0000000000000000,
0000000000000000,
0000000000000000,
0000000000000000,
0000000000000000,
0000000000000000,
0000000000000000,
0000000000000000,
0000000000000000,
0000000000000000,
0000000000000000,
0000000000000000,
0000000000000000,
0000000000000000,
0000000000000000,
0000000000000000,
0000000000000000,
0000000000000000,
0000000000000000,
0000000000000000,
0000000000000000,
0000000000000000,
0000000000000000,
0000000000000000,
0000000000000000,
0000000000000000,
0000000000000000,
0000000000000000,
0000000000000000,
0000000000000000,
0000000000000000,
0000000000000000,
0000000000000000,
0000000000000000,
0000000000000000,
0000000000000000,
0000000000000000,
0000000000000000,
0000000000000000,
0000000000000000,
0000000000000000,
0000000000000000,
0000000000000000,
0000000000000000,
0000000000000000,
0000000000000000,
0000000000000000,
0000000000000000,
0000000000000000,
0000000000000000,
0000000000000000,
0000000000000000,
0000000000000000,
0000000000000000,
0000000000000000,
0000000000000000,
0000000000000000,
0000000000000000,
0000000000000000,
0000000000000000,
0000000000000000,
0000000000000000,
0000000000000000,
0000000000000000,
0000000000000000,
0000000000000000,
0000000000000000,
0000000000000000,
0000000000000000,
0000000000000000,
0000000000000000,
0000000000000000,
0000000000000000,
0000000000000000,
0000000000000000,
0000000000000000,
0000000000000000,
0000000000000000,
0000000000000000,
0000000000000000,
0000000000000000,
0000000000000000,
0000000000000000,
0000000000000000,
0000000000000000,
0000000000000000,
0000000000000000,
0000000000000000,
0000000000000000,
0000000000000000,
0000000000000000,
0000000000000000,
0000000000000000,
0000000000000000,
0000000000000000,
0000000000000000,
0000000000000000,
0000000000000000,
0000000000000000,
0000000000000000,
0000000000000000,
0000000000000000,
0000000000000000,
0000000000000000,
0000000000000000,
0000000000000000,
0000000000000000,
0000000000000000,
0000000000000000,
0000000000000000,
0000000000000000,
0000000000000000,
0000000000000000,
0000000000000000,
0000000000000000,
0000000000000000,
0000000000000000,
0000000000000000,
0000000000000000,
0000000000000000,
0000000000000000,
0000000000000000,
0000000000000000,
0000000000000000,
0000000000000000,
0000000000000000,
0000000000000000,
0000000000000000,
0000000000000000,
0000000000000000,
0000000000000000,
0000000000000000,
0000000000000000,
0000000000000000,
0000000000000000,
0000000000000000,
0000000000000000,
0000000000000000,
0000000000000000,
0000000000000000,
0000000000000000,
0000000000000000,
0000000000000000,
0000000000000000,
0000000000000000,
0000000000000000,
0000000000000000,
0000000000000000,
0000000000000000,
0000000000000000,
0000000000000000,
0000000000000000,
0000000000000000,
0000000000000000,
0000000000000000,
0000000000000000,
0000000000000000,
0000000000000000,
0000000000000000,
0000000000000000,
0000000000000000,
0000000000000000,
0000000000000000,
0000000000000000,
0000000000000000,
0000000000000000,
0000000000000000,
0000000000000000,
0000000000000000,
0000000000000000,
0000000000000000,
0000000000000000,
0000000000000000,
0000000000000000,
0000000000000000,
0000000000000000,
0000000000000000,
0000000000000000,
0000000000000000,
0000000000000000,
0000000000000000,
0000000000000000,
0000000000000000,
0000000000000000,
0000000000000000,
0000000000000000,
0000000000000000,
0000000000000000,
0000000000000000,
0000000000000000,
0000000000000000,
0000000000000000,
0000000000000000,
0000000000000000,
0000000000000000,
0000000000000000,
0000000000000000,
0000000000000000,
0000000000000000,
0000000000000000,
0000000000000000,
0000000000000000,
0000000000000000,
0000000000000000,
0000000000000000,
0000000000000000,
0000000000000000,
0000000000000000,
0000000000000000,
0000000000000000,
0000000000000000,
0000000000000000,
0000000000000000,
0000000000000000,
0000000000000000,
0000000000000000,
0000000000000000,
0000000000000000,
0000000000000000,
0000000000000000,
0000000000000000,
0000000000000000,
0000000000000000,
0000000000000000,
0000000000000000,
0000000000000000,
0000000000000000,
0000000000000000,
0000000000000000,
0000000000000000,
0000000000000000,
0000000000000000,
0000000000000000,
0000000000000000,
0000000000000000,
0000000000000000,
0000000000000000,
0000000000000000,
0000000000000000,
0000000000000000,
0000000000000000,
0000000000000000,
0000000000000000,
0000000000000000,
0000000000000000,
0000000000000000,
0000000000000000,
0000000000000000,
0000000000000000,
0000000000000000,
0000000000000000,
0000000000000000,
0000000000000000,
0000000000000000,
0000000000000000,
0000000000000000,
0000000000000000,
0000000000000000,
0000000000000000,
0000000000000000,
0000000000000000,
0000000000000000,
0000000000000000,
0000000000000000,
0000000000000000,
0000000000000000,
0000000000000000,
0000000000000000,
0000000000000000,
0000000000000000,
0000000000000000,
0000000000000000,
0000000000000000,
0000000000000000,
0000000000000000,
0000000000000000,
0000000000000000,
0000000000000000,
0000000000000000,
0000000000000000,
0000000000000000,
0000000000000000,
0000000000000000,
0000000000000000,
0000000000000000,
0000000000000000,
0000000000000000,
0000000000000000,
0000000000000000,
0000000000000000,
0000000000000000,
0000000000000000,
0000000000000000,
0000000000000000,
0000000000000000,
0000000000000000,
0000000000000000,
0000000000000000,
0000000000000000,
0000000000000000,
0000000000000000,
0000000000000000,
0000000000000000,
0000000000000000,
0000000000000000,
0000000000000000,
0000000000000000,
0000000000000000,
0000000000000000,
0000000000000000,
0000000000000000,
0000000000000000,
0000000000000000,
0000000000000000,
0000000000000000,
0000000000000000,
0000000000000000,
0000000000000000,
0000000000000000,
0000000000000000,
0000000000000000,
0000000000000000,
0000000000000000,
0000000000000000,
0000000000000000,
0000000000000000,
0000000000000000,
0000000000000000,
0000000000000000,
0000000000000000,
0000000000000000,
0000000000000000,
0000000000000000,
0000000000000000,
0000000000000000,
0000000000000000,
0000000000000000,
0000000000000000,
0000000000000000,
0000000000000000,
0000000000000000,
0000000000000000,
0000000000000000,
0000000000000000,
0000000000000000,
0000000000000000,
0000000000000000,
0000000000000000,
0000000000000000,
0000000000000000,
0000000000000000,
0000000000000000,
0000000000000000,
0000000000000000,
0000000000000000,
0000000000000000,
0000000000000000,
0000000000000000,
0000000000000000,
0000000000000000,
0000000000000000,
0000000000000000,
0000000000000000,
0000000000000000,
0000000000000000,
0000000000000000,
0000000000000000,
0000000000000000,
0000000000000000,
0000000000000000,
0000000000000000,
0000000000000000,
0000000000000000,
0000000000000000,
0000000000000000,
0000000000000000,
0000000000000000,
0000000000000000,
0000000000000000,
0000000000000000,
0000000000000000,
0000000000000000,
0000000000000000,
0000000000000000,
0000000000000000,
0000000000000000,
0000000000000000,
0000000000000000,
0000000000000000,
0000000000000000,
0000000000000000,
0000000000000000,
0000000000000000,
0000000000000000,
0000000000000000,
0000000000000000,
0000000000000000,
0000000000000000,
0000000000000000,
0000000000000000,
0000000000000000,
0000000000000000,
0000000000000000,
0000000000000000,
0000000000000000,
0000000000000000,
0000000000000000,
0000000000000000,
0000000000000000,
0000000000000000,
0000000000000000,
0000000000000000,
0000000000000000,
0000000000000000,
0000000000000000,
0000000000000000,
0000000000000000,
0000000000000000,
0000000000000000,
0000000000000000,
0000000000000000,
0000000000000000,
0000000000000000,
0000000000000000,
0000000000000000,
0000000000000000,
0000000000000000,
0000000000000000,
0000000000000000,
0000000000000000,
0000000000000000,
0000000000000000,
0000000000000000,
0000000000000000,
0000000000000000,
0000000000000000,
0000000000000000,
0000000000000000,
0000000000000000,
0000000000000000,
0000000000000000,
0000000000000000,
0000000000000000,
0000000000000000,
0000000000000000,
0000000000000000,
0000000000000000,
0000000000000000,
0000000000000000,
0000000000000000,
0000000000000000,
0000000000000000,
0000000000000000,
0000000000000000,
0000000000000000,
0000000000000000,
0000000000000000,
0000000000000000,
0000000000000000,
0000000000000000,
0000000000000000,
0000000000000000,
0000000000000000,
0000000000000000,
0000000000000000,
0000000000000000,
0000000000000000,
0000000000000000,
0000000000000000,
0000000000000000,
0000000000000000,
0000000000000000,
0000000000000000,
0000000000000000,
0000000000000000,
0000000000000000,
0000000000000000,
0000000000000000,
0000000000000000,
0000000000000000,
0000000000000000,
0000000000000000,
0000000000000000,
0000000000000000,
0000000000000000,
0000000000000000,
0000000000000000,
0000000000000000,
0000000000000000,
0000000000000000,
0000000000000000,
0000000000000000,
0000000000000000,
0000000000000000,
0000000000000000,
0000000000000000,
0000000000000000,
0000000000000000,
0000000000000000,
0000000000000000,
0000000000000000,
0000000000000000,
0000000000000000,
0000000000000000,
0000000000000000,
0000000000000000,
0000000000000000,
0000000000000000,
0000000000000000,
0000000000000000,
0000000000000000,
0000000000000000,
0000000000000000,
0000000000000000,
0000000000000000,
0000000000000000,
0000000000000000,
0000000000000000,
0000000000000000,
0000000000000000,
0000000000000000,
0000000000000000,
0000000000000000,
0000000000000000,
0000000000000000,
0000000000000000,
0000000000000000,
0000000000000000,
0000000000000000,
0000000000000000,
0000000000000000,
0000000000000000,
0000000000000000,
0000000000000000,
0000000000000000,
0000000000000000,
0000000000000000,
0000000000000000,
0000000000000000,
0000000000000000,
0000000000000000,
0000000000000000,
0000000000000000,
0000000000000000,
0000000000000000,
0000000000000000,
0000000000000000,
0000000000000000,
0000000000000000,
0000000000000000,
0000000000000000,
0000000000000000,
0000000000000000,
0000000000000000,
0000000000000000,
0000000000000000,
0000000000000000,
0000000000000000,
0000000000000000,
0000000000000000,
0000000000000000,
0000000000000000,
0000000000000000,
0000000000000000,
0000000000000000,
0000000000000000,
0000000000000000,
0000000000000000,
0000000000000000,
0000000000000000,
0000000000000000,
0000000000000000,
0000000000000000,
0000000000000000,
0000000000000000,
0000000000000000,
0000000000000000,
0000000000000000,
0000000000000000,
0000000000000000,
0000000000000000,
0000000000000000,
0000000000000000,
0000000000000000,
0000000000000000,
0000000000000000,
0000000000000000,
0000000000000000,
0000000000000000,
0000000000000000,
0000000000000000,
0000000000000000,
0000000000000000,
0000000000000000,
0000000000000000,
0000000000000000,
0000000000000000,
0000000000000000,
0000000000000000,
0000000000000000,
0000000000000000,
0000000000000000,
0000000000000000,
0000000000000000,
0000000000000000,
0000000000000000,
0000000000000000,
0000000000000000,
0000000000000000,
0000000000000000,
0000000000000000,
0000000000000000,
0000000000000000,
0000000000000000,
0000000000000000,
0000000000000000,
0000000000000000,
0000000000000000,
0000000000000000,
0000000000000000,
0000000000000000,
0000000000000000,
0000000000000000,
0000000000000000,
0000000000000000,
0000000000000000,
0000000000000000,
0000000000000000,
0000000000000000,
0000000000000000,
0000000000000000,
0000000000000000,
0000000000000000,
0000000000000000,
0000000000000000,
0000000000000000,
0000000000000000,
0000000000000000,
0000000000000000,
0000000000000000,
0000000000000000,
0000000000000000,
0000000000000000,
0000000000000000,
0000000000000000,
0000000000000000,
0000000000000000,
0000000000000000,
0000000000000000,
0000000000000000,
0000000000000000,
0000000000000000,
0000000000000000,
0000000000000000,
0000000000000000,
0000000000000000,
0000000000000000,
0000000000000000,
0000000000000000,
0000000000000000,
0000000000000000,
0000000000000000,
0000000000000000,
0000000000000000,
0000000000000000,
0000000000000000,
0000000000000000,
0000000000000000,
0000000000000000,
0000000000000000,
0000000000000000,
0000000000000000,
0000000000000000,
0000000000000000,
0000000000000000,
0000000000000000,
0000000000000000,
0000000000000000,
0000000000000000,
0000000000000000,
0000000000000000,
0000000000000000,
0000000000000000,
0000000000000000,
0000000000000000,
0000000000000000,
0000000000000000,
0000000000000000,
0000000000000000,
0000000000000000,
0000000000000000,
0000000000000000,
0000000000000000,
0000000000000000,
0000000000000000,
0000000000000000,
0000000000000000,
0000000000000000,
0000000000000000,
0000000000000000,
0000000000000000,
0000000000000000,
0000000000000000,
0000000000000000,
0000000000000000,
0000000000000000,
0000000000000000,
0000000000000000,
0000000000000000,
0000000000000000,
0000000000000000,
0000000000000000,
0000000000000000,
0000000000000000,
0000000000000000,
0000000000000000,
0000000000000000,
0000000000000000,
0000000000000000,
0000000000000000,
0000000000000000,
0000000000000000,
0000000000000000,
0000000000000000,
0000000000000000,
0000000000000000,
0000000000000000,
0000000000000000,
0000000000000000,
0000000000000000,
0000000000000000,
0000000000000000,
0000000000000000,
0000000000000000,
0000000000000000,
0000000000000000,
0000000000000000,
0000000000000000,
0000000000000000,
0000000000000000,
0000000000000000,
0000000000000000,
0000000000000000,
0000000000000000,
0000000000000000,
0000000000000000,
0000000000000000,
0000000000000000,
0000000000000000,
0000000000000000,
0000000000000000,
0000000000000000,
0000000000000000,
0000000000000000,
0000000000000000,
0000000000000000,
0000000000000000,
0000000000000000,
0000000000000000,
0000000000000000,
0000000000000000,
0000000000000000,
0000000000000000,
0000000000000000,
0000000000000000,
0000000000000000,
0000000000000000,
0000000000000000,
0000000000000000,
0000000000000000,
0000000000000000,
0000000000000000,
0000000000000000,
0000000000000000,
0000000000000000,
0000000000000000,
0000000000000000,
0000000000000000,
0000000000000000,
0000000000000000,
0000000000000000,
0000000000000000,
0000000000000000,
0000000000000000,
0000000000000000,
0000000000000000,
0000000000000000,
0000000000000000,
0000000000000000,
0000000000000000,
0000000000000000,
0000000000000000,
0000000000000000,
0000000000000000,
0000000000000000,
0000000000000000,
0000000000000000,
0000000000000000,
0000000000000000,
0000000000000000,
0000000000000000,
0000000000000000,
0000000000000000,
0000000000000000,
0000000000000000,
0000000000000000,
0000000000000000,
0000000000000000,
0000000000000000,
0000000000000000,
0000000000000000,
0000000000000000,
0000000000000000,
0000000000000000,
0000000000000000,
0000000000000000,
0000000000000000,
0000000000000000,
0000000000000000,
0000000000000000,
0000000000000000,
0000000000000000,
0000000000000000,
0000000000000000,
0000000000000000,
0000000000000000,
0000000000000000,
0000000000000000,
0000000000000000,
0000000000000000,
0000000000000000,
0000000000000000,
0000000000000000,
0000000000000000,
0000000000000000,
0000000000000000,
0000000000000000,
0000000000000000,
0000000000000000,
0000000000000000,
0000000000000000,
0000000000000000,
0000000000000000,
0000000000000000,
0000000000000000,
0000000000000000,
0000000000000000,
0000000000000000,
0000000000000000,
0000000000000000,
0000000000000000,
0000000000000000,
0000000000000000,
0000000000000000,
0000000000000000,
0000000000000000,
0000000000000000,
0000000000000000,
0000000000000000,
0000000000000000,
0000000000000000,
0000000000000000,
0000000000000000,
0000000000000000,
0000000000000000,
0000000000000000,
0000000000000000,
0000000000000000,
0000000000000000,
0000000000000000,
0000000000000000,
0000000000000000,
0000000000000000,
0000000000000000,
0000000000000000,
0000000000000000,
0000000000000000,
0000000000000000,
0000000000000000,
0000000000000000,
0000000000000000,
0000000000000000,
0000000000000000,
0000000000000000,
0000000000000000,
0000000000000000,
0000000000000000,
0000000000000000,
0000000000000000,
0000000000000000,
0000000000000000,
0000000000000000,
0000000000000000,
0000000000000000,
0000000000000000,
0000000000000000,
0000000000000000,
0000000000000000,
0000000000000000,
0000000000000000,
0000000000000000,
0000000000000000,
0000000000000000,
0000000000000000,
0000000000000000,
0000000000000000,
0000000000000000,
0000000000000000,
0000000000000000,
0000000000000000,
0000000000000000,
0000000000000000,
0000000000000000,
0000000000000000,
0000000000000000,
0000000000000000,
0000000000000000,
0000000000000000,
0000000000000000,
0000000000000000,
0000000000000000,
0000000000000000,
0000000000000000,
0000000000000000,
0000000000000000,
0000000000000000,
0000000000000000,
0000000000000000,
0000000000000000,
0000000000000000,
0000000000000000,
0000000000000000,
0000000000000000,
0000000000000000,
0000000000000000,
0000000000000000,
0000000000000000,
0000000000000000,
0000000000000000,
0000000000000000,
0000000000000000,
0000000000000000,
0000000000000000,
0000000000000000,
0000000000000000,
0000000000000000,
0000000000000000,
0000000000000000,
0000000000000000,
0000000000000000,
0000000000000000,
0000000000000000,
0000000000000000,
0000000000000000,
0000000000000000,
0000000000000000,
0000000000000000,
0000000000000000,
0000000000000000,
0000000000000000,
0000000000000000,
0000000000000000,
0000000000000000,
0000000000000000,
0000000000000000,
0000000000000000,
0000000000000000,
0000000000000000,
0000000000000000,
0000000000000000,
0000000000000000,
0000000000000000,
0000000000000000,
0000000000000000,
0000000000000000,
0000000000000000,
0000000000000000,
0000000000000000,
0000000000000000,
0000000000000000,
0000000000000000,
0000000000000000,
0000000000000000,
0000000000000000,
0000000000000000,
0000000000000000,
0000000000000000,
0000000000000000,
0000000000000000,
0000000000000000,
0000000000000000,
0000000000000000,
0000000000000000,
0000000000000000,
0000000000000000,
0000000000000000,
0000000000000000,
0000000000000000,
0000000000000000,
0000000000000000,
0000000000000000,
0000000000000000,
0000000000000000,
0000000000000000,
0000000000000000,
0000000000000000,
0000000000000000,
0000000000000000,
0000000000000000,
0000000000000000,
0000000000000000,
0000000000000000,
0000000000000000,
0000000000000000,
0000000000000000,
0000000000000000,
0000000000000000,
0000000000000000,
0000000000000000,
0000000000000000,
0000000000000000,
0000000000000000,
0000000000000000,
0000000000000000,
0000000000000000,
0000000000000000,
0000000000000000,
0000000000000000,
0000000000000000,
0000000000000000,
0000000000000000,
0000000000000000,
0000000000000000,
0000000000000000,
0000000000000000,
0000000000000000,
0000000000000000,
0000000000000000,
0000000000000000,
0000000000000000,
0000000000000000,
0000000000000000,
0000000000000000,
0000000000000000,
0000000000000000,
0000000000000000,
0000000000000000,
0000000000000000,
0000000000000000,
0000000000000000,
0000000000000000,
0000000000000000,
0000000000000000,
0000000000000000,
0000000000000000,
0000000000000000,
0000000000000000,
0000000000000000,
0000000000000000,
0000000000000000,
0000000000000000,
0000000000000000,
0000000000000000,
0000000000000000,
0000000000000000,
0000000000000000,
0000000000000000,
0000000000000000,
0000000000000000,
0000000000000000,
0000000000000000,
0000000000000000,
0000000000000000,
0000000000000000,
0000000000000000,
0000000000000000,
0000000000000000,
0000000000000000,
0000000000000000,
0000000000000000,
0000000000000000,
0000000000000000,
0000000000000000,
0000000000000000,
0000000000000000,
0000000000000000,
0000000000000000,
0000000000000000,
0000000000000000,
0000000000000000,
0000000000000000,
0000000000000000,
0000000000000000,
0000000000000000,
0000000000000000,
0000000000000000,
0000000000000000,
0000000000000000,
0000000000000000,
0000000000000000,
0000000000000000,
0000000000000000,
0000000000000000,
0000000000000000,
0000000000000000,
0000000000000000,
0000000000000000,
0000000000000000,
0000000000000000,
0000000000000000,
0000000000000000,
0000000000000000,
0000000000000000,
0000000000000000,
0000000000000000,
0000000000000000,
0000000000000000,
0000000000000000,
0000000000000000,
0000000000000000,
0000000000000000,
0000000000000000,
0000000000000000,
0000000000000000,
0000000000000000,
0000000000000000,
0000000000000000,
0000000000000000,
0000000000000000,
0000000000000000,
0000000000000000,
0000000000000000,
0000000000000000,
0000000000000000,
0000000000000000,
0000000000000000,
0000000000000000,
0000000000000000,
0000000000000000,
0000000000000000,
0000000000000000,
0000000000000000,
0000000000000000,
0000000000000000,
0000000000000000,
0000000000000000,
0000000000000000,
0000000000000000,
0000000000000000,
0000000000000000,
0000000000000000,
0000000000000000,
0000000000000000,
0000000000000000,
0000000000000000,
0000000000000000,
0000000000000000,
0000000000000000,
0000000000000000,
0000000000000000,
0000000000000000,
0000000000000000,
0000000000000000,
0000000000000000,
0000000000000000,
0000000000000000,
0000000000000000,
0000000000000000,
0000000000000000,
0000000000000000,
0000000000000000,
0000000000000000,
0000000000000000,
0000000000000000,
0000000000000000,
0000000000000000,
0000000000000000,
0000000000000000,
0000000000000000,
0000000000000000,
0000000000000000,
0000000000000000,
0000000000000000,
0000000000000000,
0000000000000000,
0000000000000000,
0000000000000000,
0000000000000000,
0000000000000000,
0000000000000000,
0000000000000000,
0000000000000000,
0000000000000000,
0000000000000000,
0000000000000000,
0000000000000000,
0000000000000000,
0000000000000000,
0000000000000000,
0000000000000000,
0000000000000000,
0000000000000000,
0000000000000000,
0000000000000000,
0000000000000000,
0000000000000000,
0000000000000000,
0000000000000000,
0000000000000000,
0000000000000000,
0000000000000000,
0000000000000000,
0000000000000000,
0000000000000000,
0000000000000000,
0000000000000000,
0000000000000000,
0000000000000000,
0000000000000000,
0000000000000000,
0000000000000000,
0000000000000000,
0000000000000000,
0000000000000000,
0000000000000000,
0000000000000000,
0000000000000000,
0000000000000000,
0000000000000000,
0000000000000000,
0000000000000000,
0000000000000000,
0000000000000000,
0000000000000000,
0000000000000000,
0000000000000000,
0000000000000000,
0000000000000000,
0000000000000000,
0000000000000000,
0000000000000000,
0000000000000000,
0000000000000000,
0000000000000000,
0000000000000000,
0000000000000000,
0000000000000000,
0000000000000000,
0000000000000000,
0000000000000000,
0000000000000000,
0000000000000000,
0000000000000000,
0000000000000000,
0000000000000000,
0000000000000000,
0000000000000000,
0000000000000000,
0000000000000000,
0000000000000000,
0000000000000000,
0000000000000000,
0000000000000000,
0000000000000000,
0000000000000000,
0000000000000000,
0000000000000000,
0000000000000000,
0000000000000000,
0000000000000000,
0000000000000000,
0000000000000000,
0000000000000000,
0000000000000000,
0000000000000000,
0000000000000000,
0000000000000000,
0000000000000000,
0000000000000000,
0000000000000000,
0000000000000000,
0000000000000000,
0000000000000000,
0000000000000000,
0000000000000000,
0000000000000000,
0000000000000000,
0000000000000000,
0000000000000000,
0000000000000000,
0000000000000000,
0000000000000000,
0000000000000000,
0000000000000000,
0000000000000000,
0000000000000000,
0000000000000000,
0000000000000000,
0000000000000000,
0000000000000000,
0000000000000000,
0000000000000000,
0000000000000000,
0000000000000000,
0000000000000000,
0000000000000000,
0000000000000000,
0000000000000000,
0000000000000000,
0000000000000000,
0000000000000000,
0000000000000000,
0000000000000000,
0000000000000000,
0000000000000000,
0000000000000000,
0000000000000000,
0000000000000000,
0000000000000000,
0000000000000000,
0000000000000000,
0000000000000000,
0000000000000000,
0000000000000000,
0000000000000000,
0000000000000000,
0000000000000000,
0000000000000000,
0000000000000000,
0000000000000000,
0000000000000000,
0000000000000000,
0000000000000000,
0000000000000000,
0000000000000000,
0000000000000000,
0000000000000000,
0000000000000000,
0000000000000000,
0000000000000000,
0000000000000000,
0000000000000000,
0000000000000000,
0000000000000000,
0000000000000000,
0000000000000000,
0000000000000000,
0000000000000000,
0000000000000000,
0000000000000000,
0000000000000000,
0000000000000000,
0000000000000000,
0000000000000000,
0000000000000000,
0000000000000000,
0000000000000000,
0000000000000000,
0000000000000000,
0000000000000000,
0000000000000000,
0000000000000000,
0000000000000000,
0000000000000000,
0000000000000000,
0000000000000000,
0000000000000000,
0000000000000000,
0000000000000000,
0000000000000000,
0000000000000000,
0000000000000000,
0000000000000000,
0000000000000000,
0000000000000000,
0000000000000000,
0000000000000000,
0000000000000000,
0000000000000000,
0000000000000000,
0000000000000000,
0000000000000000,
0000000000000000,
0000000000000000,
0000000000000000,
0000000000000000,
0000000000000000,
0000000000000000,
0000000000000000,
0000000000000000,
0000000000000000,
0000000000000000,
0000000000000000,
0000000000000000,
0000000000000000,
0000000000000000,
0000000000000000,
0000000000000000,
0000000000000000,
0000000000000000,
0000000000000000,
0000000000000000,
0000000000000000,
0000000000000000,
0000000000000000,
0000000000000000,
0000000000000000,
0000000000000000,
0000000000000000,
0000000000000000,
0000000000000000,
0000000000000000,
0000000000000000,
0000000000000000,
0000000000000000,
0000000000000000,
0000000000000000,
0000000000000000,
0000000000000000,
0000000000000000,
0000000000000000,
0000000000000000,
0000000000000000,
0000000000000000,
0000000000000000,
0000000000000000,
0000000000000000,
0000000000000000,
0000000000000000,
0000000000000000,
0000000000000000,
0000000000000000,
0000000000000000,
0000000000000000,
0000000000000000,
0000000000000000,
0000000000000000,
0000000000000000,
0000000000000000,
0000000000000000,
0000000000000000,
0000000000000000,
0000000000000000,
0000000000000000,
0000000000000000,
0000000000000000,
0000000000000000,
0000000000000000,
0000000000000000,
0000000000000000,
0000000000000000,
0000000000000000,
0000000000000000,
0000000000000000,
0000000000000000,
0000000000000000,
0000000000000000,
0000000000000000,
0000000000000000,
0000000000000000,
0000000000000000,
0000000000000000,
0000000000000000,
0000000000000000,
0000000000000000,
0000000000000000,
0000000000000000,
0000000000000000,
0000000000000000,
0000000000000000,
0000000000000000,
0000000000000000,
0000000000000000,
0000000000000000,
0000000000000000,
0000000000000000,
0000000000000000,
0000000000000000,
0000000000000000,
0000000000000000,
0000000000000000,
0000000000000000,
0000000000000000,
0000000000000000,
0000000000000000,
0000000000000000,
0000000000000000,
0000000000000000,
0000000000000000,
0000000000000000,
0000000000000000,
0000000000000000,
0000000000000000,
0000000000000000,
0000000000000000,
0000000000000000,
0000000000000000,
0000000000000000,
0000000000000000,
0000000000000000,
0000000000000000,
0000000000000000,
0000000000000000,
0000000000000000,
0000000000000000,
0000000000000000,
0000000000000000,
0000000000000000,
0000000000000000,
0000000000000000,
0000000000000000,
0000000000000000,
0000000000000000,
0000000000000000,
0000000000000000,
0000000000000000,
0000000000000000,
0000000000000000,
0000000000000000,
0000000000000000,
0000000000000000,
0000000000000000,
0000000000000000,
0000000000000000,
0000000000000000,
0000000000000000,
0000000000000000,
0000000000000000,
0000000000000000,
0000000000000000,
0000000000000000,
0000000000000000,
0000000000000000,
0000000000000000,
0000000000000000,
0000000000000000,
0000000000000000,
0000000000000000,
0000000000000000,
0000000000000000,
0000000000000000,
0000000000000000,
0000000000000000,
0000000000000000,
0000000000000000,
0000000000000000,
0000000000000000,
0000000000000000,
0000000000000000,
0000000000000000,
0000000000000000,
0000000000000000,
0000000000000000,
0000000000000000,
0000000000000000,
0000000000000000,
0000000000000000,
0000000000000000,
0000000000000000,
0000000000000000,
0000000000000000,
0000000000000000,
0000000000000000,
0000000000000000,
0000000000000000,
0000000000000000,
0000000000000000,
0000000000000000,
0000000000000000,
0000000000000000,
0000000000000000,
0000000000000000,
0000000000000000,
0000000000000000,
0000000000000000,
0000000000000000,
0000000000000000,
0000000000000000,
0000000000000000,
0000000000000000,
0000000000000000,
0000000000000000,
0000000000000000,
0000000000000000,
0000000000000000,
0000000000000000,
0000000000000000,
0000000000000000,
0000000000000000,
0000000000000000,
0000000000000000,
0000000000000000,
0000000000000000,
0000000000000000,
0000000000000000,
0000000000000000,
0000000000000000,
0000000000000000,
0000000000000000,
0000000000000000,
0000000000000000,
0000000000000000,
0000000000000000,
0000000000000000,
0000000000000000,
0000000000000000,
0000000000000000,
0000000000000000,
0000000000000000,
0000000000000000,
0000000000000000,
0000000000000000,
0000000000000000,
0000000000000000,
0000000000000000,
0000000000000000,
0000000000000000,
0000000000000000,
0000000000000000,
0000000000000000,
0000000000000000,
0000000000000000,
0000000000000000,
0000000000000000,
0000000000000000,
0000000000000000,
0000000000000000,
0000000000000000,
0000000000000000,
0000000000000000,
0000000000000000,
0000000000000000,
0000000000000000,
0000000000000000,
0000000000000000,
0000000000000000,
0000000000000000,
0000000000000000,
0000000000000000,
0000000000000000,
0000000000000000,
0000000000000000,
0000000000000000,
0000000000000000,
0000000000000000,
0000000000000000,
0000000000000000,
0000000000000000,
0000000000000000,
0000000000000000,
0000000000000000,
0000000000000000,
0000000000000000,
0000000000000000,
0000000000000000,
0000000000000000,
0000000000000000,
0000000000000000,
0000000000000000,
0000000000000000,
0000000000000000,
0000000000000000,
0000000000000000,
0000000000000000,
0000000000000000,
0000000000000000,
0000000000000000,
0000000000000000,
0000000000000000,
0000000000000000,
0000000000000000,
0000000000000000,
0000000000000000,
0000000000000000,
0000000000000000,
0000000000000000,
0000000000000000,
0000000000000000,
0000000000000000,
0000000000000000,
0000000000000000,
0000000000000000,
0000000000000000,
0000000000000000,
0000000000000000,
0000000000000000,
0000000000000000,
0000000000000000,
0000000000000000,
0000000000000000,
0000000000000000,
0000000000000000,
0000000000000000,
0000000000000000,
0000000000000000,
0000000000000000,
0000000000000000,
0000000000000000,
0000000000000000,
0000000000000000,
0000000000000000,
0000000000000000,
0000000000000000,
0000000000000000,
0000000000000000,
0000000000000000,
0000000000000000,
0000000000000000,
0000000000000000,
0000000000000000,
0000000000000000,
0000000000000000,
0000000000000000,
0000000000000000,
0000000000000000,
0000000000000000,
0000000000000000,
0000000000000000,
0000000000000000,
0000000000000000,
0000000000000000,
0000000000000000,
0000000000000000,
0000000000000000,
0000000000000000,
0000000000000000,
0000000000000000,
0000000000000000,
0000000000000000,
0000000000000000,
0000000000000000,
0000000000000000,
0000000000000000,
0000000000000000,
0000000000000000,
0000000000000000,
0000000000000000,
0000000000000000,
0000000000000000,
0000000000000000,
0000000000000000,
0000000000000000,
0000000000000000,
0000000000000000,
0000000000000000,
0000000000000000,
0000000000000000,
0000000000000000,
0000000000000000,
0000000000000000,
0000000000000000,
0000000000000000,
0000000000000000,
0000000000000000,
0000000000000000,
0000000000000000,
0000000000000000,
0000000000000000,
0000000000000000,
0000000000000000,
0000000000000000,
0000000000000000,
0000000000000000,
0000000000000000,
0000000000000000,
0000000000000000,
0000000000000000,
0000000000000000,
0000000000000000,
0000000000000000,
0000000000000000,
0000000000000000,
0000000000000000,
0000000000000000,
0000000000000000,
0000000000000000,
0000000000000000,
0000000000000000,
0000000000000000,
0000000000000000,
0000000000000000,
0000000000000000,
0000000000000000,
0000000000000000,
0000000000000000,
0000000000000000,
0000000000000000,
0000000000000000,
0000000000000000,
0000000000000000,
0000000000000000,
0000000000000000,
0000000000000000,
0000000000000000,
0000000000000000,
0000000000000000,
0000000000000000,
0000000000000000,
0000000000000000,
0000000000000000,
0000000000000000,
0000000000000000,
0000000000000000,
0000000000000000,
0000000000000000,
0000000000000000,
0000000000000000,
0000000000000000,
0000000000000000,
0000000000000000,
0000000000000000,
0000000000000000,
0000000000000000,
0000000000000000,
0000000000000000,
0000000000000000,
0000000000000000,
0000000000000000,
0000000000000000,
0000000000000000,
0000000000000000,
0000000000000000,
0000000000000000,
0000000000000000,
0000000000000000,
0000000000000000,
0000000000000000,
0000000000000000,
0000000000000000,
0000000000000000,
0000000000000000,
0000000000000000,
0000000000000000,
0000000000000000,
0000000000000000,
0000000000000000,
0000000000000000,
0000000000000000,
0000000000000000,
0000000000000000,
0000000000000000,
0000000000000000,
0000000000000000,
0000000000000000,
0000000000000000,
0000000000000000,
0000000000000000,
0000000000000000,
0000000000000000,
0000000000000000,
0000000000000000,
0000000000000000,
0000000000000000,
0000000000000000,
0000000000000000,
0000000000000000,
0000000000000000,
0000000000000000,
0000000000000000,
0000000000000000,
0000000000000000,
0000000000000000,
0000000000000000,
0000000000000000,
0000000000000000,
0000000000000000,
0000000000000000,
0000000000000000,
0000000000000000,
0000000000000000,
0000000000000000,
0000000000000000,
0000000000000000,
0000000000000000,
0000000000000000,
0000000000000000,
0000000000000000,
0000000000000000,
0000000000000000,
0000000000000000,
0000000000000000,
0000000000000000,
0000000000000000,
0000000000000000,
0000000000000000,
0000000000000000,
0000000000000000,
0000000000000000,
0000000000000000,
0000000000000000,
0000000000000000,
0000000000000000,
0000000000000000,
0000000000000000,
0000000000000000,
0000000000000000,
0000000000000000,
0000000000000000,
0000000000000000,
0000000000000000,
0000000000000000,
0000000000000000,
0000000000000000,
0000000000000000,
0000000000000000,
0000000000000000,
0000000000000000,
0000000000000000,
0000000000000000,
0000000000000000,
0000000000000000,
0000000000000000,
0000000000000000,
0000000000000000,
0000000000000000,
0000000000000000,
0000000000000000,
0000000000000000,
0000000000000000,
0000000000000000,
0000000000000000,
0000000000000000,
0000000000000000,
0000000000000000,
0000000000000000,
0000000000000000,
0000000000000000,
0000000000000000,
0000000000000000,
0000000000000000,
0000000000000000,
0000000000000000,
0000000000000000,
0000000000000000,
0000000000000000,
0000000000000000,
0000000000000000,
0000000000000000,
0000000000000000,
0000000000000000,
0000000000000000,
0000000000000000,
0000000000000000,
0000000000000000,
0000000000000000,
0000000000000000,
0000000000000000,
0000000000000000,
0000000000000000,
0000000000000000,
0000000000000000,
0000000000000000,
0000000000000000,
0000000000000000,
0000000000000000,
0000000000000000,
0000000000000000,
0000000000000000,
0000000000000000,
0000000000000000,
0000000000000000,
0000000000000000,
0000000000000000,
0000000000000000,
0000000000000000,
0000000000000000,
0000000000000000,
0000000000000000,
0000000000000000,
0000000000000000,
0000000000000000,
0000000000000000,
0000000000000000,
0000000000000000,
0000000000000000,
0000000000000000,
0000000000000000,
0000000000000000,
0000000000000000,
0000000000000000,
0000000000000000,
0000000000000000,
0000000000000000,
0000000000000000,
0000000000000000,
0000000000000000,
0000000000000000,
0000000000000000,
0000000000000000,
0000000000000000,
0000000000000000,
0000000000000000,
0000000000000000,
0000000000000000,
0000000000000000,
0000000000000000,
0000000000000000,
0000000000000000,
0000000000000000,
0000000000000000,
0000000000000000,
0000000000000000,
0000000000000000,
0000000000000000,
0000000000000000,
0000000000000000,
0000000000000000,
0000000000000000,
0000000000000000,
0000000000000000,
0000000000000000,
0000000000000000,
0000000000000000,
0000000000000000,
0000000000000000,
0000000000000000,
0000000000000000,
0000000000000000,
0000000000000000,
0000000000000000,
0000000000000000,
0000000000000000,
0000000000000000,
0000000000000000,
0000000000000000,
0000000000000000,
0000000000000000,
0000000000000000,
0000000000000000,
0000000000000000,
0000000000000000,
0000000000000000,
0000000000000000,
0000000000000000,
0000000000000000,
0000000000000000,
0000000000000000,
0000000000000000,
0000000000000000,
0000000000000000,
0000000000000000,
0000000000000000,
0000000000000000,
0000000000000000,
0000000000000000,
0000000000000000,
0000000000000000,
0000000000000000,
0000000000000000,
0000000000000000,
0000000000000000,
0000000000000000,
0000000000000000,
0000000000000000,
0000000000000000,
0000000000000000,
0000000000000000,
0000000000000000,
0000000000000000,
0000000000000000,
0000000000000000,
0000000000000000,
0000000000000000,
0000000000000000,
0000000000000000,
0000000000000000,
0000000000000000,
0000000000000000,
0000000000000000,
0000000000000000,
0000000000000000,
0000000000000000,
0000000000000000,
0000000000000000,
0000000000000000,
0000000000000000,
0000000000000000,
0000000000000000,
0000000000000000,
0000000000000000,
0000000000000000,
0000000000000000,
0000000000000000,
0000000000000000,
0000000000000000,
0000000000000000,
0000000000000000,
0000000000000000,
0000000000000000,
0000000000000000,
0000000000000000,
0000000000000000,
0000000000000000,
0000000000000000,
0000000000000000,
0000000000000000,
0000000000000000,
0000000000000000,
0000000000000000,
0000000000000000,
0000000000000000,
0000000000000000,
0000000000000000,
0000000000000000,
0000000000000000,
0000000000000000,
0000000000000000,
0000000000000000,
0000000000000000,
0000000000000000,
0000000000000000,
0000000000000000,
0000000000000000,
0000000000000000,
0000000000000000,
0000000000000000,
0000000000000000,
0000000000000000,
0000000000000000,
0000000000000000,
0000000000000000,
0000000000000000,
0000000000000000,
0000000000000000,
0000000000000000,
0000000000000000,
0000000000000000,
0000000000000000,
0000000000000000,
0000000000000000,
0000000000000000,
0000000000000000,
0000000000000000,
0000000000000000,
0000000000000000,
0000000000000000,
0000000000000000,
0000000000000000,
0000000000000000,
0000000000000000,
0000000000000000,
0000000000000000,
0000000000000000,
0000000000000000,
0000000000000000,
0000000000000000,
0000000000000000,
0000000000000000,
0000000000000000,
0000000000000000,
0000000000000000,
0000000000000000,
0000000000000000,
0000000000000000,
0000000000000000,
0000000000000000,
0000000000000000,
0000000000000000,
0000000000000000,
0000000000000000,
0000000000000000,
0000000000000000,
0000000000000000,
0000000000000000,
0000000000000000,
0000000000000000,
0000000000000000,
0000000000000000,
0000000000000000,
0000000000000000,
0000000000000000,
0000000000000000,
0000000000000000,
0000000000000000,
0000000000000000,
0000000000000000,
0000000000000000,
0000000000000000,
0000000000000000,
0000000000000000,
0000000000000000,
0000000000000000,
0000000000000000,
0000000000000000,
0000000000000000,
0000000000000000,
0000000000000000,
0000000000000000,
0000000000000000,
0000000000000000,
0000000000000000,
0000000000000000,
0000000000000000,
0000000000000000,
0000000000000000,
0000000000000000,
0000000000000000,
0000000000000000,
0000000000000000,
0000000000000000,
0000000000000000,
0000000000000000,
0000000000000000,
0000000000000000,
0000000000000000,
0000000000000000,
0000000000000000,
0000000000000000,
0000000000000000,
0000000000000000,
0000000000000000,
0000000000000000,
0000000000000000,
0000000000000000,
0000000000000000,
0000000000000000,
0000000000000000,
0000000000000000,
0000000000000000,
0000000000000000,
0000000000000000,
0000000000000000,
0000000000000000,
0000000000000000,
0000000000000000,
0000000000000000,
0000000000000000,
0000000000000000,
0000000000000000,
0000000000000000,
0000000000000000,
0000000000000000,
0000000000000000,
0000000000000000,
0000000000000000,
0000000000000000,
0000000000000000,
0000000000000000,
0000000000000000,
0000000000000000,
0000000000000000,
0000000000000000,
0000000000000000,
0000000000000000,
0000000000000000,
0000000000000000,
0000000000000000,
0000000000000000,
0000000000000000,
0000000000000000,
0000000000000000,
0000000000000000,
0000000000000000,
0000000000000000,
0000000000000000,
0000000000000000,
0000000000000000,
0000000000000000,
0000000000000000,
0000000000000000,
0000000000000000,
0000000000000000,
0000000000000000,
0000000000000000,
0000000000000000,
0000000000000000,
0000000000000000,
0000000000000000,
0000000000000000,
0000000000000000,
0000000000000000,
0000000000000000,
0000000000000000,
0000000000000000,
0000000000000000,
0000000000000000,
0000000000000000,
0000000000000000,
0000000000000000,
0000000000000000,
0000000000000000,
0000000000000000,
0000000000000000,
0000000000000000,
0000000000000000,
0000000000000000,
0000000000000000,
0000000000000000,
0000000000000000,
0000000000000000,
0000000000000000,
0000000000000000,
0000000000000000,
0000000000000000,
0000000000000000,
0000000000000000,
0000000000000000,
0000000000000000,
0000000000000000,
0000000000000000,
0000000000000000,
0000000000000000,
0000000000000000,
0000000000000000,
0000000000000000,
0000000000000000,
0000000000000000,
0000000000000000,
0000000000000000,
0000000000000000,
0000000000000000,
0000000000000000,
0000000000000000,
0000000000000000,
0000000000000000,
0000000000000000,
0000000000000000,
0000000000000000,
0000000000000000,
0000000000000000,
0000000000000000,
0000000000000000,
0000000000000000,
0000000000000000,
0000000000000000,
0000000000000000,
0000000000000000,
0000000000000000,
0000000000000000,
0000000000000000,
0000000000000000,
0000000000000000,
0000000000000000,
0000000000000000,
0000000000000000,
0000000000000000,
0000000000000000,
0000000000000000,
0000000000000000,
0000000000000000,
0000000000000000,
0000000000000000,
0000000000000000,
0000000000000000,
0000000000000000,
0000000000000000,
0000000000000000,
0000000000000000,
0000000000000000,
0000000000000000,
0000000000000000,
0000000000000000,
0000000000000000,
0000000000000000,
0000000000000000,
0000000000000000,
0000000000000000,
0000000000000000,
0000000000000000,
0000000000000000,
0000000000000000,
0000000000000000,
0000000000000000,
0000000000000000,
0000000000000000,
0000000000000000,
0000000000000000,
0000000000000000,
0000000000000000,
0000000000000000,
0000000000000000,
0000000000000000,
0000000000000000,
0000000000000000,
0000000000000000,
0000000000000000,
0000000000000000,
0000000000000000,
0000000000000000,
0000000000000000,
0000000000000000,
0000000000000000,
0000000000000000,
0000000000000000,
0000000000000000,
0000000000000000,
0000000000000000,
0000000000000000,
0000000000000000,
0000000000000000,
0000000000000000,
0000000000000000,
0000000000000000,
0000000000000000,
0000000000000000,
0000000000000000,
0000000000000000,
0000000000000000,
0000000000000000,
0000000000000000,
0000000000000000,
0000000000000000,
0000000000000000,
0000000000000000,
0000000000000000,
0000000000000000,
0000000000000000,
0000000000000000,
0000000000000000,
0000000000000000,
0000000000000000,
0000000000000000,
0000000000000000,
0000000000000000,
0000000000000000,
0000000000000000,
0000000000000000,
0000000000000000,
0000000000000000,
0000000000000000,
0000000000000000,
0000000000000000,
0000000000000000,
0000000000000000,
0000000000000000,
0000000000000000,
0000000000000000,
0000000000000000,
0000000000000000,
0000000000000000,
0000000000000000,
0000000000000000,
0000000000000000,
0000000000000000,
0000000000000000,
0000000000000000,
0000000000000000,
0000000000000000,
0000000000000000,
0000000000000000,
0000000000000000,
0000000000000000,
0000000000000000,
0000000000000000,
0000000000000000,
0000000000000000,
0000000000000000,
0000000000000000,
0000000000000000,
0000000000000000,
0000000000000000,
0000000000000000,
0000000000000000,
0000000000000000,
0000000000000000,
0000000000000000,
0000000000000000,
0000000000000000,
0000000000000000,
0000000000000000,
0000000000000000,
0000000000000000,
0000000000000000,
0000000000000000,
0000000000000000,
0000000000000000,
0000000000000000,
0000000000000000,
0000000000000000,
0000000000000000,
0000000000000000,
0000000000000000,
0000000000000000,
0000000000000000,
0000000000000000,
0000000000000000,
0000000000000000,
0000000000000000,
0000000000000000,
0000000000000000,
0000000000000000,
0000000000000000,
0000000000000000,
0000000000000000,
0000000000000000,
0000000000000000,
0000000000000000,
0000000000000000,
0000000000000000,
0000000000000000,
0000000000000000,
0000000000000000,
0000000000000000,
0000000000000000,
0000000000000000,
0000000000000000,
0000000000000000,
0000000000000000,
0000000000000000,
0000000000000000,
0000000000000000,
0000000000000000,
0000000000000000,
0000000000000000,
0000000000000000,
0000000000000000,
0000000000000000,
0000000000000000,
0000000000000000,
0000000000000000,
0000000000000000,
0000000000000000,
0000000000000000,
0000000000000000,
0000000000000000,
0000000000000000,
0000000000000000,
0000000000000000,
0000000000000000,
0000000000000000,
0000000000000000,
0000000000000000,
0000000000000000,
0000000000000000,
0000000000000000,
0000000000000000,
0000000000000000,
0000000000000000,
0000000000000000,
0000000000000000,
0000000000000000,
0000000000000000,
0000000000000000,
0000000000000000,
0000000000000000,
0000000000000000,
0000000000000000,
0000000000000000,
0000000000000000,
0000000000000000,
0000000000000000,
0000000000000000,
0000000000000000,
0000000000000000,
0000000000000000,
0000000000000000,
0000000000000000,
0000000000000000,
0000000000000000,
0000000000000000,
0000000000000000,
0000000000000000,
0000000000000000,
0000000000000000,
0000000000000000,
0000000000000000,
0000000000000000,
0000000000000000,
0000000000000000,
0000000000000000,
0000000000000000,
0000000000000000,
0000000000000000,
0000000000000000,
0000000000000000,
0000000000000000,
0000000000000000,
0000000000000000,
0000000000000000,
0000000000000000,
0000000000000000,
0000000000000000,
0000000000000000,
0000000000000000,
0000000000000000,
0000000000000000,
0000000000000000,
0000000000000000,
0000000000000000,
0000000000000000,
0000000000000000,
0000000000000000,
0000000000000000,
0000000000000000,
0000000000000000,
0000000000000000,
0000000000000000,
0000000000000000,
0000000000000000,
0000000000000000,
0000000000000000,
0000000000000000,
0000000000000000,
0000000000000000,
0000000000000000,
0000000000000000,
0000000000000000,
0000000000000000,
0000000000000000,
0000000000000000,
0000000000000000,
0000000000000000,
0000000000000000,
0000000000000000,
0000000000000000,
0000000000000000,
0000000000000000,
0000000000000000,
0000000000000000,
0000000000000000,
0000000000000000,
0000000000000000,
0000000000000000,
0000000000000000,
0000000000000000,
0000000000000000,
0000000000000000,
0000000000000000,
0000000000000000,
0000000000000000,
0000000000000000,
0000000000000000,
0000000000000000,
0000000000000000,
0000000000000000,
0000000000000000,
0000000000000000,
0000000000000000,
0000000000000000,
0000000000000000,
0000000000000000,
0000000000000000,
0000000000000000,
0000000000000000,
0000000000000000,
0000000000000000,
0000000000000000,
0000000000000000,
0000000000000000,
0000000000000000,
0000000000000000,
0000000000000000,
0000000000000000,
0000000000000000,
0000000000000000,
0000000000000000,
0000000000000000,
0000000000000000,
0000000000000000,
0000000000000000,
0000000000000000,
0000000000000000,
0000000000000000,
0000000000000000,
0000000000000000,
0000000000000000,
0000000000000000,
0000000000000000,
0000000000000000,
0000000000000000,
0000000000000000,
0000000000000000,
0000000000000000,
0000000000000000,
0000000000000000,
0000000000000000,
0000000000000000,
0000000000000000,
0000000000000000,
0000000000000000,
0000000000000000,
0000000000000000,
0000000000000000,
0000000000000000,
0000000000000000,
0000000000000000,
0000000000000000,
0000000000000000,
0000000000000000,
0000000000000000,
0000000000000000,
0000000000000000,
0000000000000000,
0000000000000000,
0000000000000000,
0000000000000000,
0000000000000000,
0000000000000000,
0000000000000000,
0000000000000000,
0000000000000000,
0000000000000000,
0000000000000000,
0000000000000000,
0000000000000000,
0000000000000000,
0000000000000000,
0000000000000000,
0000000000000000,
0000000000000000,
0000000000000000,
0000000000000000,
0000000000000000,
0000000000000000,
0000000000000000,
0000000000000000,
0000000000000000,
0000000000000000,
0000000000000000,
0000000000000000,
0000000000000000,
0000000000000000,
0000000000000000,
0000000000000000,
0000000000000000,
0000000000000000,
0000000000000000,
0000000000000000,
0000000000000000,
0000000000000000,
0000000000000000,
0000000000000000,
0000000000000000,
0000000000000000,
0000000000000000,
0000000000000000,
0000000000000000,
0000000000000000,
0000000000000000,
0000000000000000,
0000000000000000,
0000000000000000,
0000000000000000,
0000000000000000,
0000000000000000,
0000000000000000,
0000000000000000,
0000000000000000,
0000000000000000,
0000000000000000,
0000000000000000,
0000000000000000,
0000000000000000,
0000000000000000,
0000000000000000,
0000000000000000,
0000000000000000,
0000000000000000,
0000000000000000,
0000000000000000,
0000000000000000,
0000000000000000,
0000000000000000,
0000000000000000,
0000000000000000,
0000000000000000,
0000000000000000,
0000000000000000,
0000000000000000,
0000000000000000,
0000000000000000,
0000000000000000,
0000000000000000,
0000000000000000,
0000000000000000,
0000000000000000,
0000000000000000,
0000000000000000,
0000000000000000,
0000000000000000,
0000000000000000,
0000000000000000,
0000000000000000,
0000000000000000,
0000000000000000,
0000000000000000,
0000000000000000,
0000000000000000,
0000000000000000,
0000000000000000,
0000000000000000,
0000000000000000,
0000000000000000,
0000000000000000,
0000000000000000,
0000000000000000,
0000000000000000,
0000000000000000,
0000000000000000,
0000000000000000,
0000000000000000,
0000000000000000,
0000000000000000,
0000000000000000,
0000000000000000,
0000000000000000,
0000000000000000,
0000000000000000,
0000000000000000,
0000000000000000,
0000000000000000,
0000000000000000,
0000000000000000,
0000000000000000,
0000000000000000,
0000000000000000,
0000000000000000,
0000000000000000,
0000000000000000,
0000000000000000,
0000000000000000,
0000000000000000,
0000000000000000,
0000000000000000,
0000000000000000,
0000000000000000,
0000000000000000,
0000000000000000,
0000000000000000,
0000000000000000,
0000000000000000,
0000000000000000,
0000000000000000,
0000000000000000,
0000000000000000,
0000000000000000,
0000000000000000,
0000000000000000,
0000000000000000,
0000000000000000,
0000000000000000,
0000000000000000,
0000000000000000,
0000000000000000,
0000000000000000,
0000000000000000,
0000000000000000,
0000000000000000,
0000000000000000,
0000000000000000,
0000000000000000,
0000000000000000,
0000000000000000,
0000000000000000,
0000000000000000,
0000000000000000,
0000000000000000,
0000000000000000,
0000000000000000,
0000000000000000,
0000000000000000,
0000000000000000,
0000000000000000,
0000000000000000,
0000000000000000,
0000000000000000,
0000000000000000,
0000000000000000,
0000000000000000,
0000000000000000,
0000000000000000,
0000000000000000,
0000000000000000,
0000000000000000,
0000000000000000,
0000000000000000,
0000000000000000,
0000000000000000,
0000000000000000,
0000000000000000,
0000000000000000,
0000000000000000,
0000000000000000,
0000000000000000,
0000000000000000,
0000000000000000,
0000000000000000,
0000000000000000,
0000000000000000,
0000000000000000,
0000000000000000,
0000000000000000,
0000000000000000,
0000000000000000,
0000000000000000,
0000000000000000,
0000000000000000,
0000000000000000,
0000000000000000,
0000000000000000,
0000000000000000,
0000000000000000,
0000000000000000,
0000000000000000,
0000000000000000,
0000000000000000,
0000000000000000,
0000000000000000,
0000000000000000,
0000000000000000,
0000000000000000,
0000000000000000,
0000000000000000,
0000000000000000,
0000000000000000,
0000000000000000,
0000000000000000,
0000000000000000,
0000000000000000,
0000000000000000,
0000000000000000,
0000000000000000,
0000000000000000,
0000000000000000,
0000000000000000,
0000000000000000,
0000000000000000,
0000000000000000,
0000000000000000,
0000000000000000,
0000000000000000,
0000000000000000,
0000000000000000,
0000000000000000,
0000000000000000,
0000000000000000,
0000000000000000,
0000000000000000,
0000000000000000,
0000000000000000,
0000000000000000,
0000000000000000,
0000000000000000,
0000000000000000,
0000000000000000,
0000000000000000,
0000000000000000,
0000000000000000,
0000000000000000,
0000000000000000,
0000000000000000,
0000000000000000,
0000000000000000,
0000000000000000,
0000000000000000,
0000000000000000,
0000000000000000,
0000000000000000,
0000000000000000,
0000000000000000,
0000000000000000,
0000000000000000,
0000000000000000,
0000000000000000,
0000000000000000,
0000000000000000,
0000000000000000,
0000000000000000,
0000000000000000,
0000000000000000,
0000000000000000,
0000000000000000,
0000000000000000,
0000000000000000,
0000000000000000,
0000000000000000,
0000000000000000,
0000000000000000,
0000000000000000,
0000000000000000,
0000000000000000,
0000000000000000,
0000000000000000,
0000000000000000,
0000000000000000,
0000000000000000,
0000000000000000,
0000000000000000,
0000000000000000,
0000000000000000,
0000000000000000,
0000000000000000,
0000000000000000,
0000000000000000,
0000000000000000,
0000000000000000,
0000000000000000,
0000000000000000,
0000000000000000,
0000000000000000,
0000000000000000,
0000000000000000,
0000000000000000,
0000000000000000,
0000000000000000,
0000000000000000,
0000000000000000,
0000000000000000,
0000000000000000,
0000000000000000,
0000000000000000,
0000000000000000,
0000000000000000,
0000000000000000,
0000000000000000,
0000000000000000,
0000000000000000,
0000000000000000,
0000000000000000,
0000000000000000,
0000000000000000,
0000000000000000,
0000000000000000,
0000000000000000,
0000000000000000,
0000000000000000,
0000000000000000,
0000000000000000,
0000000000000000,
0000000000000000,
0000000000000000,
0000000000000000,
0000000000000000,
0000000000000000,
0000000000000000,
0000000000000000,
0000000000000000,
0000000000000000,
0000000000000000,
0000000000000000,
0000000000000000,
0000000000000000,
0000000000000000,
0000000000000000,
0000000000000000,
0000000000000000,
0000000000000000,
0000000000000000,
0000000000000000,
0000000000000000,
0000000000000000,
0000000000000000,
0000000000000000,
0000000000000000,
0000000000000000,
0000000000000000,
0000000000000000,
0000000000000000,
0000000000000000,
0000000000000000,
0000000000000000,
0000000000000000,
0000000000000000,
0000000000000000,
0000000000000000,
0000000000000000,
0000000000000000,
0000000000000000,
0000000000000000,
0000000000000000,
0000000000000000,
0000000000000000,
0000000000000000,
0000000000000000,
0000000000000000,
0000000000000000,
0000000000000000,
0000000000000000,
0000000000000000,
0000000000000000,
0000000000000000,
0000000000000000,
0000000000000000,
0000000000000000,
0000000000000000,
0000000000000000,
0000000000000000,
0000000000000000,
0000000000000000,
0000000000000000,
0000000000000000,
0000000000000000,
0000000000000000,
0000000000000000,
0000000000000000,
0000000000000000,
0000000000000000,
0000000000000000,
0000000000000000,
0000000000000000,
0000000000000000,
0000000000000000,
0000000000000000,
0000000000000000,
0000000000000000,
0000000000000000,
0000000000000000,
0000000000000000,
0000000000000000,
0000000000000000,
0000000000000000,
0000000000000000,
0000000000000000,
0000000000000000,
0000000000000000,
0000000000000000,
0000000000000000,
0000000000000000,
0000000000000000,
0000000000000000,
0000000000000000,
0000000000000000,
0000000000000000,
0000000000000000,
0000000000000000,
0000000000000000,
0000000000000000,
0000000000000000,
0000000000000000,
0000000000000000,
0000000000000000,
0000000000000000,
0000000000000000,
0000000000000000,
0000000000000000,
0000000000000000,
0000000000000000,
0000000000000000,
0000000000000000,
0000000000000000,
0000000000000000,
0000000000000000,
0000000000000000,
0000000000000000,
0000000000000000,
0000000000000000,
0000000000000000,
0000000000000000,
0000000000000000,
0000000000000000,
0000000000000000,
0000000000000000,
0000000000000000,
0000000000000000,
0000000000000000,
0000000000000000,
0000000000000000,
0000000000000000,
0000000000000000,
0000000000000000,
0000000000000000,
0000000000000000,
0000000000000000,
0000000000000000,
0000000000000000,
0000000000000000,
0000000000000000,
0000000000000000,
0000000000000000,
0000000000000000,
0000000000000000,
0000000000000000,
0000000000000000,
0000000000000000,
0000000000000000,
0000000000000000,
0000000000000000,
0000000000000000,
0000000000000000,
0000000000000000,
0000000000000000,
0000000000000000,
0000000000000000,
0000000000000000,
0000000000000000,
0000000000000000,
0000000000000000,
0000000000000000,
0000000000000000,
0000000000000000,
0000000000000000,
0000000000000000,
0000000000000000,
0000000000000000,
0000000000000000,
0000000000000000,
0000000000000000,
0000000000000000,
0000000000000000,
0000000000000000,
0000000000000000,
0000000000000000,
0000000000000000,
0000000000000000,
0000000000000000,
0000000000000000,
0000000000000000,
0000000000000000,
0000000000000000,
0000000000000000,
0000000000000000,
0000000000000000,
0000000000000000,
0000000000000000,
0000000000000000,
0000000000000000,
0000000000000000,
0000000000000000,
0000000000000000,
0000000000000000,
0000000000000000,
0000000000000000,
0000000000000000,
0000000000000000,
0000000000000000,
0000000000000000,
0000000000000000,
0000000000000000,
0000000000000000,
0000000000000000,
0000000000000000,
0000000000000000,
0000000000000000,
0000000000000000,
0000000000000000,
0000000000000000,
0000000000000000,
0000000000000000,
0000000000000000,
0000000000000000,
0000000000000000,
0000000000000000,
0000000000000000,
0000000000000000,
0000000000000000,
0000000000000000,
0000000000000000,
0000000000000000,
0000000000000000,
0000000000000000,
0000000000000000,
0000000000000000,
0000000000000000,
0000000000000000,
0000000000000000,
0000000000000000,
0000000000000000,
0000000000000000,
0000000000000000,
0000000000000000,
0000000000000000,
0000000000000000,
0000000000000000,
0000000000000000,
0000000000000000,
0000000000000000,
0000000000000000,
0000000000000000,
0000000000000000,
0000000000000000,
0000000000000000,
0000000000000000,
0000000000000000,
0000000000000000,
0000000000000000,
0000000000000000,
0000000000000000,
0000000000000000,
0000000000000000,
0000000000000000,
0000000000000000,
0000000000000000,
0000000000000000,
0000000000000000,
0000000000000000,
0000000000000000,
0000000000000000,
0000000000000000,
0000000000000000,
0000000000000000,
0000000000000000,
0000000000000000,
0000000000000000,
0000000000000000,
0000000000000000,
0000000000000000,
0000000000000000,
0000000000000000,
0000000000000000,
0000000000000000,
0000000000000000,
0000000000000000,
0000000000000000,
0000000000000000,
0000000000000000,
0000000000000000,
0000000000000000,
0000000000000000,
0000000000000000,
0000000000000000,
0000000000000000,
0000000000000000,
0000000000000000,
0000000000000000,
0000000000000000,
0000000000000000,
0000000000000000,
0000000000000000,
0000000000000000,
0000000000000000,
0000000000000000,
0000000000000000,
0000000000000000,
0000000000000000,
0000000000000000,
0000000000000000,
0000000000000000,
0000000000000000,
0000000000000000,
0000000000000000,
0000000000000000,
0000000000000000,
0000000000000000,
0000000000000000,
0000000000000000,
0000000000000000,
0000000000000000,
0000000000000000,
0000000000000000,
0000000000000000,
0000000000000000,
0000000000000000,
0000000000000000,
0000000000000000,
0000000000000000,
0000000000000000,
0000000000000000,
0000000000000000,
0000000000000000,
0000000000000000,
0000000000000000,
0000000000000000,
0000000000000000,
0000000000000000,
0000000000000000,
0000000000000000,
0000000000000000,
0000000000000000,
0000000000000000,
0000000000000000,
0000000000000000,
0000000000000000,
0000000000000000,
0000000000000000,
0000000000000000,
0000000000000000,
0000000000000000,
0000000000000000,
0000000000000000,
0000000000000000,
0000000000000000,
0000000000000000,
0000000000000000,
0000000000000000,
0000000000000000,
0000000000000000,
0000000000000000,
0000000000000000,
0000000000000000,
0000000000000000,
0000000000000000,
0000000000000000,
0000000000000000,
0000000000000000,
0000000000000000,
0000000000000000,
0000000000000000,
0000000000000000,
0000000000000000,
0000000000000000,
0000000000000000,
0000000000000000,
0000000000000000,
0000000000000000,
0000000000000000,
0000000000000000,
0000000000000000,
0000000000000000,
0000000000000000,
0000000000000000,
0000000000000000,
0000000000000000,
0000000000000000,
0000000000000000,
0000000000000000,
0000000000000000,
0000000000000000,
0000000000000000,
0000000000000000,
0000000000000000,
0000000000000000,
0000000000000000,
0000000000000000,
0000000000000000,
0000000000000000,
0000000000000000,
0000000000000000,
0000000000000000,
0000000000000000,
0000000000000000,
0000000000000000,
0000000000000000,
0000000000000000,
0000000000000000,
0000000000000000,
0000000000000000,
0000000000000000,
0000000000000000,
0000000000000000,
0000000000000000,
0000000000000000,
0000000000000000,
0000000000000000,
0000000000000000,
0000000000000000,
0000000000000000,
0000000000000000,
0000000000000000,
0000000000000000,
0000000000000000,
0000000000000000,
0000000000000000,
0000000000000000,
0000000000000000,
0000000000000000,
0000000000000000,
0000000000000000,
0000000000000000,
0000000000000000,
0000000000000000,
0000000000000000,
0000000000000000,
0000000000000000,
0000000000000000,
0000000000000000,
0000000000000000,
0000000000000000,
0000000000000000,
0000000000000000,
0000000000000000,
0000000000000000,
0000000000000000,
0000000000000000,
0000000000000000,
0000000000000000,
0000000000000000,
0000000000000000,
0000000000000000,
0000000000000000,
0000000000000000,
0000000000000000,
0000000000000000,
0000000000000000,
0000000000000000,
0000000000000000,
0000000000000000,
0000000000000000,
0000000000000000,
0000000000000000,
0000000000000000,
0000000000000000,
0000000000000000,
0000000000000000,
0000000000000000,
0000000000000000,
0000000000000000,
0000000000000000,
0000000000000000,
0000000000000000,
0000000000000000,
0000000000000000,
0000000000000000,
0000000000000000,
0000000000000000,
0000000000000000,
0000000000000000,
0000000000000000,
0000000000000000,
0000000000000000,
0000000000000000,
0000000000000000,
0000000000000000,
0000000000000000,
0000000000000000,
0000000000000000,
0000000000000000,
0000000000000000,
0000000000000000,
0000000000000000,
0000000000000000,
0000000000000000,
0000000000000000,
0000000000000000,
0000000000000000,
0000000000000000,
0000000000000000,
0000000000000000,
0000000000000000,
0000000000000000,
0000000000000000,
0000000000000000,
0000000000000000,
0000000000000000,
0000000000000000,
0000000000000000,
0000000000000000,
0000000000000000,
0000000000000000,
0000000000000000,
0000000000000000,
0000000000000000,
0000000000000000,
0000000000000000,
0000000000000000,
0000000000000000,
0000000000000000,
0000000000000000,
0000000000000000,
0000000000000000,
0000000000000000,
0000000000000000,
0000000000000000,
0000000000000000,
0000000000000000,
0000000000000000,
0000000000000000,
0000000000000000,
0000000000000000,
0000000000000000,
0000000000000000,
0000000000000000,
0000000000000000,
0000000000000000,
0000000000000000,
0000000000000000,
0000000000000000,
0000000000000000,
0000000000000000,
0000000000000000,
0000000000000000,
0000000000000000,
0000000000000000,
0000000000000000,
0000000000000000,
0000000000000000,
0000000000000000,
0000000000000000,
0000000000000000,
0000000000000000,
0000000000000000,
0000000000000000,
0000000000000000,
0000000000000000,
0000000000000000,
0000000000000000,
0000000000000000,
0000000000000000,
0000000000000000,
0000000000000000,
0000000000000000,
0000000000000000,
0000000000000000,
0000000000000000,
0000000000000000,
0000000000000000,
0000000000000000,
0000000000000000,
0000000000000000,
0000000000000000,
0000000000000000,
0000000000000000,
0000000000000000,
0000000000000000,
0000000000000000,
0000000000000000,
0000000000000000,
0000000000000000,
0000000000000000,
0000000000000000,
0000000000000000,
0000000000000000,
0000000000000000,
0000000000000000,
0000000000000000,
0000000000000000,
0000000000000000,
0000000000000000,
0000000000000000,
0000000000000000,
0000000000000000,
0000000000000000,
0000000000000000,
0000000000000000,
0000000000000000,
0000000000000000,
0000000000000000,
0000000000000000,
0000000000000000,
0000000000000000,
0000000000000000,
0000000000000000,
0000000000000000,
0000000000000000,
0000000000000000,
0000000000000000,
0000000000000000,
0000000000000000,
0000000000000000,
0000000000000000,
0000000000000000,
0000000000000000,
0000000000000000,
0000000000000000,
0000000000000000,
0000000000000000,
0000000000000000,
0000000000000000,
0000000000000000,
0000000000000000,
0000000000000000,
0000000000000000,
0000000000000000,
0000000000000000,
0000000000000000,
0000000000000000,
0000000000000000,
0000000000000000,
0000000000000000,
0000000000000000,
0000000000000000,
0000000000000000,
0000000000000000,
0000000000000000,
0000000000000000,
0000000000000000,
0000000000000000,
0000000000000000,
0000000000000000,
0000000000000000,
0000000000000000,
0000000000000000,
0000000000000000,
0000000000000000,
0000000000000000,
0000000000000000,
0000000000000000,
0000000000000000,
0000000000000000,
0000000000000000,
0000000000000000,
0000000000000000,
0000000000000000,
0000000000000000,
0000000000000000,
0000000000000000,
0000000000000000,
0000000000000000,
0000000000000000,
0000000000000000,
0000000000000000,
0000000000000000,
0000000000000000,
0000000000000000,
0000000000000000,
0000000000000000,
0000000000000000,
0000000000000000,
0000000000000000,
0000000000000000,
0000000000000000,
0000000000000000,
0000000000000000,
0000000000000000,
0000000000000000,
0000000000000000,
0000000000000000,
0000000000000000,
0000000000000000,
0000000000000000,
0000000000000000,
0000000000000000,
0000000000000000,
0000000000000000,
0000000000000000,
0000000000000000,
0000000000000000,
0000000000000000,
0000000000000000,
0000000000000000,
0000000000000000,
0000000000000000,
0000000000000000,
0000000000000000,
0000000000000000,
0000000000000000,
0000000000000000,
0000000000000000,
0000000000000000,
0000000000000000,
0000000000000000,
0000000000000000,
0000000000000000,
0000000000000000,
0000000000000000,
0000000000000000,
0000000000000000,
0000000000000000,
0000000000000000,
0000000000000000,
0000000000000000,
0000000000000000,
0000000000000000,
0000000000000000,
0000000000000000,
0000000000000000,
0000000000000000,
0000000000000000,
0000000000000000,
0000000000000000,
0000000000000000,
0000000000000000,
0000000000000000,
0000000000000000,
0000000000000000,
0000000000000000,
0000000000000000,
0000000000000000,
0000000000000000,
0000000000000000,
0000000000000000,
0000000000000000,
0000000000000000,
0000000000000000,
0000000000000000,
0000000000000000,
0000000000000000,
0000000000000000,
0000000000000000,
0000000000000000,
0000000000000000,
0000000000000000,
0000000000000000,
0000000000000000,
0000000000000000,
0000000000000000,
0000000000000000,
0000000000000000,
0000000000000000,
0000000000000000,
0000000000000000,
0000000000000000,
0000000000000000,
0000000000000000,
0000000000000000,
0000000000000000,
0000000000000000,
0000000000000000,
0000000000000000,
0000000000000000,
0000000000000000,
0000000000000000,
0000000000000000,
0000000000000000,
0000000000000000,
0000000000000000,
0000000000000000,
0000000000000000,
0000000000000000,
0000000000000000,
0000000000000000,
0000000000000000,
0000000000000000,
0000000000000000,
0000000000000000,
0000000000000000,
0000000000000000,
0000000000000000,
0000000000000000,
0000000000000000,
0000000000000000,
0000000000000000,
0000000000000000,
0000000000000000,
0000000000000000,
0000000000000000,
0000000000000000,
0000000000000000,
0000000000000000,
0000000000000000,
0000000000000000,
0000000000000000,
0000000000000000,
0000000000000000,
0000000000000000,
0000000000000000,
0000000000000000,
0000000000000000,
0000000000000000,
0000000000000000,
0000000000000000,
0000000000000000,
0000000000000000,
0000000000000000,
0000000000000000,
0000000000000000,
0000000000000000,
0000000000000000,
0000000000000000,
0000000000000000,
0000000000000000,
0000000000000000,
0000000000000000,
0000000000000000,
0000000000000000,
0000000000000000,
0000000000000000,
0000000000000000,
0000000000000000,
0000000000000000,
0000000000000000,
0000000000000000,
0000000000000000,
0000000000000000,
0000000000000000,
0000000000000000,
0000000000000000,
0000000000000000,
0000000000000000,
0000000000000000,
0000000000000000,
0000000000000000,
0000000000000000,
0000000000000000,
0000000000000000,
0000000000000000,
0000000000000000,
0000000000000000,
0000000000000000,
0000000000000000,
0000000000000000,
0000000000000000,
0000000000000000,
0000000000000000,
0000000000000000,
0000000000000000,
0000000000000000,
0000000000000000,
0000000000000000,
0000000000000000,
0000000000000000,
0000000000000000,
0000000000000000,
0000000000000000,
0000000000000000,
0000000000000000,
0000000000000000,
0000000000000000,
0000000000000000,
0000000000000000,
0000000000000000,
0000000000000000,
0000000000000000,
0000000000000000,
0000000000000000,
0000000000000000,
0000000000000000,
0000000000000000,
0000000000000000,
0000000000000000,
0000000000000000,
0000000000000000,
0000000000000000,
0000000000000000,
0000000000000000,
0000000000000000,
0000000000000000,
0000000000000000,
0000000000000000,
0000000000000000,
0000000000000000,
0000000000000000,
0000000000000000,
0000000000000000,
0000000000000000,
0000000000000000,
0000000000000000,
0000000000000000,
0000000000000000,
0000000000000000,
0000000000000000,
0000000000000000,
0000000000000000,
0000000000000000,
0000000000000000,
0000000000000000,
0000000000000000,
0000000000000000,
0000000000000000,
0000000000000000,
0000000000000000,
0000000000000000,
0000000000000000,
0000000000000000,
0000000000000000,
0000000000000000,
0000000000000000,
0000000000000000,
0000000000000000,
0000000000000000,
0000000000000000,
0000000000000000,
0000000000000000,
0000000000000000,
0000000000000000,
0000000000000000,
0000000000000000,
0000000000000000,
0000000000000000,
0000000000000000,
0000000000000000,
0000000000000000,
0000000000000000,
0000000000000000,
0000000000000000,
0000000000000000,
0000000000000000,
0000000000000000,
0000000000000000,
0000000000000000,
0000000000000000,
0000000000000000,
0000000000000000,
0000000000000000,
0000000000000000,
0000000000000000,
0000000000000000,
0000000000000000,
0000000000000000,
0000000000000000,
0000000000000000,
0000000000000000,
0000000000000000,
0000000000000000,
0000000000000000,
0000000000000000,
0000000000000000,
0000000000000000,
0000000000000000,
0000000000000000,
0000000000000000,
0000000000000000,
0000000000000000,
0000000000000000,
0000000000000000,
0000000000000000,
0000000000000000,
0000000000000000,
0000000000000000,
0000000000000000,
0000000000000000,
0000000000000000,
0000000000000000,
0000000000000000,
0000000000000000,
0000000000000000,
0000000000000000,
0000000000000000,
0000000000000000,
0000000000000000,
0000000000000000,
0000000000000000,
0000000000000000,
0000000000000000,
0000000000000000,
0000000000000000,
0000000000000000,
0000000000000000,
0000000000000000,
0000000000000000,
0000000000000000,
0000000000000000,
0000000000000000,
0000000000000000,
0000000000000000,
0000000000000000,
0000000000000000,
0000000000000000,
0000000000000000,
0000000000000000,
0000000000000000,
0000000000000000,
0000000000000000,
0000000000000000,
0000000000000000,
0000000000000000,
0000000000000000,
0000000000000000,
0000000000000000,
0000000000000000,
0000000000000000,
0000000000000000,
0000000000000000,
0000000000000000,
0000000000000000,
0000000000000000,
0000000000000000,
0000000000000000,
0000000000000000,
0000000000000000,
0000000000000000,
0000000000000000,
0000000000000000,
0000000000000000,
0000000000000000,
0000000000000000,
0000000000000000,
0000000000000000,
0000000000000000,
0000000000000000,
0000000000000000,
0000000000000000,
0000000000000000,
0000000000000000,
0000000000000000,
0000000000000000,
0000000000000000,
0000000000000000,
0000000000000000,
0000000000000000,
0000000000000000,
0000000000000000,
0000000000000000,
0000000000000000,
0000000000000000,
0000000000000000,
0000000000000000,
0000000000000000,
0000000000000000,
0000000000000000,
0000000000000000,
0000000000000000,
0000000000000000,
0000000000000000,
0000000000000000,
0000000000000000,
0000000000000000,
0000000000000000,
0000000000000000,
0000000000000000,
0000000000000000,
0000000000000000,
0000000000000000,
0000000000000000,
0000000000000000,
0000000000000000,
0000000000000000,
0000000000000000,
0000000000000000,
0000000000000000,
0000000000000000,
0000000000000000,
0000000000000000,
0000000000000000,
0000000000000000,
0000000000000000,
0000000000000000,
0000000000000000,
0000000000000000,
0000000000000000,
0000000000000000,
0000000000000000,
0000000000000000,
0000000000000000,
0000000000000000,
0000000000000000,
0000000000000000,
0000000000000000,
0000000000000000,
0000000000000000,
0000000000000000,
0000000000000000,
0000000000000000,
0000000000000000,
0000000000000000,
0000000000000000,
0000000000000000,
0000000000000000,
0000000000000000,
0000000000000000,
0000000000000000,
0000000000000000,
0000000000000000,
0000000000000000,
0000000000000000,
0000000000000000,
0000000000000000,
0000000000000000,
0000000000000000,
0000000000000000,
0000000000000000,
0000000000000000,
0000000000000000,
0000000000000000,
0000000000000000,
0000000000000000,
0000000000000000,
0000000000000000,
0000000000000000,
0000000000000000,
0000000000000000,
0000000000000000,
0000000000000000,
0000000000000000,
0000000000000000,
0000000000000000,
0000000000000000,
0000000000000000,
0000000000000000,
0000000000000000,
0000000000000000,
0000000000000000,
0000000000000000,
0000000000000000,
0000000000000000,
0000000000000000,
0000000000000000,
0000000000000000,
0000000000000000,
0000000000000000,
0000000000000000,
0000000000000000,
0000000000000000,
0000000000000000,
0000000000000000,
0000000000000000,
0000000000000000,
0000000000000000,
0000000000000000,
0000000000000000,
0000000000000000,
0000000000000000,
0000000000000000,
0000000000000000,
0000000000000000,
0000000000000000,
0000000000000000,
0000000000000000,
0000000000000000,
0000000000000000,
0000000000000000,
0000000000000000,
0000000000000000,
0000000000000000,
0000000000000000,
0000000000000000,
0000000000000000,
0000000000000000,
0000000000000000,
0000000000000000,
0000000000000000,
0000000000000000,
0000000000000000,
0000000000000000,
0000000000000000,
0000000000000000,
0000000000000000,
0000000000000000,
0000000000000000,
0000000000000000,
0000000000000000,
0000000000000000,
0000000000000000,
0000000000000000,
0000000000000000,
0000000000000000,
0000000000000000,
0000000000000000,
0000000000000000,
0000000000000000,
0000000000000000,
0000000000000000,
0000000000000000,
0000000000000000,
0000000000000000,
0000000000000000,
0000000000000000,
0000000000000000,
0000000000000000,
0000000000000000,
0000000000000000,
0000000000000000,
0000000000000000,
0000000000000000,
0000000000000000,
0000000000000000,
0000000000000000,
0000000000000000,
0000000000000000,
0000000000000000,
0000000000000000,
0000000000000000,
0000000000000000,
0000000000000000,
0000000000000000,
0000000000000000,
0000000000000000,
0000000000000000,
0000000000000000,
0000000000000000,
0000000000000000,
0000000000000000,
0000000000000000,
0000000000000000,
0000000000000000,
0000000000000000,
0000000000000000,
0000000000000000,
0000000000000000,
0000000000000000,
0000000000000000,
0000000000000000,
0000000000000000,
0000000000000000,
0000000000000000,
0000000000000000,
0000000000000000,
0000000000000000,
0000000000000000,
0000000000000000,
0000000000000000,
0000000000000000,
0000000000000000,
0000000000000000,
0000000000000000,
0000000000000000,
0000000000000000,
0000000000000000,
0000000000000000,
0000000000000000,
0000000000000000,
0000000000000000,
0000000000000000,
0000000000000000,
0000000000000000,
0000000000000000,
0000000000000000,
0000000000000000,
0000000000000000,
0000000000000000,
0000000000000000,
0000000000000000,
0000000000000000,
0000000000000000,
0000000000000000,
0000000000000000,
0000000000000000,
0000000000000000,
0000000000000000,
0000000000000000,
0000000000000000,
0000000000000000,
0000000000000000,
0000000000000000,
0000000000000000,
0000000000000000,
0000000000000000,
0000000000000000,
0000000000000000,
0000000000000000,
0000000000000000,
0000000000000000,
0000000000000000,
0000000000000000,
0000000000000000,
0000000000000000,
0000000000000000,
0000000000000000,
0000000000000000,
0000000000000000,
0000000000000000,
0000000000000000,
0000000000000000,
0000000000000000,
0000000000000000,
0000000000000000,
0000000000000000,
0000000000000000,
0000000000000000,
0000000000000000,
0000000000000000,
0000000000000000,
0000000000000000,
0000000000000000,
0000000000000000,
0000000000000000,
0000000000000000,
0000000000000000,
0000000000000000,
0000000000000000,
0000000000000000,
0000000000000000,
0000000000000000,
0000000000000000,
0000000000000000,
0000000000000000,
0000000000000000,
0000000000000000,
0000000000000000,
0000000000000000,
0000000000000000,
0000000000000000,
0000000000000000,
0000000000000000,
0000000000000000,
0000000000000000,
0000000000000000,
0000000000000000,
0000000000000000,
0000000000000000,
0000000000000000,
0000000000000000,
0000000000000000,
0000000000000000,
0000000000000000,
0000000000000000,
0000000000000000,
0000000000000000,
0000000000000000,
0000000000000000,
0000000000000000,
0000000000000000,
0000000000000000,
0000000000000000,
0000000000000000,
0000000000000000,
0000000000000000,
0000000000000000,
0000000000000000,
0000000000000000,
0000000000000000,
0000000000000000,
0000000000000000,
0000000000000000,
0000000000000000,
0000000000000000,
0000000000000000,
0000000000000000,
0000000000000000,
0000000000000000,
0000000000000000,
0000000000000000,
0000000000000000,
0000000000000000,
0000000000000000,
0000000000000000,
0000000000000000,
0000000000000000,
0000000000000000,
0000000000000000,
0000000000000000,
0000000000000000,
0000000000000000,
0000000000000000,
0000000000000000,
0000000000000000,
0000000000000000,
0000000000000000,
0000000000000000,
0000000000000000,
0000000000000000,
0000000000000000,
0000000000000000,
0000000000000000,
0000000000000000,
0000000000000000,
0000000000000000,
0000000000000000,
0000000000000000,
0000000000000000,
0000000000000000,
0000000000000000,
0000000000000000,
0000000000000000,
0000000000000000,
0000000000000000,
0000000000000000,
0000000000000000,
0000000000000000,
0000000000000000,
0000000000000000,
0000000000000000,
0000000000000000,
0000000000000000,
0000000000000000,
0000000000000000,
0000000000000000,
0000000000000000,
0000000000000000,
0000000000000000,
0000000000000000,
0000000000000000,
0000000000000000,
0000000000000000,
0000000000000000,
0000000000000000,
0000000000000000,
0000000000000000,
0000000000000000,
0000000000000000,
0000000000000000,
0000000000000000,
0000000000000000,
0000000000000000,
0000000000000000,
0000000000000000,
0000000000000000,
0000000000000000,
0000000000000000,
0000000000000000,
0000000000000000,
0000000000000000,
0000000000000000,
0000000000000000,
0000000000000000,
0000000000000000,
0000000000000000,
0000000000000000,
0000000000000000,
0000000000000000,
0000000000000000,
0000000000000000,
0000000000000000,
0000000000000000,
0000000000000000,
0000000000000000,
0000000000000000,
0000000000000000,
0000000000000000,
0000000000000000,
0000000000000000,
0000000000000000,
0000000000000000,
0000000000000000,
0000000000000000,
0000000000000000,
0000000000000000,
0000000000000000,
0000000000000000,
0000000000000000,
0000000000000000,
0000000000000000,
0000000000000000,
0000000000000000,
0000000000000000,
0000000000000000,
0000000000000000,
0000000000000000,
0000000000000000,
0000000000000000,
0000000000000000,
0000000000000000,
0000000000000000,
0000000000000000,
0000000000000000,
0000000000000000,
0000000000000000,
0000000000000000,
0000000000000000,
0000000000000000,
0000000000000000,
0000000000000000,
0000000000000000,
0000000000000000,
0000000000000000,
0000000000000000,
0000000000000000,
0000000000000000,
0000000000000000,
0000000000000000,
0000000000000000,
0000000000000000,
0000000000000000,
0000000000000000,
0000000000000000,
0000000000000000,
0000000000000000,
0000000000000000,
0000000000000000,
0000000000000000,
0000000000000000,
0000000000000000,
0000000000000000,
0000000000000000,
0000000000000000,
0000000000000000,
0000000000000000,
0000000000000000,
0000000000000000,
0000000000000000,
0000000000000000,
0000000000000000,
0000000000000000,
0000000000000000,
0000000000000000,
0000000000000000,
0000000000000000,
0000000000000000,
0000000000000000,
0000000000000000,
0000000000000000,
0000000000000000,
0000000000000000,
0000000000000000,
0000000000000000,
0000000000000000,
0000000000000000,
0000000000000000,
0000000000000000,
0000000000000000,
0000000000000000,
0000000000000000,
0000000000000000,
0000000000000000,
0000000000000000,
0000000000000000,
0000000000000000,
0000000000000000,
0000000000000000,
0000000000000000,
0000000000000000,
0000000000000000,
0000000000000000,
0000000000000000,
0000000000000000,
0000000000000000,
0000000000000000,
0000000000000000,
0000000000000000,
0000000000000000,
0000000000000000,
0000000000000000,
0000000000000000,
0000000000000000,
0000000000000000,
0000000000000000,
0000000000000000,
0000000000000000,
0000000000000000,
0000000000000000,
0000000000000000,
0000000000000000,
0000000000000000,
0000000000000000,
0000000000000000,
0000000000000000,
0000000000000000,
0000000000000000,
0000000000000000,
0000000000000000,
0000000000000000,
0000000000000000,
0000000000000000,
0000000000000000,
0000000000000000,
0000000000000000,
0000000000000000,
0000000000000000,
0000000000000000,
0000000000000000,
0000000000000000,
0000000000000000,
0000000000000000,
0000000000000000,
0000000000000000,
0000000000000000,
0000000000000000,
0000000000000000,
0000000000000000,
0000000000000000,
0000000000000000,
0000000000000000,
0000000000000000,
0000000000000000,
0000000000000000,
0000000000000000,
0000000000000000,
0000000000000000,
0000000000000000,
0000000000000000,
0000000000000000,
0000000000000000,
0000000000000000,
0000000000000000,
0000000000000000,
0000000000000000,
0000000000000000,
0000000000000000,
0000000000000000,
0000000000000000,
0000000000000000,
0000000000000000,
0000000000000000,
0000000000000000,
0000000000000000,
0000000000000000,
0000000000000000,
0000000000000000,
0000000000000000,
0000000000000000,
0000000000000000,
0000000000000000,
0000000000000000,
0000000000000000,
0000000000000000,
0000000000000000,
0000000000000000,
0000000000000000,
0000000000000000,
0000000000000000,
0000000000000000,
0000000000000000,
0000000000000000,
0000000000000000,
0000000000000000,
0000000000000000,
0000000000000000,
0000000000000000,
0000000000000000,
0000000000000000,
0000000000000000,
0000000000000000,
0000000000000000,
0000000000000000,
0000000000000000,
0000000000000000,
0000000000000000,
0000000000000000,
0000000000000000,
0000000000000000,
0000000000000000,
0000000000000000,
0000000000000000,
0000000000000000,
0000000000000000,
0000000000000000,
0000000000000000,
0000000000000000,
0000000000000000,
0000000000000000,
0000000000000000,
0000000000000000,
0000000000000000,
0000000000000000,
0000000000000000,
0000000000000000,
0000000000000000,
0000000000000000,
0000000000000000,
0000000000000000,
0000000000000000,
0000000000000000,
0000000000000000,
0000000000000000,
0000000000000000,
0000000000000000,
0000000000000000,
0000000000000000,
0000000000000000,
0000000000000000,
0000000000000000,
0000000000000000,
0000000000000000,
0000000000000000,
0000000000000000,
0000000000000000,
0000000000000000,
0000000000000000,
0000000000000000,
0000000000000000,
0000000000000000,
0000000000000000,
0000000000000000,
0000000000000000,
0000000000000000,
0000000000000000,
0000000000000000,
0000000000000000,
0000000000000000,
0000000000000000,
0000000000000000,
0000000000000000,
0000000000000000,
0000000000000000,
0000000000000000,
0000000000000000,
0000000000000000,
0000000000000000,
0000000000000000,
0000000000000000,
0000000000000000,
0000000000000000,
0000000000000000,
0000000000000000,
0000000000000000,
0000000000000000,
0000000000000000,
0000000000000000,
0000000000000000,
0000000000000000,
0000000000000000,
0000000000000000,
0000000000000000,
0000000000000000,
0000000000000000,
0000000000000000,
0000000000000000,
0000000000000000,
0000000000000000,
0000000000000000,
0000000000000000,
0000000000000000,
0000000000000000,
0000000000000000,
0000000000000000,
0000000000000000,
0000000000000000,
0000000000000000,
0000000000000000,
0000000000000000,
0000000000000000,
0000000000000000,
0000000000000000,
0000000000000000,
0000000000000000,
0000000000000000,
0000000000000000,
0000000000000000,
0000000000000000,
0000000000000000,
0000000000000000,
0000000000000000,
0000000000000000,
0000000000000000,
0000000000000000,
0000000000000000,
0000000000000000,
0000000000000000,
0000000000000000,
0000000000000000,
0000000000000000,
0000000000000000,
0000000000000000,
0000000000000000,
0000000000000000,
0000000000000000,
0000000000000000,
0000000000000000,
0000000000000000,
0000000000000000,
0000000000000000,
0000000000000000,
0000000000000000,
0000000000000000,
0000000000000000,
0000000000000000,
0000000000000000,
0000000000000000,
0000000000000000,
0000000000000000,
0000000000000000,
0000000000000000,
0000000000000000,
0000000000000000,
0000000000000000,
0000000000000000,
0000000000000000,
0000000000000000,
0000000000000000,
0000000000000000,
0000000000000000,
0000000000000000,
0000000000000000,
0000000000000000,
0000000000000000,
0000000000000000,
0000000000000000,
0000000000000000,
0000000000000000,
0000000000000000,
0000000000000000,
0000000000000000,
0000000000000000,
0000000000000000,
0000000000000000,
0000000000000000,
0000000000000000,
0000000000000000,
0000000000000000,
0000000000000000,
0000000000000000,
0000000000000000,
0000000000000000,
0000000000000000,
0000000000000000,
0000000000000000,
0000000000000000,
0000000000000000,
0000000000000000,
0000000000000000,
0000000000000000,
0000000000000000,
0000000000000000,
0000000000000000,
0000000000000000,
0000000000000000,
0000000000000000,
0000000000000000,
0000000000000000,
0000000000000000,
0000000000000000,
0000000000000000,
0000000000000000,
0000000000000000,
0000000000000000,
0000000000000000,
0000000000000000,
0000000000000000,
0000000000000000,
0000000000000000,
0000000000000000,
0000000000000000,
0000000000000000,
0000000000000000,
0000000000000000,
0000000000000000,
0000000000000000,
0000000000000000,
0000000000000000,
0000000000000000,
0000000000000000,
0000000000000000,
0000000000000000,
0000000000000000,
0000000000000000,
0000000000000000,
0000000000000000,
0000000000000000,
0000000000000000,
0000000000000000,
0000000000000000,
0000000000000000,
0000000000000000,
0000000000000000,
0000000000000000,
0000000000000000,
0000000000000000,
0000000000000000,
0000000000000000,
0000000000000000,
0000000000000000,
0000000000000000,
0000000000000000,
0000000000000000,
0000000000000000,
0000000000000000,
0000000000000000,
0000000000000000,
0000000000000000,
0000000000000000,
0000000000000000,
0000000000000000,
0000000000000000,
0000000000000000,
0000000000000000,
0000000000000000,
0000000000000000,
0000000000000000,
0000000000000000,
0000000000000000,
0000000000000000,
0000000000000000,
0000000000000000,
0000000000000000,
0000000000000000,
0000000000000000,
0000000000000000,
0000000000000000,
0000000000000000,
0000000000000000,
0000000000000000,
0000000000000000,
0000000000000000,
0000000000000000,
0000000000000000,
0000000000000000,
0000000000000000,
0000000000000000,
0000000000000000,
0000000000000000,
0000000000000000,
0000000000000000,
0000000000000000,
0000000000000000,
0000000000000000,
0000000000000000,
0000000000000000,
0000000000000000,
0000000000000000,
0000000000000000,
0000000000000000,
0000000000000000,
0000000000000000,
0000000000000000,
0000000000000000,
0000000000000000,
0000000000000000,
0000000000000000,
0000000000000000,
0000000000000000,
0000000000000000,
0000000000000000,
0000000000000000,
0000000000000000,
0000000000000000,
0000000000000000,
0000000000000000,
0000000000000000,
0000000000000000,
0000000000000000,
0000000000000000,
0000000000000000,
0000000000000000,
0000000000000000,
0000000000000000,
0000000000000000,
0000000000000000,
0000000000000000,
0000000000000000,
0000000000000000,
0000000000000000,
0000000000000000,
0000000000000000,
0000000000000000,
0000000000000000,
0000000000000000,
0000000000000000,
0000000000000000,
0000000000000000,
0000000000000000,
0000000000000000,
0000000000000000,
0000000000000000,
0000000000000000,
0000000000000000,
0000000000000000,
0000000000000000,
0000000000000000,
0000000000000000,
0000000000000000,
0000000000000000,
0000000000000000,
0000000000000000,
0000000000000000,
0000000000000000,
0000000000000000,
0000000000000000,
0000000000000000,
0000000000000000,
0000000000000000,
0000000000000000,
0000000000000000,
0000000000000000,
0000000000000000,
0000000000000000,
0000000000000000,
0000000000000000,
0000000000000000,
0000000000000000,
0000000000000000,
0000000000000000,
0000000000000000,
0000000000000000,
0000000000000000,
0000000000000000,
0000000000000000,
0000000000000000,
0000000000000000,
0000000000000000,
0000000000000000,
0000000000000000,
0000000000000000,
0000000000000000,
0000000000000000,
0000000000000000,
0000000000000000,
0000000000000000,
0000000000000000,
0000000000000000,
0000000000000000,
0000000000000000,
0000000000000000,
0000000000000000,
0000000000000000,
0000000000000000,
0000000000000000,
0000000000000000,
0000000000000000,
0000000000000000,
0000000000000000,
0000000000000000,
0000000000000000,
0000000000000000,
0000000000000000,
0000000000000000,
0000000000000000,
0000000000000000,
0000000000000000,
0000000000000000,
0000000000000000,
0000000000000000,
0000000000000000,
0000000000000000,
0000000000000000,
0000000000000000,
0000000000000000,
0000000000000000,
0000000000000000,
0000000000000000,
0000000000000000,
0000000000000000,
0000000000000000,
0000000000000000,
0000000000000000,
0000000000000000,
0000000000000000,
0000000000000000,
0000000000000000,
0000000000000000,
0000000000000000,
0000000000000000,
0000000000000000,
0000000000000000,
0000000000000000,
0000000000000000,
0000000000000000,
0000000000000000,
0000000000000000,
0000000000000000,
0000000000000000,
0000000000000000,
0000000000000000,
0000000000000000,
0000000000000000,
0000000000000000,
0000000000000000,
0000000000000000,
0000000000000000,
0000000000000000,
0000000000000000,
0000000000000000,
0000000000000000,
0000000000000000,
0000000000000000,
0000000000000000,
0000000000000000,
0000000000000000,
0000000000000000,
0000000000000000,
0000000000000000,
0000000000000000,
0000000000000000,
0000000000000000,
0000000000000000,
0000000000000000,
0000000000000000,
0000000000000000,
0000000000000000,
0000000000000000,
0000000000000000,
0000000000000000,
0000000000000000,
0000000000000000,
0000000000000000,
0000000000000000,
0000000000000000,
0000000000000000,
0000000000000000,
0000000000000000,
0000000000000000,
0000000000000000,
0000000000000000,
0000000000000000,
0000000000000000,
0000000000000000,
0000000000000000,
0000000000000000,
0000000000000000,
0000000000000000,
0000000000000000,
0000000000000000,
0000000000000000,
0000000000000000,
0000000000000000,
0000000000000000,
0000000000000000,
0000000000000000,
0000000000000000,
0000000000000000,
0000000000000000,
0000000000000000,
0000000000000000,
0000000000000000,
0000000000000000,
0000000000000000,
0000000000000000,
0000000000000000,
0000000000000000,
0000000000000000,
0000000000000000,
0000000000000000,
0000000000000000,
0000000000000000,
0000000000000000,
0000000000000000,
0000000000000000,
0000000000000000,
0000000000000000,
0000000000000000,
0000000000000000,
0000000000000000,
0000000000000000,
0000000000000000,
0000000000000000,
0000000000000000,
0000000000000000,
0000000000000000,
0000000000000000,
0000000000000000,
0000000000000000,
0000000000000000,
0000000000000000,
0000000000000000,
0000000000000000,
0000000000000000,
0000000000000000,
0000000000000000,
0000000000000000,
0000000000000000,
0000000000000000,
0000000000000000,
0000000000000000,
0000000000000000,
0000000000000000,
0000000000000000,
0000000000000000,
0000000000000000,
0000000000000000,
0000000000000000,
0000000000000000,
0000000000000000,
0000000000000000,
0000000000000000,
0000000000000000,
0000000000000000,
0000000000000000,
0000000000000000,
0000000000000000,
0000000000000000,
0000000000000000,
0000000000000000,
0000000000000000,
0000000000000000,
0000000000000000,
0000000000000000,
0000000000000000,
0000000000000000,
0000000000000000,
0000000000000000,
0000000000000000,
0000000000000000,
0000000000000000,
0000000000000000,
0000000000000000,
0000000000000000,
0000000000000000,
0000000000000000,
0000000000000000,
0000000000000000,
0000000000000000,
0000000000000000,
0000000000000000,
0000000000000000,
0000000000000000,
0000000000000000,
0000000000000000,
0000000000000000,
0000000000000000,
0000000000000000,
0000000000000000,
0000000000000000,
0000000000000000,
0000000000000000,
0000000000000000,
0000000000000000,
0000000000000000,
0000000000000000,
0000000000000000,
0000000000000000,
0000000000000000,
0000000000000000,
0000000000000000,
0000000000000000,
0000000000000000,
0000000000000000,
0000000000000000,
0000000000000000,
0000000000000000,
0000000000000000,
0000000000000000,
0000000000000000,
0000000000000000,
0000000000000000,
0000000000000000,
0000000000000000,
0000000000000000,
0000000000000000,
0000000000000000,
0000000000000000,
0000000000000000,
0000000000000000,
0000000000000000,
0000000000000000,
0000000000000000,
0000000000000000,
0000000000000000,
0000000000000000,
0000000000000000,
0000000000000000,
0000000000000000,
0000000000000000,
0000000000000000,
0000000000000000,
0000000000000000,
0000000000000000,
0000000000000000,
0000000000000000,
0000000000000000,
0000000000000000,
0000000000000000,
0000000000000000,
0000000000000000,
0000000000000000,
0000000000000000,
0000000000000000,
0000000000000000,
0000000000000000,
0000000000000000,
0000000000000000,
0000000000000000,
0000000000000000,
0000000000000000,
0000000000000000,
0000000000000000,
0000000000000000,
0000000000000000,
0000000000000000,
0000000000000000,
0000000000000000,
0000000000000000,
0000000000000000,
0000000000000000,
0000000000000000,
0000000000000000,
0000000000000000,
0000000000000000,
0000000000000000,
0000000000000000,
0000000000000000,
0000000000000000,
0000000000000000,
0000000000000000,
0000000000000000,
0000000000000000,
0000000000000000,
0000000000000000,
0000000000000000,
0000000000000000,
0000000000000000,
0000000000000000,
0000000000000000,
0000000000000000,
0000000000000000,
0000000000000000,
0000000000000000,
0000000000000000,
0000000000000000,
0000000000000000,
0000000000000000,
0000000000000000,
0000000000000000,
0000000000000000,
0000000000000000,
0000000000000000,
0000000000000000,
0000000000000000,
0000000000000000,
0000000000000000,
0000000000000000,
0000000000000000,
0000000000000000,
0000000000000000,
0000000000000000,
0000000000000000,
0000000000000000,
0000000000000000,
0000000000000000,
0000000000000000,
0000000000000000,
0000000000000000,
0000000000000000,
0000000000000000,
0000000000000000,
0000000000000000,
0000000000000000,
0000000000000000,
0000000000000000,
0000000000000000,
0000000000000000,
0000000000000000,
0000000000000000,
0000000000000000,
0000000000000000,
0000000000000000,
0000000000000000,
0000000000000000,
0000000000000000,
0000000000000000,
0000000000000000,
0000000000000000,
0000000000000000,
0000000000000000,
0000000000000000,
0000000000000000,
0000000000000000,
0000000000000000,
0000000000000000,
0000000000000000,
0000000000000000,
0000000000000000,
0000000000000000,
0000000000000000,
0000000000000000,
0000000000000000,
0000000000000000,
0000000000000000,
0000000000000000,
0000000000000000,
0000000000000000,
0000000000000000,
0000000000000000,
0000000000000000,
0000000000000000,
0000000000000000,
0000000000000000,
0000000000000000,
0000000000000000,
0000000000000000,
0000000000000000,
0000000000000000,
0000000000000000,
0000000000000000,
0000000000000000,
0000000000000000,
0000000000000000,
0000000000000000,
0000000000000000,
0000000000000000,
0000000000000000,
0000000000000000,
0000000000000000,
0000000000000000,
0000000000000000,
0000000000000000,
0000000000000000,
0000000000000000,
0000000000000000,
0000000000000000,
0000000000000000,
0000000000000000,
0000000000000000,
0000000000000000,
0000000000000000,
0000000000000000,
0000000000000000,
0000000000000000,
0000000000000000,
0000000000000000,
0000000000000000,
0000000000000000,
0000000000000000,
0000000000000000,
0000000000000000,
0000000000000000,
0000000000000000,
0000000000000000,
0000000000000000,
0000000000000000,
0000000000000000,
0000000000000000,
0000000000000000,
0000000000000000,
0000000000000000,
0000000000000000,
0000000000000000,
0000000000000000,
0000000000000000,
0000000000000000,
0000000000000000,
0000000000000000,
0000000000000000,
0000000000000000,
0000000000000000,
0000000000000000,
0000000000000000,
0000000000000000,
0000000000000000,
0000000000000000,
0000000000000000,
0000000000000000,
0000000000000000,
0000000000000000,
0000000000000000,
0000000000000000,
0000000000000000,
0000000000000000,
0000000000000000,
0000000000000000,
0000000000000000,
0000000000000000,
0000000000000000,
0000000000000000,
0000000000000000,
0000000000000000,
0000000000000000,
0000000000000000,
0000000000000000,
0000000000000000,
0000000000000000,
0000000000000000,
0000000000000000,
0000000000000000,
0000000000000000,
0000000000000000,
0000000000000000,
0000000000000000,
0000000000000000,
0000000000000000,
0000000000000000,
0000000000000000,
0000000000000000,
0000000000000000,
0000000000000000,
0000000000000000,
0000000000000000,
0000000000000000,
0000000000000000,
0000000000000000,
0000000000000000,
0000000000000000,
0000000000000000,
0000000000000000,
0000000000000000,
0000000000000000,
0000000000000000,
0000000000000000,
0000000000000000,
0000000000000000,
0000000000000000,
0000000000000000,
0000000000000000,
0000000000000000,
0000000000000000,
0000000000000000,
0000000000000000,
0000000000000000,
0000000000000000,
0000000000000000,
0000000000000000,
0000000000000000,
0000000000000000,
0000000000000000,
0000000000000000,
0000000000000000,
0000000000000000,
0000000000000000,
0000000000000000,
0000000000000000,
0000000000000000,
0000000000000000,
0000000000000000,
0000000000000000,
0000000000000000,
0000000000000000,
0000000000000000,
0000000000000000,
0000000000000000,
0000000000000000,
0000000000000000,
0000000000000000,
0000000000000000,
0000000000000000,
0000000000000000,
0000000000000000,
0000000000000000,
0000000000000000,
0000000000000000,
0000000000000000,
0000000000000000,
0000000000000000,
0000000000000000,
0000000000000000,
0000000000000000,
0000000000000000,
0000000000000000,
0000000000000000,
0000000000000000,
0000000000000000,
0000000000000000,
0000000000000000,
0000000000000000,
0000000000000000,
0000000000000000,
0000000000000000,
0000000000000000,
0000000000000000,
0000000000000000,
0000000000000000,
0000000000000000,
0000000000000000,
0000000000000000,
0000000000000000,
0000000000000000,
0000000000000000,
0000000000000000,
0000000000000000,
0000000000000000,
0000000000000000,
0000000000000000,
0000000000000000,
0000000000000000,
0000000000000000,
0000000000000000,
0000000000000000,
0000000000000000,
0000000000000000,
0000000000000000,
0000000000000000,
0000000000000000,
0000000000000000,
0000000000000000,
0000000000000000,
0000000000000000,
0000000000000000,
0000000000000000,
0000000000000000,
0000000000000000,
0000000000000000,
0000000000000000,
0000000000000000,
0000000000000000,
0000000000000000,
0000000000000000,
0000000000000000,
0000000000000000,
0000000000000000,
0000000000000000,
0000000000000000,
0000000000000000,
0000000000000000,
0000000000000000,
0000000000000000,
0000000000000000,
0000000000000000,
0000000000000000,
0000000000000000,
0000000000000000,
0000000000000000,
0000000000000000,
0000000000000000,
0000000000000000,
0000000000000000,
0000000000000000,
0000000000000000,
0000000000000000,
0000000000000000,
0000000000000000,
0000000000000000,
0000000000000000,
0000000000000000,
0000000000000000,
0000000000000000,
0000000000000000,
0000000000000000,
0000000000000000,
0000000000000000,
0000000000000000,
0000000000000000,
0000000000000000,
0000000000000000,
0000000000000000,
0000000000000000,
0000000000000000,
0000000000000000,
0000000000000000,
0000000000000000,
0000000000000000,
0000000000000000,
0000000000000000,
0000000000000000,
0000000000000000,
0000000000000000,
0000000000000000,
0000000000000000,
0000000000000000,
0000000000000000,
0000000000000000,
0000000000000000,
0000000000000000,
0000000000000000,
0000000000000000,
0000000000000000,
0000000000000000,
0000000000000000,
0000000000000000,
0000000000000000,
0000000000000000,
0000000000000000,
0000000000000000,
0000000000000000,
0000000000000000,
0000000000000000,
0000000000000000,
0000000000000000,
0000000000000000,
0000000000000000,
0000000000000000,
0000000000000000,
0000000000000000,
0000000000000000,
0000000000000000,
0000000000000000,
0000000000000000,
0000000000000000,
0000000000000000,
0000000000000000,
0000000000000000,
0000000000000000,
0000000000000000,
0000000000000000,
0000000000000000,
0000000000000000,
0000000000000000,
0000000000000000,
0000000000000000,
0000000000000000,
0000000000000000,
0000000000000000,
0000000000000000,
0000000000000000,
0000000000000000,
0000000000000000,
0000000000000000,
0000000000000000,
0000000000000000,
0000000000000000,
0000000000000000,
0000000000000000,
0000000000000000,
0000000000000000,
0000000000000000,
0000000000000000,
0000000000000000,
0000000000000000,
0000000000000000,
0000000000000000,
0000000000000000,
0000000000000000,
0000000000000000,
0000000000000000,
0000000000000000,
0000000000000000,
0000000000000000,
0000000000000000,
0000000000000000,
0000000000000000,
0000000000000000,
0000000000000000,
0000000000000000,
0000000000000000,
0000000000000000,
0000000000000000,
0000000000000000,
0000000000000000,
0000000000000000,
0000000000000000,
0000000000000000,
0000000000000000,
0000000000000000,
0000000000000000,
0000000000000000,
0000000000000000,
0000000000000000,
0000000000000000,
0000000000000000,
0000000000000000,
0000000000000000,
0000000000000000,
0000000000000000,
0000000000000000,
0000000000000000,
0000000000000000,
0000000000000000,
0000000000000000,
0000000000000000,
0000000000000000,
0000000000000000,
0000000000000000,
0000000000000000,
0000000000000000,
0000000000000000,
0000000000000000,
0000000000000000,
0000000000000000,
0000000000000000,
0000000000000000,
0000000000000000,
0000000000000000,
0000000000000000,
0000000000000000,
0000000000000000,
0000000000000000,
0000000000000000,
0000000000000000,
0000000000000000,
0000000000000000,
0000000000000000,
0000000000000000,
0000000000000000,
0000000000000000,
0000000000000000,
0000000000000000,
0000000000000000,
0000000000000000,
0000000000000000,
0000000000000000,
0000000000000000,
0000000000000000,
0000000000000000,
0000000000000000,
0000000000000000,
0000000000000000,
0000000000000000,
0000000000000000,
0000000000000000,
0000000000000000,
0000000000000000,
0000000000000000,
0000000000000000,
0000000000000000,
0000000000000000,
0000000000000000,
0000000000000000,
0000000000000000,
0000000000000000,
0000000000000000,
0000000000000000,
0000000000000000,
0000000000000000,
0000000000000000,
0000000000000000,
0000000000000000,
0000000000000000,
0000000000000000,
0000000000000000,
0000000000000000,
0000000000000000,
0000000000000000,
0000000000000000,
0000000000000000,
0000000000000000,
0000000000000000,
0000000000000000,
0000000000000000,
0000000000000000,
0000000000000000,
0000000000000000,
0000000000000000,
0000000000000000,
0000000000000000,
0000000000000000,
0000000000000000,
0000000000000000,
0000000000000000,
0000000000000000,
0000000000000000,
0000000000000000,
0000000000000000,
0000000000000000,
0000000000000000,
0000000000000000,
0000000000000000,
0000000000000000,
0000000000000000,
0000000000000000,
0000000000000000,
0000000000000000,
0000000000000000,
0000000000000000,
0000000000000000,
0000000000000000,
0000000000000000,
0000000000000000,
0000000000000000,
0000000000000000,
0000000000000000,
0000000000000000,
0000000000000000,
0000000000000000,
0000000000000000,
0000000000000000,
0000000000000000,
0000000000000000,
0000000000000000,
0000000000000000,
0000000000000000,
0000000000000000,
0000000000000000,
0000000000000000,
0000000000000000,
0000000000000000,
0000000000000000,
0000000000000000,
0000000000000000,
0000000000000000,
0000000000000000,
0000000000000000,
0000000000000000,
0000000000000000,
0000000000000000,
0000000000000000,
0000000000000000,
0000000000000000,
0000000000000000,
0000000000000000,
0000000000000000,
0000000000000000,
0000000000000000,
0000000000000000,
0000000000000000,
0000000000000000,
0000000000000000,
0000000000000000,
0000000000000000,
0000000000000000,
0000000000000000,
0000000000000000,
0000000000000000,
0000000000000000,
0000000000000000,
0000000000000000,
0000000000000000,
0000000000000000,
0000000000000000,
0000000000000000,
0000000000000000,
0000000000000000,
0000000000000000,
0000000000000000,
0000000000000000,
0000000000000000,
0000000000000000,
0000000000000000,
0000000000000000,
0000000000000000,
0000000000000000,
0000000000000000,
0000000000000000,
0000000000000000,
0000000000000000,
0000000000000000,
0000000000000000,
0000000000000000,
0000000000000000,
0000000000000000,
0000000000000000,
0000000000000000,
0000000000000000,
0000000000000000,
0000000000000000,
0000000000000000,
0000000000000000,
0000000000000000,
0000000000000000,
0000000000000000,
0000000000000000,
0000000000000000,
0000000000000000,
0000000000000000,
0000000000000000,
0000000000000000,
0000000000000000,
0000000000000000,
0000000000000000,
0000000000000000,
0000000000000000,
0000000000000000,
0000000000000000,
0000000000000000,
0000000000000000,
0000000000000000,
0000000000000000,
0000000000000000,
0000000000000000,
0000000000000000,
0000000000000000,
0000000000000000,
0000000000000000,
0000000000000000,
0000000000000000,
0000000000000000,
0000000000000000,
0000000000000000,
0000000000000000,
0000000000000000,
0000000000000000,
0000000000000000,
0000000000000000,
0000000000000000,
0000000000000000,
0000000000000000,
0000000000000000,
0000000000000000,
0000000000000000,
0000000000000000,
0000000000000000,
0000000000000000,
0000000000000000,
0000000000000000,
0000000000000000,
0000000000000000,
0000000000000000,
0000000000000000,
0000000000000000,
0000000000000000,
0000000000000000,
0000000000000000,
0000000000000000,
0000000000000000,
0000000000000000,
0000000000000000,
0000000000000000,
0000000000000000,
0000000000000000,
0000000000000000,
0000000000000000,
0000000000000000,
0000000000000000,
0000000000000000,
0000000000000000,
0000000000000000,
0000000000000000,
0000000000000000,
0000000000000000,
0000000000000000,
0000000000000000,
0000000000000000,
0000000000000000,
0000000000000000,
0000000000000000,
0000000000000000,
0000000000000000,
0000000000000000,
0000000000000000,
0000000000000000,
0000000000000000,
0000000000000000,
0000000000000000,
0000000000000000,
0000000000000000,
0000000000000000,
0000000000000000,
0000000000000000,
0000000000000000,
0000000000000000,
0000000000000000,
0000000000000000,
0000000000000000,
0000000000000000,
0000000000000000,
0000000000000000,
0000000000000000,
0000000000000000,
0000000000000000,
0000000000000000,
0000000000000000,
0000000000000000,
0000000000000000,
0000000000000000,
0000000000000000,
0000000000000000,
0000000000000000,
0000000000000000,
0000000000000000,
0000000000000000,
0000000000000000,
0000000000000000,
0000000000000000,
0000000000000000,
0000000000000000,
0000000000000000,
0000000000000000,
0000000000000000,
0000000000000000,
0000000000000000,
0000000000000000,
0000000000000000,
0000000000000000,
0000000000000000,
0000000000000000,
0000000000000000,
0000000000000000,
0000000000000000,
0000000000000000,
0000000000000000,
0000000000000000,
0000000000000000,
0000000000000000,
0000000000000000,
0000000000000000,
0000000000000000,
0000000000000000,
0000000000000000,
0000000000000000,
0000000000000000,
0000000000000000,
0000000000000000,
0000000000000000,
0000000000000000,
0000000000000000,
0000000000000000,
0000000000000000,
0000000000000000,
0000000000000000,
0000000000000000,
0000000000000000,
0000000000000000,
0000000000000000,
0000000000000000,
0000000000000000,
0000000000000000,
0000000000000000,
0000000000000000,
0000000000000000,
0000000000000000,
0000000000000000,
0000000000000000,
0000000000000000,
0000000000000000,
0000000000000000,
0000000000000000,
0000000000000000,
0000000000000000,
0000000000000000,
0000000000000000,
0000000000000000,
0000000000000000,
0000000000000000,
0000000000000000,
0000000000000000,
0000000000000000,
0000000000000000,
0000000000000000,
0000000000000000,
0000000000000000,
0000000000000000,
0000000000000000,
0000000000000000,
0000000000000000,
0000000000000000,
0000000000000000,
0000000000000000,
0000000000000000,
0000000000000000,
0000000000000000,
0000000000000000,
0000000000000000,
0000000000000000,
0000000000000000,
0000000000000000,
0000000000000000,
0000000000000000,
0000000000000000,
0000000000000000,
0000000000000000,
0000000000000000,
0000000000000000,
0000000000000000,
0000000000000000,
0000000000000000,
0000000000000000,
0000000000000000,
0000000000000000,
0000000000000000,
0000000000000000,
0000000000000000,
0000000000000000,
0000000000000000,
0000000000000000,
0000000000000000,
0000000000000000,
0000000000000000,
0000000000000000,
0000000000000000,
0000000000000000,
0000000000000000,
0000000000000000,
0000000000000000,
0000000000000000,
0000000000000000,
0000000000000000,
0000000000000000,
0000000000000000,
0000000000000000,
0000000000000000,
0000000000000000,
0000000000000000,
0000000000000000,
0000000000000000,
0000000000000000,
0000000000000000,
0000000000000000,
0000000000000000,
0000000000000000,
0000000000000000,
0000000000000000,
0000000000000000,
0000000000000000,
0000000000000000,
0000000000000000,
0000000000000000,
0000000000000000,
0000000000000000,
0000000000000000,
0000000000000000,
0000000000000000,
0000000000000000,
0000000000000000,
0000000000000000,
0000000000000000,
0000000000000000,
0000000000000000,
0000000000000000,
0000000000000000,
0000000000000000,
0000000000000000,
0000000000000000,
0000000000000000,
0000000000000000,
0000000000000000,
0000000000000000,
0000000000000000,
0000000000000000,
0000000000000000,
0000000000000000,
0000000000000000,
0000000000000000,
0000000000000000,
0000000000000000,
0000000000000000,
0000000000000000,
0000000000000000,
0000000000000000,
0000000000000000,
0000000000000000,
0000000000000000,
0000000000000000,
0000000000000000,
0000000000000000,
0000000000000000,
0000000000000000,
0000000000000000,
0000000000000000,
0000000000000000,
0000000000000000,
0000000000000000,
0000000000000000,
0000000000000000,
0000000000000000,
0000000000000000,
0000000000000000,
0000000000000000,
0000000000000000,
0000000000000000,
0000000000000000,
0000000000000000,
0000000000000000,
0000000000000000,
0000000000000000,
0000000000000000,
0000000000000000,
0000000000000000,
0000000000000000,
0000000000000000,
0000000000000000,
0000000000000000,
0000000000000000,
0000000000000000,
0000000000000000,
0000000000000000,
0000000000000000,
0000000000000000,
0000000000000000,
0000000000000000,
0000000000000000,
0000000000000000,
0000000000000000,
0000000000000000,
0000000000000000,
0000000000000000,
0000000000000000,
0000000000000000,
0000000000000000,
0000000000000000,
0000000000000000,
0000000000000000,
0000000000000000,
0000000000000000,
0000000000000000,
0000000000000000,
0000000000000000,
0000000000000000,
0000000000000000,
0000000000000000,
0000000000000000,
0000000000000000,
0000000000000000,
0000000000000000,
0000000000000000,
0000000000000000,
0000000000000000,
0000000000000000,
0000000000000000,
0000000000000000,
0000000000000000,
0000000000000000,
0000000000000000,
0000000000000000,
0000000000000000,
0000000000000000,
0000000000000000,
0000000000000000,
0000000000000000,
0000000000000000,
0000000000000000,
0000000000000000,
0000000000000000,
0000000000000000,
0000000000000000,
0000000000000000,
0000000000000000,
0000000000000000,
0000000000000000,
0000000000000000,
0000000000000000,
0000000000000000,
0000000000000000,
0000000000000000,
0000000000000000,
0000000000000000,
0000000000000000,
0000000000000000,
0000000000000000,
0000000000000000,
0000000000000000,
0000000000000000,
0000000000000000,
0000000000000000,
0000000000000000,
0000000000000000,
0000000000000000,
0000000000000000,
0000000000000000,
0000000000000000,
0000000000000000,
0000000000000000,
0000000000000000,
0000000000000000,
0000000000000000,
0000000000000000,
0000000000000000,
0000000000000000,
0000000000000000,
0000000000000000,
0000000000000000,
0000000000000000,
0000000000000000,
0000000000000000,
0000000000000000,
0000000000000000,
0000000000000000,
0000000000000000,
0000000000000000,
0000000000000000,
0000000000000000,
0000000000000000,
0000000000000000,
0000000000000000,
0000000000000000,
0000000000000000,
0000000000000000,
0000000000000000,
0000000000000000,
0000000000000000,
0000000000000000,
0000000000000000,
0000000000000000,
0000000000000000,
0000000000000000,
0000000000000000,
0000000000000000,
0000000000000000,
0000000000000000,
0000000000000000,
0000000000000000,
0000000000000000,
0000000000000000,
0000000000000000,
0000000000000000,
0000000000000000,
0000000000000000,
0000000000000000,
0000000000000000,
0000000000000000,
0000000000000000,
0000000000000000,
0000000000000000,
0000000000000000,
0000000000000000,
0000000000000000,
0000000000000000,
0000000000000000,
0000000000000000,
0000000000000000,
0000000000000000,
0000000000000000,
0000000000000000,
0000000000000000,
0000000000000000,
0000000000000000,
0000000000000000,
0000000000000000,
0000000000000000,
0000000000000000,
0000000000000000,
0000000000000000,
0000000000000000,
0000000000000000,
0000000000000000,
0000000000000000,
0000000000000000,
0000000000000000,
0000000000000000,
0000000000000000,
0000000000000000,
0000000000000000,
0000000000000000,
0000000000000000,
0000000000000000,
0000000000000000,
0000000000000000,
0000000000000000,
0000000000000000,
0000000000000000,
0000000000000000,
0000000000000000,
0000000000000000,
0000000000000000,
0000000000000000,
0000000000000000,
0000000000000000,
0000000000000000,
0000000000000000,
0000000000000000,
0000000000000000,
0000000000000000,
0000000000000000,
0000000000000000,
0000000000000000,
0000000000000000,
0000000000000000,
0000000000000000,
0000000000000000,
0000000000000000,
0000000000000000,
0000000000000000,
0000000000000000,
0000000000000000,
0000000000000000,
0000000000000000,
0000000000000000,
0000000000000000,
0000000000000000,
0000000000000000,
0000000000000000,
0000000000000000,
0000000000000000,
0000000000000000,
0000000000000000,
0000000000000000,
0000000000000000,
0000000000000000,
0000000000000000,
0000000000000000,
0000000000000000,
0000000000000000,
0000000000000000,
0000000000000000,
0000000000000000,
0000000000000000,
0000000000000000,
0000000000000000,
0000000000000000,
0000000000000000,
0000000000000000,
0000000000000000,
0000000000000000,
0000000000000000,
0000000000000000,
0000000000000000,
0000000000000000,
0000000000000000,
0000000000000000,
0000000000000000,
0000000000000000,
0000000000000000,
0000000000000000,
0000000000000000,
0000000000000000,
0000000000000000,
0000000000000000,
0000000000000000,
0000000000000000,
0000000000000000,
0000000000000000,
0000000000000000,
0000000000000000,
0000000000000000,
0000000000000000,
0000000000000000,
0000000000000000,
0000000000000000,
0000000000000000,
0000000000000000,
0000000000000000,
0000000000000000,
0000000000000000,
0000000000000000,
0000000000000000,
0000000000000000,
0000000000000000,
0000000000000000,
0000000000000000,
0000000000000000,
0000000000000000,
0000000000000000,
0000000000000000,
0000000000000000,
0000000000000000,
0000000000000000,
0000000000000000,
0000000000000000,
0000000000000000,
0000000000000000,
0000000000000000,
0000000000000000,
0000000000000000,
0000000000000000,
0000000000000000,
0000000000000000,
0000000000000000,
0000000000000000,
0000000000000000,
0000000000000000,
0000000000000000,
0000000000000000,
0000000000000000,
0000000000000000,
0000000000000000,
0000000000000000,
0000000000000000,
0000000000000000,
0000000000000000,
0000000000000000,
0000000000000000,
0000000000000000,
0000000000000000,
0000000000000000,
0000000000000000,
0000000000000000,
0000000000000000,
0000000000000000,
0000000000000000,
0000000000000000,
0000000000000000,
0000000000000000,
0000000000000000,
0000000000000000,
0000000000000000,
0000000000000000,
0000000000000000,
0000000000000000,
0000000000000000,
0000000000000000,
0000000000000000,
0000000000000000,
0000000000000000,
0000000000000000,
0000000000000000,
0000000000000000,
0000000000000000,
0000000000000000,
0000000000000000,
0000000000000000,
0000000000000000,
0000000000000000,
0000000000000000,
0000000000000000,
0000000000000000,
0000000000000000,
0000000000000000,
0000000000000000,
0000000000000000,
0000000000000000,
0000000000000000,
0000000000000000,
0000000000000000,
0000000000000000,
0000000000000000,
0000000000000000,
0000000000000000,
0000000000000000,
0000000000000000,
0000000000000000,
0000000000000000,
0000000000000000,
0000000000000000,
0000000000000000,
0000000000000000,
0000000000000000,
0000000000000000,
0000000000000000,
0000000000000000,
0000000000000000,
0000000000000000,
0000000000000000,
0000000000000000,
0000000000000000,
0000000000000000,
0000000000000000,
0000000000000000,
0000000000000000,
0000000000000000,
0000000000000000,
0000000000000000,
0000000000000000,
0000000000000000,
0000000000000000,
0000000000000000,
0000000000000000,
0000000000000000,
0000000000000000,
0000000000000000,
0000000000000000,
0000000000000000,
0000000000000000,
0000000000000000,
0000000000000000,
0000000000000000,
0000000000000000,
0000000000000000,
0000000000000000,
0000000000000000,
0000000000000000,
0000000000000000,
0000000000000000,
0000000000000000,
0000000000000000,
0000000000000000,
0000000000000000,
0000000000000000,
0000000000000000,
0000000000000000,
0000000000000000,
0000000000000000,
0000000000000000,
0000000000000000,
0000000000000000,
0000000000000000,
0000000000000000,
0000000000000000,
0000000000000000,
0000000000000000,
0000000000000000,
0000000000000000,
0000000000000000,
0000000000000000,
0000000000000000,
0000000000000000,
0000000000000000,
0000000000000000,
0000000000000000,
0000000000000000,
0000000000000000,
0000000000000000,
0000000000000000,
0000000000000000,
0000000000000000,
0000000000000000,
0000000000000000,
0000000000000000,
0000000000000000,
0000000000000000,
0000000000000000,
0000000000000000,
0000000000000000,
0000000000000000,
0000000000000000,
0000000000000000,
0000000000000000,
0000000000000000,
0000000000000000,
0000000000000000,
0000000000000000,
0000000000000000,
0000000000000000,
0000000000000000,
0000000000000000,
0000000000000000,
0000000000000000,
0000000000000000,
0000000000000000,
0000000000000000,
0000000000000000,
0000000000000000,
0000000000000000,
0000000000000000,
0000000000000000,
0000000000000000,
0000000000000000,
0000000000000000,
0000000000000000,
0000000000000000,
0000000000000000,
0000000000000000,
0000000000000000,
0000000000000000,
0000000000000000,
0000000000000000,
0000000000000000,
0000000000000000,
0000000000000000,
0000000000000000,
0000000000000000,
0000000000000000,
0000000000000000,
0000000000000000,
0000000000000000,
0000000000000000,
0000000000000000,
0000000000000000,
0000000000000000,
0000000000000000,
0000000000000000,
0000000000000000,
0000000000000000,
0000000000000000,
0000000000000000,
0000000000000000,
0000000000000000,
0000000000000000,
0000000000000000,
0000000000000000,
0000000000000000,
0000000000000000,
0000000000000000,
0000000000000000,
0000000000000000,
0000000000000000,
0000000000000000,
0000000000000000,
0000000000000000,
0000000000000000,
0000000000000000,
0000000000000000,
0000000000000000,
0000000000000000,
0000000000000000,
0000000000000000,
0000000000000000,
0000000000000000,
0000000000000000,
0000000000000000,
0000000000000000,
0000000000000000,
0000000000000000,
0000000000000000,
0000000000000000,
0000000000000000,
0000000000000000,
0000000000000000,
0000000000000000,
0000000000000000,
0000000000000000,
0000000000000000,
0000000000000000,
0000000000000000,
0000000000000000,
0000000000000000,
0000000000000000,
0000000000000000,
0000000000000000,
0000000000000000,
0000000000000000,
0000000000000000,
0000000000000000,
0000000000000000,
0000000000000000,
0000000000000000,
0000000000000000,
0000000000000000,
0000000000000000,
0000000000000000,
0000000000000000,
0000000000000000,
0000000000000000,
0000000000000000,
0000000000000000,
0000000000000000,
0000000000000000,
0000000000000000,
0000000000000000,
0000000000000000,
0000000000000000,
0000000000000000,
0000000000000000,
0000000000000000,
0000000000000000,
0000000000000000,
0000000000000000,
0000000000000000,
0000000000000000,
0000000000000000,
0000000000000000,
0000000000000000,
0000000000000000,
0000000000000000,
0000000000000000,
0000000000000000,
0000000000000000,
0000000000000000,
0000000000000000,
0000000000000000,
0000000000000000,
0000000000000000,
0000000000000000,
0000000000000000,
0000000000000000,
0000000000000000,
0000000000000000,
0000000000000000,
0000000000000000,
0000000000000000,
0000000000000000,
0000000000000000,
0000000000000000,
0000000000000000,
0000000000000000,
0000000000000000,
0000000000000000,
0000000000000000,
0000000000000000,
0000000000000000,
0000000000000000,
0000000000000000,
0000000000000000,
0000000000000000,
0000000000000000,
0000000000000000,
0000000000000000,
0000000000000000,
0000000000000000,
0000000000000000,
0000000000000000,
0000000000000000,
0000000000000000,
0000000000000000,
0000000000000000,
0000000000000000,
0000000000000000,
0000000000000000,
0000000000000000,
0000000000000000,
0000000000000000,
0000000000000000,
0000000000000000,
0000000000000000,
0000000000000000,
0000000000000000,
0000000000000000,
0000000000000000,
0000000000000000,
0000000000000000,
0000000000000000,
0000000000000000,
0000000000000000,
0000000000000000,
0000000000000000,
0000000000000000,
0000000000000000,
0000000000000000,
0000000000000000,
0000000000000000,
0000000000000000,
0000000000000000,
0000000000000000,
0000000000000000,
0000000000000000,
0000000000000000,
0000000000000000,
0000000000000000,
0000000000000000,
0000000000000000,
0000000000000000,
0000000000000000,
0000000000000000,
0000000000000000,
0000000000000000,
0000000000000000,
0000000000000000,
0000000000000000,
0000000000000000,
0000000000000000,
0000000000000000,
0000000000000000,
0000000000000000,
0000000000000000,
0000000000000000,
0000000000000000,
0000000000000000,
0000000000000000,
0000000000000000,
0000000000000000,
0000000000000000,
0000000000000000,
0000000000000000,
0000000000000000,
0000000000000000,
0000000000000000,
0000000000000000,
0000000000000000,
0000000000000000,
0000000000000000,
0000000000000000,
0000000000000000,
0000000000000000,
0000000000000000,
0000000000000000,
0000000000000000,
0000000000000000,
0000000000000000,
0000000000000000,
0000000000000000,
0000000000000000,
0000000000000000,
0000000000000000,
0000000000000000,
0000000000000000,
0000000000000000,
0000000000000000,
0000000000000000,
0000000000000000,
0000000000000000,
0000000000000000,
0000000000000000,
0000000000000000,
0000000000000000,
0000000000000000,
0000000000000000,
0000000000000000,
0000000000000000,
0000000000000000,
0000000000000000,
0000000000000000,
0000000000000000,
0000000000000000,
0000000000000000,
0000000000000000,
0000000000000000,
0000000000000000,
0000000000000000,
0000000000000000,
0000000000000000,
0000000000000000,
0000000000000000,
0000000000000000,
0000000000000000,
0000000000000000,
0000000000000000,
0000000000000000,
0000000000000000,
0000000000000000,
0000000000000000,
0000000000000000,
0000000000000000,
0000000000000000,
0000000000000000,
0000000000000000,
0000000000000000,
0000000000000000,
0000000000000000,
0000000000000000,
0000000000000000,
0000000000000000,
0000000000000000,
0000000000000000,
0000000000000000,
0000000000000000,
0000000000000000,
0000000000000000,
0000000000000000,
0000000000000000,
0000000000000000,
0000000000000000,
0000000000000000,
0000000000000000,
0000000000000000,
0000000000000000,
0000000000000000,
0000000000000000,
0000000000000000,
0000000000000000,
0000000000000000,
0000000000000000,
0000000000000000,
0000000000000000,
0000000000000000,
0000000000000000,
0000000000000000,
0000000000000000,
0000000000000000,
0000000000000000,
0000000000000000,
0000000000000000,
0000000000000000,
0000000000000000,
0000000000000000,
0000000000000000,
0000000000000000,
0000000000000000,
0000000000000000,
0000000000000000,
0000000000000000,
0000000000000000,
0000000000000000,
0000000000000000,
0000000000000000,
0000000000000000,
0000000000000000,
0000000000000000,
0000000000000000,
0000000000000000,
0000000000000000,
0000000000000000,
0000000000000000,
0000000000000000,
0000000000000000,
0000000000000000,
0000000000000000,
0000000000000000,
0000000000000000,
0000000000000000,
0000000000000000,
0000000000000000,
0000000000000000,
0000000000000000,
0000000000000000,
0000000000000000,
0000000000000000,
0000000000000000,
0000000000000000,
0000000000000000,
0000000000000000,
0000000000000000,
0000000000000000,
0000000000000000,
0000000000000000,
0000000000000000,
0000000000000000,
0000000000000000,
0000000000000000,
0000000000000000,
0000000000000000,
0000000000000000,
0000000000000000,
0000000000000000,
0000000000000000,
0000000000000000,
0000000000000000,
0000000000000000,
0000000000000000,
0000000000000000,
0000000000000000,
0000000000000000,
0000000000000000,
0000000000000000,
0000000000000000,
0000000000000000,
0000000000000000,
0000000000000000,
0000000000000000,
0000000000000000,
0000000000000000,
0000000000000000,
0000000000000000,
0000000000000000,
0000000000000000,
0000000000000000,
0000000000000000,
0000000000000000,
0000000000000000,
0000000000000000,
0000000000000000,
0000000000000000,
0000000000000000,
0000000000000000,
0000000000000000,
0000000000000000,
0000000000000000,
0000000000000000,
0000000000000000,
0000000000000000,
0000000000000000,
0000000000000000,
0000000000000000,
0000000000000000,
0000000000000000,
0000000000000000,
0000000000000000,
0000000000000000,
0000000000000000,
0000000000000000,
0000000000000000,
0000000000000000,
0000000000000000,
0000000000000000,
0000000000000000,
0000000000000000,
0000000000000000,
0000000000000000,
0000000000000000,
0000000000000000,
0000000000000000,
0000000000000000,
0000000000000000,
0000000000000000,
0000000000000000,
0000000000000000,
0000000000000000,
0000000000000000,
0000000000000000,
0000000000000000,
0000000000000000,
0000000000000000,
0000000000000000,
0000000000000000,
0000000000000000,
0000000000000000,
0000000000000000,
0000000000000000,
0000000000000000,
0000000000000000,
0000000000000000,
0000000000000000,
0000000000000000,
0000000000000000,
0000000000000000,
0000000000000000,
0000000000000000,
0000000000000000,
0000000000000000,
0000000000000000,
0000000000000000,
0000000000000000,
0000000000000000,
0000000000000000,
0000000000000000,
0000000000000000,
0000000000000000,
0000000000000000,
0000000000000000,
0000000000000000,
0000000000000000,
0000000000000000,
0000000000000000,
0000000000000000,
0000000000000000,
0000000000000000,
0000000000000000,
0000000000000000,
0000000000000000,
0000000000000000,
0000000000000000,
0000000000000000,
0000000000000000,
0000000000000000,
0000000000000000,
0000000000000000,
0000000000000000,
0000000000000000,
0000000000000000,
0000000000000000,
0000000000000000,
0000000000000000,
0000000000000000,
0000000000000000,
0000000000000000,
0000000000000000,
0000000000000000,
0000000000000000,
0000000000000000,
0000000000000000,
0000000000000000,
0000000000000000,
0000000000000000,
0000000000000000,
0000000000000000,
0000000000000000,
0000000000000000,
0000000000000000,
0000000000000000,
0000000000000000,
0000000000000000,
0000000000000000,
0000000000000000,
0000000000000000,
0000000000000000,
0000000000000000,
0000000000000000,
0000000000000000,
0000000000000000,
0000000000000000,
0000000000000000,
0000000000000000,
0000000000000000,
0000000000000000,
0000000000000000,
0000000000000000,
0000000000000000,
0000000000000000,
0000000000000000,
0000000000000000,
0000000000000000,
0000000000000000,
0000000000000000,
0000000000000000,
0000000000000000,
0000000000000000,
0000000000000000,
0000000000000000,
0000000000000000,
0000000000000000,
0000000000000000,
0000000000000000,
0000000000000000,
0000000000000000,
0000000000000000,
0000000000000000,
0000000000000000,
0000000000000000,
0000000000000000,
0000000000000000,
0000000000000000,
0000000000000000,
0000000000000000,
0000000000000000,
0000000000000000,
0000000000000000,
0000000000000000,
0000000000000000,
0000000000000000,
0000000000000000,
0000000000000000,
0000000000000000,
0000000000000000,
0000000000000000,
0000000000000000,
0000000000000000,
0000000000000000,
0000000000000000,
0000000000000000,
0000000000000000,
0000000000000000,
0000000000000000,
0000000000000000,
0000000000000000,
0000000000000000,
0000000000000000,
0000000000000000,
0000000000000000,
0000000000000000,
0000000000000000,
0000000000000000,
0000000000000000,
0000000000000000,
0000000000000000,
0000000000000000,
0000000000000000,
0000000000000000,
0000000000000000,
0000000000000000,
0000000000000000,
0000000000000000,
0000000000000000,
0000000000000000,
0000000000000000,
0000000000000000,
0000000000000000,
0000000000000000,
0000000000000000,
0000000000000000,
0000000000000000,
0000000000000000,
0000000000000000,
0000000000000000,
0000000000000000,
0000000000000000,
0000000000000000,
0000000000000000,
0000000000000000,
0000000000000000,
0000000000000000,
0000000000000000,
0000000000000000,
0000000000000000,
0000000000000000,
0000000000000000,
0000000000000000,
0000000000000000,
0000000000000000,
0000000000000000,
0000000000000000,
0000000000000000,
0000000000000000,
0000000000000000,
0000000000000000,
0000000000000000,
0000000000000000,
0000000000000000,
0000000000000000,
0000000000000000,
0000000000000000,
0000000000000000,
0000000000000000,
0000000000000000,
0000000000000000,
0000000000000000,
0000000000000000,
0000000000000000,
0000000000000000,
0000000000000000,
0000000000000000,
0000000000000000,
0000000000000000,
0000000000000000,
0000000000000000,
0000000000000000,
0000000000000000,
0000000000000000,
0000000000000000,
0000000000000000,
0000000000000000,
0000000000000000,
0000000000000000,
0000000000000000,
0000000000000000,
0000000000000000,
0000000000000000,
0000000000000000,
0000000000000000,
0000000000000000,
0000000000000000,
0000000000000000,
0000000000000000,
0000000000000000,
0000000000000000,
0000000000000000,
0000000000000000,
0000000000000000,
0000000000000000,
0000000000000000,
0000000000000000,
0000000000000000,
0000000000000000,
0000000000000000,
0000000000000000,
0000000000000000,
0000000000000000,
0000000000000000,
0000000000000000,
0000000000000000,
0000000000000000,
0000000000000000,
0000000000000000,
0000000000000000,
0000000000000000,
0000000000000000,
0000000000000000,
0000000000000000,
0000000000000000,
0000000000000000,
0000000000000000,
0000000000000000,
0000000000000000,
0000000000000000,
0000000000000000,
0000000000000000,
0000000000000000,
0000000000000000,
0000000000000000,
0000000000000000,
0000000000000000,
0000000000000000,
0000000000000000,
0000000000000000,
0000000000000000,
0000000000000000,
0000000000000000,
0000000000000000,
0000000000000000,
0000000000000000,
0000000000000000,
0000000000000000,
0000000000000000,
0000000000000000,
0000000000000000,
0000000000000000,
0000000000000000,
0000000000000000,
0000000000000000,
0000000000000000,
0000000000000000,
0000000000000000,
0000000000000000,
0000000000000000,
0000000000000000,
0000000000000000,
0000000000000000,
0000000000000000,
0000000000000000,
0000000000000000,
0000000000000000,
0000000000000000,
0000000000000000,
0000000000000000,
0000000000000000,
0000000000000000,
0000000000000000,
0000000000000000,
0000000000000000,
0000000000000000,
0000000000000000,
0000000000000000,
0000000000000000,
0000000000000000,
0000000000000000,
0000000000000000,
0000000000000000,
0000000000000000,
0000000000000000,
0000000000000000,
0000000000000000,
0000000000000000,
0000000000000000,
0000000000000000,
0000000000000000,
0000000000000000,
0000000000000000,
0000000000000000,
0000000000000000,
0000000000000000,
0000000000000000,
0000000000000000,
0000000000000000,
0000000000000000,
0000000000000000,
0000000000000000,
0000000000000000,
0000000000000000,
0000000000000000,
0000000000000000,
0000000000000000,
0000000000000000,
0000000000000000,
0000000000000000,
0000000000000000,
0000000000000000,
0000000000000000,
0000000000000000,
0000000000000000,
0000000000000000,
0000000000000000,
0000000000000000,
0000000000000000,
0000000000000000,
0000000000000000,
0000000000000000,
0000000000000000,
0000000000000000,
0000000000000000,
0000000000000000,
0000000000000000,
0000000000000000,
0000000000000000,
0000000000000000,
0000000000000000,
0000000000000000,
0000000000000000,
0000000000000000,
0000000000000000,
0000000000000000,
0000000000000000,
0000000000000000,
0000000000000000,
0000000000000000,
0000000000000000,
0000000000000000,
0000000000000000,
0000000000000000,
0000000000000000,
0000000000000000,
0000000000000000,
0000000000000000,
0000000000000000,
0000000000000000,
0000000000000000,
0000000000000000,
0000000000000000,
0000000000000000,
0000000000000000,
0000000000000000,
0000000000000000,
0000000000000000,
0000000000000000,
0000000000000000,
0000000000000000,
0000000000000000,
0000000000000000,
0000000000000000,
0000000000000000,
0000000000000000,
0000000000000000,
0000000000000000,
0000000000000000,
0000000000000000,
0000000000000000,
0000000000000000,
0000000000000000,
0000000000000000,
0000000000000000,
0000000000000000,
0000000000000000,
0000000000000000,
0000000000000000,
0000000000000000,
0000000000000000,
0000000000000000,
0000000000000000,
0000000000000000,
0000000000000000,
0000000000000000,
0000000000000000,
0000000000000000,
0000000000000000,
0000000000000000,
0000000000000000,
0000000000000000,
0000000000000000,
0000000000000000,
0000000000000000,
0000000000000000,
0000000000000000,
0000000000000000,
0000000000000000,
0000000000000000,
0000000000000000,
0000000000000000,
0000000000000000,
0000000000000000,
0000000000000000,
0000000000000000,
0000000000000000,
0000000000000000,
0000000000000000,
0000000000000000,
0000000000000000,
0000000000000000,
0000000000000000,
0000000000000000,
0000000000000000,
0000000000000000,
0000000000000000,
0000000000000000,
0000000000000000,
0000000000000000,
0000000000000000,
0000000000000000,
0000000000000000,
0000000000000000,
0000000000000000,
0000000000000000,
0000000000000000,
0000000000000000,
0000000000000000,
0000000000000000,
0000000000000000,
0000000000000000,
0000000000000000,
0000000000000000,
0000000000000000,
0000000000000000,
0000000000000000,
0000000000000000,
0000000000000000,
0000000000000000,
0000000000000000,
0000000000000000,
0000000000000000,
0000000000000000,
0000000000000000,
0000000000000000,
0000000000000000,
0000000000000000,
0000000000000000,
0000000000000000,
0000000000000000,
0000000000000000,
0000000000000000,
0000000000000000,
0000000000000000,
0000000000000000,
0000000000000000,
0000000000000000,
0000000000000000,
0000000000000000,
0000000000000000,
0000000000000000,
0000000000000000,
0000000000000000,
0000000000000000,
0000000000000000,
0000000000000000,
0000000000000000,
0000000000000000,
0000000000000000,
0000000000000000,
0000000000000000,
0000000000000000,
0000000000000000,
0000000000000000,
0000000000000000,
0000000000000000,
0000000000000000,
0000000000000000,
0000000000000000,
0000000000000000,
0000000000000000,
0000000000000000,
0000000000000000,
0000000000000000,
0000000000000000,
0000000000000000,
0000000000000000,
0000000000000000,
0000000000000000,
0000000000000000,
0000000000000000,
0000000000000000,
0000000000000000,
0000000000000000,
0000000000000000,
0000000000000000,
0000000000000000,
0000000000000000,
0000000000000000,
0000000000000000,
0000000000000000,
0000000000000000,
0000000000000000,
0000000000000000,
0000000000000000,
0000000000000000,
0000000000000000,
0000000000000000,
0000000000000000,
0000000000000000,
0000000000000000,
0000000000000000,
0000000000000000,
0000000000000000,
0000000000000000,
0000000000000000,
0000000000000000,
0000000000000000,
0000000000000000,
0000000000000000,
0000000000000000,
0000000000000000,
0000000000000000,
0000000000000000,
0000000000000000,
0000000000000000,
0000000000000000,
0000000000000000,
0000000000000000,
0000000000000000,
0000000000000000,
0000000000000000,
0000000000000000,
0000000000000000,
0000000000000000,
0000000000000000,
0000000000000000,
0000000000000000,
0000000000000000,
0000000000000000,
0000000000000000,
0000000000000000,
0000000000000000,
0000000000000000,
0000000000000000,
0000000000000000,
0000000000000000,
0000000000000000,
0000000000000000,
0000000000000000,
0000000000000000,
0000000000000000,
0000000000000000,
0000000000000000,
0000000000000000,
0000000000000000,
0000000000000000,
0000000000000000,
0000000000000000,
0000000000000000,
0000000000000000,
0000000000000000,
0000000000000000,
0000000000000000,
0000000000000000,
0000000000000000,
0000000000000000,
0000000000000000,
0000000000000000,
0000000000000000,
0000000000000000,
0000000000000000,
0000000000000000,
0000000000000000,
0000000000000000,
0000000000000000,
0000000000000000,
0000000000000000,
0000000000000000,
0000000000000000,
0000000000000000,
0000000000000000,
0000000000000000,
0000000000000000,
0000000000000000,
0000000000000000,
0000000000000000,
0000000000000000,
0000000000000000,
0000000000000000,
0000000000000000,
0000000000000000,
0000000000000000,
0000000000000000,
0000000000000000,
0000000000000000,
0000000000000000,
0000000000000000,
0000000000000000,
0000000000000000,
0000000000000000,
0000000000000000,
0000000000000000,
0000000000000000,
0000000000000000,
0000000000000000,
0000000000000000,
0000000000000000,
0000000000000000,
0000000000000000,
0000000000000000,
0000000000000000,
0000000000000000,
0000000000000000,
0000000000000000,
0000000000000000,
0000000000000000,
0000000000000000,
0000000000000000,
0000000000000000,
0000000000000000,
0000000000000000,
0000000000000000,
0000000000000000,
0000000000000000,
0000000000000000,
0000000000000000,
0000000000000000,
0000000000000000,
0000000000000000,
0000000000000000,
0000000000000000,
0000000000000000,
0000000000000000,
0000000000000000,
0000000000000000,
0000000000000000,
0000000000000000,
0000000000000000,
0000000000000000,
0000000000000000,
0000000000000000,
0000000000000000,
0000000000000000,
0000000000000000,
0000000000000000,
0000000000000000,
0000000000000000,
0000000000000000,
0000000000000000,
0000000000000000,
0000000000000000,
0000000000000000,
0000000000000000,
0000000000000000,
0000000000000000,
0000000000000000,
0000000000000000,
0000000000000000,
0000000000000000,
0000000000000000,
0000000000000000,
0000000000000000,
0000000000000000,
0000000000000000,
0000000000000000,
0000000000000000,
0000000000000000,
0000000000000000,
0000000000000000,
0000000000000000,
0000000000000000,
0000000000000000,
0000000000000000,
0000000000000000,
0000000000000000,
0000000000000000,
0000000000000000,
0000000000000000,
0000000000000000,
0000000000000000,
0000000000000000,
0000000000000000,
0000000000000000,
0000000000000000,
0000000000000000,
0000000000000000,
0000000000000000,
0000000000000000,
0000000000000000,
0000000000000000,
0000000000000000,
0000000000000000,
0000000000000000,
0000000000000000,
0000000000000000,
0000000000000000,
0000000000000000,
0000000000000000,
0000000000000000,
0000000000000000,
0000000000000000,
0000000000000000,
0000000000000000,
0000000000000000,
0000000000000000,
0000000000000000,
0000000000000000,
0000000000000000,
0000000000000000,
0000000000000000,
0000000000000000,
0000000000000000,
0000000000000000,
0000000000000000,
0000000000000000,
0000000000000000,
0000000000000000,
0000000000000000,
0000000000000000,
0000000000000000,
0000000000000000,
0000000000000000,
0000000000000000,
0000000000000000,
0000000000000000,
0000000000000000,
0000000000000000,
0000000000000000,
0000000000000000,
0000000000000000,
0000000000000000,
0000000000000000,
0000000000000000,
0000000000000000,
0000000000000000,
0000000000000000,
0000000000000000,
0000000000000000,
0000000000000000,
0000000000000000,
0000000000000000,
0000000000000000,
0000000000000000,
0000000000000000,
0000000000000000,
0000000000000000,
0000000000000000,
0000000000000000,
0000000000000000,
0000000000000000,
0000000000000000,
0000000000000000,
0000000000000000,
0000000000000000,
0000000000000000,
0000000000000000,
0000000000000000,
0000000000000000,
0000000000000000,
0000000000000000,
0000000000000000,
0000000000000000,
0000000000000000,
0000000000000000,
0000000000000000,
0000000000000000,
0000000000000000,
0000000000000000,
0000000000000000,
0000000000000000,
0000000000000000,
0000000000000000,
0000000000000000,
0000000000000000,
0000000000000000,
0000000000000000,
0000000000000000,
0000000000000000,
0000000000000000,
0000000000000000,
0000000000000000,
0000000000000000,
0000000000000000,
0000000000000000,
0000000000000000,
0000000000000000,
0000000000000000,
0000000000000000,
0000000000000000,
0000000000000000,
0000000000000000,
0000000000000000,
0000000000000000,
0000000000000000,
0000000000000000,
0000000000000000,
0000000000000000,
0000000000000000,
0000000000000000,
0000000000000000,
0000000000000000,
0000000000000000,
0000000000000000,
0000000000000000,
0000000000000000,
0000000000000000,
0000000000000000,
0000000000000000,
0000000000000000,
0000000000000000,
0000000000000000,
0000000000000000,
0000000000000000,
0000000000000000,
0000000000000000,
0000000000000000,
0000000000000000,
0000000000000000,
0000000000000000,
0000000000000000,
0000000000000000,
0000000000000000,
0000000000000000,
0000000000000000,
0000000000000000,
0000000000000000,
0000000000000000,
0000000000000000,
0000000000000000,
0000000000000000,
0000000000000000,
0000000000000000,
0000000000000000,
0000000000000000,
0000000000000000,
0000000000000000,
0000000000000000,
0000000000000000,
0000000000000000,
0000000000000000,
0000000000000000,
0000000000000000,
0000000000000000,
0000000000000000,
0000000000000000,
0000000000000000,
0000000000000000,
0000000000000000,
0000000000000000,
0000000000000000,
0000000000000000,
0000000000000000,
0000000000000000,
0000000000000000,
0000000000000000,
0000000000000000,
0000000000000000,
0000000000000000,
0000000000000000,
0000000000000000,
0000000000000000,
0000000000000000,
0000000000000000,
0000000000000000,
0000000000000000,
0000000000000000,
0000000000000000,
0000000000000000,
0000000000000000,
0000000000000000,
0000000000000000,
0000000000000000,
0000000000000000,
0000000000000000,
0000000000000000,
0000000000000000,
0000000000000000,
0000000000000000,
0000000000000000,
0000000000000000,
0000000000000000,
0000000000000000,
0000000000000000,
0000000000000000,
0000000000000000,
0000000000000000,
0000000000000000,
0000000000000000,
0000000000000000,
0000000000000000,
0000000000000000,
0000000000000000,
0000000000000000,
0000000000000000,
0000000000000000,
0000000000000000,
0000000000000000,
0000000000000000,
0000000000000000,
0000000000000000,
0000000000000000,
0000000000000000,
0000000000000000,
0000000000000000,
0000000000000000,
0000000000000000,
0000000000000000,
0000000000000000,
0000000000000000,
0000000000000000,
0000000000000000,
0000000000000000,
0000000000000000,
0000000000000000,
0000000000000000,
0000000000000000,
0000000000000000,
0000000000000000,
0000000000000000,
0000000000000000,
0000000000000000,
0000000000000000,
0000000000000000,
0000000000000000,
0000000000000000,
0000000000000000,
0000000000000000,
0000000000000000,
0000000000000000,
0000000000000000,
0000000000000000,
0000000000000000,
0000000000000000,
0000000000000000,
0000000000000000,
0000000000000000,
0000000000000000,
0000000000000000,
0000000000000000,
0000000000000000,
0000000000000000,
0000000000000000,
0000000000000000,
0000000000000000,
0000000000000000,
0000000000000000,
0000000000000000,
0000000000000000,
0000000000000000,
0000000000000000,
0000000000000000,
0000000000000000,
0000000000000000,
0000000000000000,
0000000000000000,
0000000000000000,
0000000000000000,
0000000000000000,
0000000000000000,
0000000000000000,
0000000000000000,
0000000000000000,
0000000000000000,
0000000000000000,
0000000000000000,
0000000000000000,
0000000000000000,
0000000000000000,
0000000000000000,
0000000000000000,
0000000000000000,
0000000000000000,
0000000000000000,
0000000000000000,
0000000000000000,
0000000000000000,
0000000000000000,
0000000000000000,
0000000000000000,
0000000000000000,
0000000000000000,
0000000000000000,
0000000000000000,
0000000000000000,
0000000000000000,
0000000000000000,
0000000000000000,
0000000000000000,
0000000000000000,
0000000000000000,
0000000000000000,
0000000000000000,
0000000000000000,
0000000000000000,
0000000000000000,
0000000000000000,
0000000000000000,
0000000000000000,
0000000000000000,
0000000000000000,
0000000000000000,
0000000000000000,
0000000000000000,
0000000000000000,
0000000000000000,
0000000000000000,
0000000000000000,
0000000000000000,
0000000000000000,
0000000000000000,
0000000000000000,
0000000000000000,
0000000000000000,
0000000000000000,
0000000000000000,
0000000000000000,
0000000000000000,
0000000000000000,
0000000000000000,
0000000000000000,
0000000000000000,
0000000000000000,
0000000000000000,
0000000000000000,
0000000000000000,
0000000000000000,
0000000000000000,
0000000000000000,
0000000000000000,
0000000000000000,
0000000000000000,
0000000000000000,
0000000000000000,
0000000000000000,
0000000000000000,
0000000000000000,
0000000000000000,
0000000000000000,
0000000000000000,
0000000000000000,
0000000000000000,
0000000000000000,
0000000000000000,
0000000000000000,
0000000000000000,
0000000000000000,
0000000000000000,
0000000000000000,
0000000000000000,
0000000000000000,
0000000000000000,
0000000000000000,
0000000000000000,
0000000000000000,
0000000000000000,
0000000000000000,
0000000000000000,
0000000000000000,
0000000000000000,
0000000000000000,
0000000000000000,
0000000000000000,
0000000000000000,
0000000000000000,
0000000000000000,
0000000000000000,
0000000000000000,
0000000000000000,
0000000000000000,
0000000000000000,
0000000000000000,
0000000000000000,
0000000000000000,
0000000000000000,
0000000000000000,
0000000000000000,
0000000000000000,
0000000000000000,
0000000000000000,
0000000000000000,
0000000000000000,
0000000000000000,
0000000000000000,
0000000000000000,
0000000000000000,
0000000000000000,
0000000000000000,
0000000000000000,
0000000000000000,
0000000000000000,
0000000000000000,
0000000000000000,
0000000000000000,
0000000000000000,
0000000000000000,
0000000000000000,
0000000000000000,
0000000000000000,
0000000000000000,
0000000000000000,
0000000000000000,
0000000000000000,
0000000000000000,
0000000000000000,
0000000000000000,
0000000000000000,
0000000000000000,
0000000000000000,
0000000000000000,
0000000000000000,
0000000000000000,
0000000000000000,
0000000000000000,
0000000000000000,
0000000000000000,
0000000000000000,
0000000000000000,
0000000000000000,
0000000000000000,
0000000000000000,
0000000000000000,
0000000000000000,
0000000000000000,
0000000000000000,
0000000000000000,
0000000000000000,
0000000000000000,
0000000000000000,
0000000000000000,
0000000000000000,
0000000000000000,
0000000000000000,
0000000000000000,
0000000000000000,
0000000000000000,
0000000000000000,
0000000000000000,
0000000000000000,
0000000000000000,
0000000000000000,
0000000000000000,
0000000000000000,
0000000000000000,
0000000000000000,
0000000000000000,
0000000000000000,
0000000000000000,
0000000000000000,
0000000000000000,
0000000000000000,
0000000000000000,
0000000000000000,
0000000000000000,
0000000000000000,
0000000000000000,
0000000000000000,
0000000000000000,
0000000000000000,
0000000000000000,
0000000000000000,
0000000000000000,
0000000000000000,
0000000000000000,
0000000000000000,
0000000000000000,
0000000000000000,
0000000000000000,
0000000000000000,
0000000000000000,
0000000000000000,
0000000000000000,
0000000000000000,
0000000000000000,
0000000000000000,
0000000000000000,
0000000000000000,
0000000000000000,
0000000000000000,
0000000000000000,
0000000000000000,
0000000000000000,
0000000000000000,
0000000000000000,
0000000000000000,
0000000000000000,
0000000000000000,
0000000000000000,
0000000000000000,
0000000000000000,
0000000000000000,
0000000000000000,
0000000000000000,
0000000000000000,
0000000000000000,
0000000000000000,
0000000000000000,
0000000000000000,
0000000000000000,
0000000000000000,
0000000000000000,
0000000000000000,
0000000000000000,
0000000000000000,
0000000000000000,
0000000000000000,
0000000000000000,
0000000000000000,
0000000000000000,
0000000000000000,
0000000000000000,
0000000000000000,
0000000000000000,
0000000000000000,
0000000000000000,
0000000000000000,
0000000000000000,
0000000000000000,
0000000000000000,
0000000000000000,
0000000000000000,
0000000000000000,
0000000000000000,
0000000000000000,
0000000000000000,
0000000000000000,
0000000000000000,
0000000000000000,
0000000000000000,
0000000000000000,
0000000000000000,
0000000000000000,
0000000000000000,
0000000000000000,
0000000000000000,
0000000000000000,
0000000000000000,
0000000000000000,
0000000000000000,
0000000000000000,
0000000000000000,
0000000000000000,
0000000000000000,
0000000000000000,
0000000000000000,
0000000000000000,
0000000000000000,
0000000000000000,
0000000000000000,
0000000000000000,
0000000000000000,
0000000000000000,
0000000000000000,
0000000000000000,
0000000000000000,
0000000000000000,
0000000000000000,
0000000000000000,
0000000000000000,
0000000000000000,
0000000000000000,
0000000000000000,
0000000000000000,
0000000000000000,
0000000000000000,
0000000000000000,
0000000000000000,
0000000000000000,
0000000000000000,
0000000000000000,
0000000000000000,
0000000000000000,
0000000000000000,
0000000000000000,
0000000000000000,
0000000000000000,
0000000000000000,
0000000000000000,
0000000000000000,
0000000000000000,
0000000000000000,
0000000000000000,
0000000000000000,
0000000000000000,
0000000000000000,
0000000000000000,
0000000000000000,
0000000000000000,
0000000000000000,
0000000000000000,
0000000000000000,
0000000000000000,
0000000000000000,
0000000000000000,
0000000000000000,
0000000000000000,
0000000000000000,
0000000000000000,
0000000000000000,
0000000000000000,
0000000000000000,
0000000000000000,
0000000000000000,
0000000000000000,
0000000000000000,
0000000000000000,
0000000000000000,
0000000000000000,
0000000000000000,
0000000000000000,
0000000000000000,
0000000000000000,
0000000000000000,
0000000000000000,
0000000000000000,
0000000000000000,
0000000000000000,
0000000000000000,
0000000000000000,
0000000000000000,
0000000000000000,
0000000000000000,
0000000000000000,
0000000000000000,
0000000000000000,
0000000000000000,
0000000000000000,
0000000000000000,
0000000000000000,
0000000000000000,
0000000000000000,
0000000000000000,
0000000000000000,
0000000000000000,
0000000000000000,
0000000000000000,
0000000000000000,
0000000000000000,
0000000000000000,
0000000000000000,
0000000000000000,
0000000000000000,
0000000000000000,
0000000000000000,
0000000000000000,
0000000000000000,
0000000000000000,
0000000000000000,
0000000000000000,
0000000000000000,
0000000000000000,
0000000000000000,
0000000000000000,
0000000000000000,
0000000000000000,
0000000000000000,
0000000000000000,
0000000000000000,
0000000000000000,
0000000000000000,
0000000000000000,
0000000000000000,
0000000000000000,
0000000000000000,
0000000000000000,
0000000000000000,
0000000000000000,
0000000000000000,
0000000000000000,
0000000000000000,
0000000000000000,
0000000000000000,
0000000000000000,
0000000000000000,
0000000000000000,
0000000000000000,
0000000000000000,
0000000000000000,
0000000000000000,
0000000000000000,
0000000000000000,
0000000000000000,
0000000000000000,
0000000000000000,
0000000000000000,
0000000000000000,
0000000000000000,
0000000000000000,
0000000000000000,
0000000000000000,
0000000000000000,
0000000000000000,
0000000000000000,
0000000000000000,
0000000000000000,
0000000000000000,
0000000000000000,
0000000000000000,
0000000000000000,
0000000000000000,
0000000000000000,
0000000000000000,
0000000000000000,
0000000000000000,
0000000000000000,
0000000000000000,
0000000000000000,
0000000000000000,
0000000000000000,
0000000000000000,
0000000000000000,
0000000000000000,
0000000000000000,
0000000000000000,
0000000000000000,
0000000000000000,
0000000000000000,
0000000000000000,
0000000000000000,
0000000000000000,
0000000000000000,
0000000000000000,
0000000000000000,
0000000000000000,
0000000000000000,
0000000000000000,
0000000000000000,
0000000000000000,
0000000000000000,
0000000000000000,
0000000000000000,
0000000000000000,
0000000000000000,
0000000000000000,
0000000000000000,
0000000000000000,
0000000000000000,
0000000000000000,
0000000000000000,
0000000000000000,
0000000000000000,
0000000000000000,
0000000000000000,
0000000000000000,
0000000000000000,
0000000000000000,
0000000000000000,
0000000000000000,
0000000000000000,
0000000000000000,
0000000000000000,
0000000000000000,
0000000000000000,
0000000000000000,
0000000000000000,
0000000000000000,
0000000000000000,
0000000000000000,
0000000000000000,
0000000000000000,
0000000000000000,
0000000000000000,
0000000000000000,
0000000000000000,
0000000000000000,
0000000000000000,
0000000000000000,
0000000000000000,
0000000000000000,
0000000000000000,
0000000000000000,
0000000000000000,
0000000000000000,
0000000000000000,
0000000000000000,
0000000000000000,
0000000000000000,
0000000000000000,
0000000000000000,
0000000000000000,
0000000000000000,
0000000000000000,
0000000000000000,
0000000000000000,
0000000000000000,
0000000000000000,
0000000000000000,
0000000000000000,
0000000000000000,
0000000000000000,
0000000000000000,
0000000000000000,
0000000000000000,
0000000000000000,
0000000000000000,
0000000000000000,
0000000000000000,
0000000000000000,
0000000000000000,
0000000000000000,
0000000000000000,
0000000000000000,
0000000000000000,
0000000000000000,
0000000000000000,
0000000000000000,
0000000000000000,
0000000000000000,
0000000000000000,
0000000000000000,
0000000000000000,
0000000000000000,
0000000000000000,
0000000000000000,
0000000000000000,
0000000000000000,
0000000000000000,
0000000000000000,
0000000000000000,
0000000000000000,
0000000000000000,
0000000000000000,
0000000000000000,
0000000000000000,
0000000000000000,
0000000000000000,
0000000000000000,
0000000000000000,
0000000000000000,
0000000000000000,
0000000000000000,
0000000000000000,
0000000000000000,
0000000000000000,
0000000000000000,
0000000000000000,
0000000000000000,
0000000000000000,
0000000000000000,
0000000000000000,
0000000000000000,
0000000000000000,
0000000000000000,
0000000000000000,
0000000000000000,
0000000000000000,
0000000000000000,
0000000000000000,
0000000000000000,
0000000000000000,
0000000000000000,
0000000000000000,
0000000000000000,
0000000000000000,
0000000000000000,
0000000000000000,
0000000000000000,
0000000000000000,
0000000000000000,
0000000000000000,
0000000000000000,
0000000000000000,
0000000000000000,
0000000000000000,
0000000000000000,
0000000000000000,
0000000000000000,
0000000000000000,
0000000000000000,
0000000000000000,
0000000000000000,
0000000000000000,
0000000000000000,
0000000000000000,
0000000000000000,
0000000000000000,
0000000000000000,
0000000000000000,
0000000000000000,
0000000000000000,
0000000000000000,
0000000000000000,
0000000000000000,
0000000000000000,
0000000000000000,
0000000000000000,
0000000000000000,
0000000000000000,
0000000000000000,
0000000000000000,
0000000000000000,
0000000000000000,
0000000000000000,
0000000000000000,
0000000000000000,
0000000000000000,
0000000000000000,
0000000000000000,
0000000000000000,
0000000000000000,
0000000000000000,
0000000000000000,
0000000000000000,
0000000000000000,
0000000000000000,
0000000000000000,
0000000000000000,
0000000000000000,
0000000000000000,
0000000000000000,
0000000000000000,
0000000000000000,
0000000000000000,
0000000000000000,
0000000000000000,
0000000000000000,
0000000000000000,
0000000000000000,
0000000000000000,
0000000000000000,
0000000000000000,
0000000000000000,
0000000000000000,
0000000000000000,
0000000000000000,
0000000000000000,
0000000000000000,
0000000000000000,
0000000000000000,
0000000000000000,
0000000000000000,
0000000000000000,
0000000000000000,
0000000000000000,
0000000000000000,
0000000000000000,
0000000000000000,
0000000000000000,
0000000000000000,
0000000000000000,
0000000000000000,
0000000000000000,
0000000000000000,
0000000000000000,
0000000000000000,
0000000000000000,
0000000000000000,
0000000000000000,
0000000000000000,
0000000000000000,
0000000000000000,
0000000000000000,
0000000000000000,
0000000000000000,
0000000000000000,
0000000000000000,
0000000000000000,
0000000000000000,
0000000000000000,
0000000000000000,
0000000000000000,
0000000000000000,
0000000000000000,
0000000000000000,
0000000000000000,
0000000000000000,
0000000000000000,
0000000000000000,
0000000000000000,
0000000000000000,
0000000000000000,
0000000000000000,
0000000000000000,
0000000000000000,
0000000000000000,
0000000000000000,
0000000000000000,
0000000000000000,
0000000000000000,
0000000000000000,
0000000000000000,
0000000000000000,
0000000000000000,
0000000000000000,
0000000000000000,
0000000000000000,
0000000000000000,
0000000000000000,
0000000000000000,
0000000000000000,
0000000000000000,
0000000000000000,
0000000000000000,
0000000000000000,
0000000000000000,
0000000000000000,
0000000000000000,
0000000000000000,
0000000000000000,
0000000000000000,
0000000000000000,
0000000000000000,
0000000000000000,
0000000000000000,
0000000000000000,
0000000000000000,
0000000000000000,
0000000000000000,
0000000000000000,
0000000000000000,
0000000000000000,
0000000000000000,
0000000000000000,
0000000000000000,
0000000000000000,
0000000000000000,
0000000000000000,
0000000000000000,
0000000000000000,
0000000000000000,
0000000000000000,
0000000000000000,
0000000000000000,
0000000000000000,
0000000000000000,
0000000000000000,
0000000000000000,
0000000000000000,
0000000000000000,
0000000000000000,
0000000000000000,
0000000000000000,
0000000000000000,
0000000000000000,
0000000000000000,
0000000000000000,
0000000000000000,
0000000000000000,
0000000000000000,
0000000000000000,
0000000000000000,
0000000000000000,
0000000000000000,
0000000000000000,
0000000000000000,
0000000000000000,
0000000000000000,
0000000000000000,
0000000000000000,
0000000000000000,
0000000000000000,
0000000000000000,
0000000000000000,
0000000000000000,
0000000000000000,
0000000000000000,
0000000000000000,
0000000000000000,
0000000000000000,
0000000000000000,
0000000000000000,
0000000000000000,
0000000000000000,
0000000000000000,
0000000000000000,
0000000000000000,
0000000000000000,
0000000000000000,
0000000000000000,
0000000000000000,
0000000000000000,
0000000000000000,
0000000000000000,
0000000000000000,
0000000000000000,
0000000000000000,
0000000000000000,
0000000000000000,
0000000000000000,
0000000000000000,
0000000000000000,
0000000000000000,
0000000000000000,
0000000000000000,
0000000000000000,
0000000000000000,
0000000000000000,
0000000000000000,
0000000000000000,
0000000000000000,
0000000000000000,
0000000000000000,
0000000000000000,
0000000000000000,
0000000000000000,
0000000000000000,
0000000000000000,
0000000000000000,
0000000000000000,
0000000000000000,
0000000000000000,
0000000000000000,
0000000000000000,
0000000000000000,
0000000000000000,
0000000000000000,
0000000000000000,
0000000000000000,
0000000000000000,
0000000000000000,
0000000000000000,
0000000000000000,
0000000000000000,
0000000000000000,
0000000000000000,
0000000000000000,
0000000000000000,
0000000000000000,
0000000000000000,
0000000000000000,
0000000000000000,
0000000000000000,
0000000000000000,
0000000000000000,
0000000000000000,
0000000000000000,
0000000000000000,
0000000000000000,
0000000000000000,
0000000000000000,
0000000000000000,
0000000000000000,
0000000000000000,
0000000000000000,
0000000000000000,
0000000000000000,
0000000000000000,
0000000000000000,
0000000000000000,
0000000000000000,
0000000000000000,
0000000000000000,
0000000000000000,
0000000000000000,
0000000000000000,
0000000000000000,
0000000000000000,
0000000000000000,
0000000000000000,
0000000000000000,
0000000000000000,
0000000000000000,
0000000000000000,
0000000000000000,
0000000000000000,
0000000000000000,
0000000000000000,
0000000000000000,
0000000000000000,
0000000000000000,
0000000000000000,
0000000000000000,
0000000000000000,
0000000000000000,
0000000000000000,
0000000000000000,
0000000000000000,
0000000000000000,
0000000000000000,
0000000000000000,
0000000000000000,
0000000000000000,
0000000000000000,
0000000000000000,
0000000000000000,
0000000000000000,
0000000000000000,
0000000000000000,
0000000000000000,
0000000000000000,
0000000000000000,
0000000000000000,
0000000000000000,
0000000000000000,
0000000000000000,
0000000000000000,
0000000000000000,
0000000000000000,
0000000000000000,
0000000000000000,
0000000000000000,
0000000000000000,
0000000000000000,
0000000000000000,
0000000000000000,
0000000000000000,
0000000000000000,
0000000000000000,
0000000000000000,
0000000000000000,
0000000000000000,
0000000000000000,
0000000000000000,
0000000000000000,
0000000000000000,
0000000000000000,
0000000000000000,
0000000000000000,
0000000000000000,
0000000000000000,
0000000000000000,
0000000000000000,
0000000000000000,
0000000000000000,
0000000000000000,
0000000000000000,
0000000000000000,
0000000000000000,
0000000000000000,
0000000000000000,
0000000000000000,
0000000000000000,
0000000000000000,
0000000000000000,
0000000000000000,
0000000000000000,
0000000000000000,
0000000000000000,
0000000000000000,
0000000000000000,
0000000000000000,
0000000000000000,
0000000000000000,
0000000000000000,
0000000000000000,
0000000000000000,
0000000000000000,
0000000000000000,
0000000000000000,
0000000000000000,
0000000000000000,
0000000000000000,
0000000000000000,
0000000000000000,
0000000000000000,
0000000000000000,
0000000000000000,
0000000000000000,
0000000000000000,
0000000000000000,
0000000000000000,
0000000000000000,
0000000000000000,
0000000000000000,
0000000000000000,
0000000000000000,
0000000000000000,
0000000000000000,
0000000000000000,
0000000000000000,
0000000000000000,
0000000000000000,
0000000000000000,
0000000000000000,
0000000000000000,
0000000000000000,
0000000000000000,
0000000000000000,
0000000000000000,
0000000000000000,
0000000000000000,
0000000000000000,
0000000000000000,
0000000000000000,
0000000000000000,
0000000000000000,
0000000000000000,
0000000000000000,
0000000000000000,
0000000000000000,
0000000000000000,
0000000000000000,
0000000000000000,
0000000000000000,
0000000000000000,
0000000000000000,
0000000000000000,
0000000000000000,
0000000000000000,
0000000000000000,
0000000000000000,
0000000000000000,
0000000000000000,
0000000000000000,
0000000000000000,
0000000000000000,
0000000000000000,
0000000000000000,
0000000000000000,
0000000000000000,
0000000000000000,
0000000000000000,
0000000000000000,
0000000000000000,
0000000000000000,
0000000000000000,
0000000000000000,
0000000000000000,
0000000000000000,
0000000000000000,
0000000000000000,
0000000000000000,
0000000000000000,
0000000000000000,
0000000000000000,
0000000000000000,
0000000000000000,
0000000000000000,
0000000000000000,
0000000000000000,
0000000000000000,
0000000000000000,
0000000000000000,
0000000000000000,
0000000000000000,
0000000000000000,
0000000000000000,
0000000000000000,
0000000000000000,
0000000000000000,
0000000000000000,
0000000000000000,
0000000000000000,
0000000000000000,
0000000000000000,
0000000000000000,
0000000000000000,
0000000000000000,
0000000000000000,
0000000000000000,
0000000000000000,
0000000000000000,
0000000000000000,
0000000000000000,
0000000000000000,
0000000000000000,
0000000000000000,
0000000000000000,
0000000000000000,
0000000000000000,
0000000000000000,
0000000000000000,
0000000000000000,
0000000000000000,
0000000000000000,
0000000000000000,
0000000000000000,
0000000000000000,
0000000000000000,
0000000000000000,
0000000000000000,
0000000000000000,
0000000000000000,
0000000000000000,
0000000000000000,
0000000000000000,
0000000000000000,
0000000000000000,
0000000000000000,
0000000000000000,
0000000000000000,
0000000000000000,
0000000000000000,
0000000000000000,
0000000000000000,
0000000000000000,
0000000000000000,
0000000000000000,
0000000000000000,
0000000000000000,
0000000000000000,
0000000000000000,
0000000000000000,
0000000000000000,
0000000000000000,
0000000000000000,
0000000000000000,
0000000000000000,
0000000000000000,
0000000000000000,
0000000000000000,
0000000000000000,
0000000000000000,
0000000000000000,
0000000000000000,
0000000000000000,
0000000000000000,
0000000000000000,
0000000000000000,
0000000000000000,
0000000000000000,
0000000000000000,
0000000000000000,
0000000000000000,
0000000000000000,
0000000000000000,
0000000000000000,
0000000000000000,
0000000000000000,
0000000000000000,
0000000000000000,
0000000000000000,
0000000000000000,
0000000000000000,
0000000000000000,
0000000000000000,
0000000000000000,
0000000000000000,
0000000000000000,
0000000000000000,
0000000000000000,
0000000000000000,
0000000000000000,
0000000000000000,
0000000000000000,
0000000000000000,
0000000000000000,
0000000000000000,
0000000000000000,
0000000000000000,
0000000000000000,
0000000000000000,
0000000000000000,
0000000000000000,
0000000000000000,
0000000000000000,
0000000000000000,
0000000000000000,
0000000000000000,
0000000000000000,
0000000000000000,
0000000000000000,
0000000000000000,
0000000000000000,
0000000000000000,
0000000000000000,
0000000000000000,
0000000000000000,
0000000000000000,
0000000000000000,
0000000000000000,
0000000000000000,
0000000000000000,
0000000000000000,
0000000000000000,
0000000000000000,
0000000000000000,
0000000000000000,
0000000000000000,
0000000000000000,
0000000000000000,
0000000000000000,
0000000000000000,
0000000000000000,
0000000000000000,
0000000000000000,
0000000000000000,
0000000000000000,
0000000000000000,
0000000000000000,
0000000000000000,
0000000000000000,
0000000000000000,
0000000000000000,
0000000000000000,
0000000000000000,
0000000000000000,
0000000000000000,
0000000000000000,
0000000000000000,
0000000000000000,
0000000000000000,
0000000000000000,
0000000000000000,
0000000000000000,
0000000000000000,
0000000000000000,
0000000000000000,
0000000000000000,
0000000000000000,
0000000000000000,
0000000000000000,
0000000000000000,
0000000000000000,
0000000000000000,
0000000000000000,
0000000000000000,
0000000000000000,
0000000000000000,
0000000000000000,
0000000000000000,
0000000000000000,
0000000000000000,
0000000000000000,
0000000000000000,
0000000000000000,
0000000000000000,
0000000000000000,
0000000000000000,
0000000000000000,
0000000000000000,
0000000000000000,
0000000000000000,
0000000000000000,
0000000000000000,
0000000000000000,
0000000000000000,
0000000000000000,
0000000000000000,
0000000000000000,
0000000000000000,
0000000000000000,
0000000000000000,
0000000000000000,
0000000000000000,
0000000000000000,
0000000000000000,
0000000000000000,
0000000000000000,
0000000000000000,
0000000000000000,
0000000000000000,
0000000000000000,
0000000000000000,
0000000000000000,
0000000000000000,
0000000000000000,
0000000000000000,
0000000000000000,
0000000000000000,
0000000000000000,
0000000000000000,
0000000000000000,
0000000000000000,
0000000000000000,
0000000000000000,
0000000000000000,
0000000000000000,
0000000000000000,
0000000000000000,
0000000000000000,
0000000000000000,
0000000000000000,
0000000000000000,
0000000000000000,
0000000000000000,
0000000000000000,
0000000000000000,
0000000000000000,
0000000000000000,
0000000000000000,
0000000000000000,
0000000000000000,
0000000000000000,
0000000000000000,
0000000000000000,
0000000000000000,
0000000000000000,
0000000000000000,
0000000000000000,
0000000000000000,
0000000000000000,
0000000000000000,
0000000000000000,
0000000000000000,
0000000000000000,
0000000000000000,
0000000000000000,
0000000000000000,
0000000000000000,
0000000000000000,
0000000000000000,
0000000000000000,
0000000000000000,
0000000000000000,
0000000000000000,
0000000000000000,
0000000000000000,
0000000000000000,
0000000000000000,
0000000000000000,
0000000000000000,
0000000000000000,
0000000000000000,
0000000000000000,
0000000000000000,
0000000000000000,
0000000000000000,
0000000000000000,
0000000000000000,
0000000000000000,
0000000000000000,
0000000000000000,
0000000000000000,
0000000000000000,
0000000000000000,
0000000000000000,
0000000000000000,
0000000000000000,
0000000000000000,
0000000000000000,
0000000000000000,
0000000000000000,
0000000000000000,
0000000000000000,
0000000000000000,
0000000000000000,
0000000000000000,
0000000000000000,
0000000000000000,
0000000000000000,
0000000000000000,
0000000000000000,
0000000000000000,
0000000000000000,
0000000000000000,
0000000000000000,
0000000000000000,
0000000000000000,
0000000000000000,
0000000000000000,
0000000000000000,
0000000000000000,
0000000000000000,
0000000000000000,
0000000000000000,
0000000000000000,
0000000000000000,
0000000000000000,
0000000000000000,
0000000000000000,
0000000000000000,
0000000000000000,
0000000000000000,
0000000000000000,
0000000000000000,
0000000000000000,
0000000000000000,
0000000000000000,
0000000000000000,
0000000000000000,
0000000000000000,
0000000000000000,
0000000000000000,
0000000000000000,
0000000000000000,
0000000000000000,
0000000000000000,
0000000000000000,
0000000000000000,
0000000000000000,
0000000000000000,
0000000000000000,
0000000000000000,
0000000000000000,
0000000000000000,
0000000000000000,
0000000000000000,
0000000000000000,
0000000000000000,
0000000000000000,
0000000000000000,
0000000000000000,
0000000000000000,
0000000000000000,
0000000000000000,
0000000000000000,
0000000000000000,
0000000000000000,
0000000000000000,
0000000000000000,
0000000000000000,
0000000000000000,
0000000000000000,
0000000000000000,
0000000000000000,
0000000000000000,
0000000000000000,
0000000000000000,
0000000000000000,
0000000000000000,
0000000000000000,
0000000000000000,
0000000000000000,
0000000000000000,
0000000000000000,
0000000000000000,
0000000000000000,
0000000000000000,
0000000000000000,
0000000000000000,
0000000000000000,
0000000000000000,
0000000000000000,
0000000000000000,
0000000000000000,
0000000000000000,
0000000000000000,
0000000000000000,
0000000000000000,
0000000000000000,
0000000000000000,
0000000000000000,
0000000000000000,
0000000000000000,
0000000000000000,
0000000000000000,
0000000000000000,
0000000000000000,
0000000000000000,
0000000000000000,
0000000000000000,
0000000000000000,
0000000000000000,
0000000000000000,
0000000000000000,
0000000000000000,
0000000000000000,
0000000000000000,
0000000000000000,
0000000000000000,
0000000000000000,
0000000000000000,
0000000000000000,
0000000000000000,
0000000000000000,
0000000000000000,
0000000000000000,
0000000000000000,
0000000000000000,
0000000000000000,
0000000000000000,
0000000000000000,
0000000000000000,
0000000000000000,
0000000000000000,
0000000000000000,
0000000000000000,
0000000000000000,
0000000000000000,
0000000000000000,
0000000000000000,
0000000000000000,
0000000000000000,
0000000000000000,
0000000000000000,
0000000000000000,
0000000000000000,
0000000000000000,
0000000000000000,
0000000000000000,
0000000000000000,
0000000000000000,
0000000000000000,
0000000000000000,
0000000000000000,
0000000000000000,
0000000000000000,
0000000000000000,
0000000000000000,
0000000000000000,
0000000000000000,
0000000000000000,
0000000000000000,
0000000000000000,
0000000000000000,
0000000000000000,
0000000000000000,
0000000000000000,
0000000000000000,
0000000000000000,
0000000000000000,
0000000000000000,
0000000000000000,
0000000000000000,
0000000000000000,
0000000000000000,
0000000000000000,
0000000000000000,
0000000000000000,
0000000000000000,
0000000000000000,
0000000000000000,
0000000000000000,
0000000000000000,
0000000000000000,
0000000000000000,
0000000000000000,
0000000000000000,
0000000000000000,
0000000000000000,
0000000000000000,
0000000000000000,
0000000000000000,
0000000000000000,
0000000000000000,
0000000000000000,
0000000000000000,
0000000000000000,
0000000000000000,
0000000000000000,
0000000000000000,
0000000000000000,
0000000000000000,
0000000000000000,
0000000000000000,
0000000000000000,
0000000000000000,
0000000000000000,
0000000000000000,
0000000000000000,
0000000000000000,
0000000000000000,
0000000000000000,
0000000000000000,
0000000000000000,
0000000000000000,
0000000000000000,
0000000000000000,
0000000000000000,
0000000000000000,
0000000000000000,
0000000000000000,
0000000000000000,
0000000000000000,
0000000000000000,
0000000000000000,
0000000000000000,
0000000000000000,
0000000000000000,
0000000000000000,
0000000000000000,
0000000000000000,
0000000000000000,
0000000000000000,
0000000000000000,
0000000000000000,
0000000000000000,
0000000000000000,
0000000000000000,
0000000000000000,
0000000000000000,
0000000000000000,
0000000000000000,
0000000000000000,
0000000000000000,
0000000000000000,
0000000000000000,
0000000000000000,
0000000000000000,
0000000000000000,
0000000000000000,
0000000000000000,
0000000000000000,
0000000000000000,
0000000000000000,
0000000000000000,
0000000000000000,
0000000000000000,
0000000000000000,
0000000000000000,
0000000000000000,
0000000000000000,
0000000000000000,
0000000000000000,
0000000000000000,
0000000000000000,
0000000000000000,
0000000000000000,
0000000000000000,
0000000000000000,
0000000000000000,
0000000000000000,
0000000000000000,
0000000000000000,
0000000000000000,
0000000000000000,
0000000000000000,
0000000000000000,
0000000000000000,
0000000000000000,
0000000000000000,
0000000000000000,
0000000000000000,
0000000000000000,
0000000000000000,
0000000000000000,
0000000000000000,
0000000000000000,
0000000000000000,
0000000000000000,
0000000000000000,
0000000000000000,
0000000000000000,
0000000000000000,
0000000000000000,
0000000000000000,
0000000000000000,
0000000000000000,
0000000000000000,
0000000000000000,
0000000000000000,
0000000000000000,
0000000000000000,
0000000000000000,
0000000000000000,
0000000000000000,
0000000000000000,
0000000000000000,
0000000000000000,
0000000000000000,
0000000000000000,
0000000000000000,
0000000000000000,
0000000000000000,
0000000000000000,
0000000000000000,
0000000000000000,
0000000000000000,
0000000000000000,
0000000000000000,
0000000000000000,
0000000000000000,
0000000000000000,
0000000000000000,
0000000000000000,
0000000000000000,
0000000000000000,
0000000000000000,
0000000000000000,
0000000000000000,
0000000000000000,
0000000000000000,
0000000000000000,
0000000000000000,
0000000000000000,
0000000000000000,
0000000000000000,
0000000000000000,
0000000000000000,
0000000000000000,
0000000000000000,
0000000000000000,
0000000000000000,
0000000000000000,
0000000000000000,
0000000000000000,
0000000000000000,
0000000000000000,
0000000000000000,
0000000000000000,
0000000000000000,
0000000000000000,
0000000000000000,
0000000000000000,
0000000000000000,
0000000000000000,
0000000000000000,
0000000000000000,
0000000000000000,
0000000000000000,
0000000000000000,
0000000000000000,
0000000000000000,
0000000000000000,
0000000000000000,
0000000000000000,
0000000000000000,
0000000000000000,
0000000000000000,
0000000000000000,
0000000000000000,
0000000000000000,
0000000000000000,
0000000000000000,
0000000000000000,
0000000000000000,
0000000000000000,
0000000000000000,
0000000000000000,
0000000000000000,
0000000000000000,
0000000000000000,
0000000000000000,
0000000000000000,
0000000000000000,
0000000000000000,
0000000000000000,
0000000000000000,
0000000000000000,
0000000000000000,
0000000000000000,
0000000000000000,
0000000000000000,
0000000000000000,
0000000000000000,
0000000000000000,
0000000000000000,
0000000000000000,
0000000000000000,
0000000000000000,
0000000000000000,
0000000000000000,
0000000000000000,
0000000000000000,
0000000000000000,
0000000000000000,
0000000000000000,
0000000000000000,
0000000000000000,
0000000000000000,
0000000000000000,
0000000000000000,
0000000000000000,
0000000000000000,
0000000000000000,
0000000000000000,
0000000000000000,
0000000000000000,
0000000000000000,
0000000000000000,
0000000000000000,
0000000000000000,
0000000000000000,
0000000000000000,
0000000000000000,
0000000000000000,
0000000000000000,
0000000000000000,
0000000000000000,
0000000000000000,
0000000000000000,
0000000000000000,
0000000000000000,
0000000000000000,
0000000000000000,
0000000000000000,
0000000000000000,
0000000000000000,
0000000000000000,
0000000000000000,
0000000000000000,
0000000000000000,
0000000000000000,
0000000000000000,
0000000000000000,
0000000000000000,
0000000000000000,
0000000000000000,
0000000000000000,
0000000000000000,
0000000000000000,
0000000000000000,
0000000000000000,
0000000000000000,
0000000000000000,
0000000000000000,
0000000000000000,
0000000000000000,
0000000000000000,
0000000000000000,
0000000000000000,
0000000000000000,
0000000000000000,
0000000000000000,
0000000000000000,
0000000000000000,
0000000000000000,
0000000000000000,
0000000000000000,
0000000000000000,
0000000000000000,
0000000000000000,
0000000000000000,
0000000000000000,
0000000000000000,
0000000000000000,
0000000000000000,
0000000000000000,
0000000000000000,
0000000000000000,
0000000000000000,
0000000000000000,
0000000000000000,
0000000000000000,
0000000000000000,
0000000000000000,
0000000000000000,
0000000000000000,
0000000000000000,
0000000000000000,
0000000000000000,
0000000000000000,
0000000000000000,
0000000000000000,
0000000000000000,
0000000000000000,
0000000000000000,
0000000000000000,
0000000000000000,
0000000000000000,
0000000000000000,
0000000000000000,
0000000000000000,
0000000000000000,
0000000000000000,
0000000000000000,
0000000000000000,
0000000000000000,
0000000000000000,
0000000000000000,
0000000000000000,
0000000000000000,
0000000000000000,
0000000000000000,
0000000000000000,
0000000000000000,
0000000000000000,
0000000000000000,
0000000000000000,
0000000000000000,
0000000000000000,
0000000000000000,
0000000000000000,
0000000000000000,
0000000000000000,
0000000000000000,
0000000000000000,
0000000000000000,
0000000000000000,
0000000000000000,
0000000000000000,
0000000000000000,
0000000000000000,
0000000000000000,
0000000000000000,
0000000000000000,
0000000000000000,
0000000000000000,
0000000000000000,
0000000000000000,
0000000000000000,
0000000000000000,
0000000000000000,
0000000000000000,
0000000000000000,
0000000000000000,
0000000000000000,
0000000000000000,
0000000000000000,
0000000000000000,
0000000000000000,
0000000000000000,
0000000000000000,
0000000000000000,
0000000000000000,
0000000000000000,
0000000000000000,
0000000000000000,
0000000000000000,
0000000000000000,
0000000000000000,
0000000000000000,
0000000000000000,
0000000000000000,
0000000000000000,
0000000000000000,
0000000000000000,
0000000000000000,
0000000000000000,
0000000000000000,
0000000000000000,
0000000000000000,
0000000000000000,
0000000000000000,
0000000000000000,
0000000000000000,
0000000000000000,
0000000000000000,
0000000000000000,
0000000000000000,
0000000000000000,
0000000000000000,
0000000000000000,
0000000000000000,
0000000000000000,
0000000000000000,
0000000000000000,
0000000000000000,
0000000000000000,
0000000000000000,
0000000000000000,
0000000000000000,
0000000000000000,
0000000000000000,
0000000000000000,
0000000000000000,
0000000000000000,
0000000000000000,
0000000000000000,
0000000000000000,
0000000000000000,
0000000000000000,
0000000000000000,
0000000000000000,
0000000000000000,
0000000000000000,
0000000000000000,
0000000000000000,
0000000000000000,
0000000000000000,
0000000000000000,
0000000000000000,
0000000000000000,
0000000000000000,
0000000000000000,
0000000000000000,
0000000000000000,
0000000000000000,
0000000000000000,
0000000000000000,
0000000000000000,
0000000000000000,
0000000000000000,
0000000000000000,
0000000000000000,
0000000000000000,
0000000000000000,
0000000000000000,
0000000000000000,
0000000000000000,
0000000000000000,
0000000000000000,
0000000000000000,
0000000000000000,
0000000000000000,
0000000000000000,
0000000000000000,
0000000000000000,
0000000000000000,
0000000000000000,
0000000000000000,
0000000000000000,
0000000000000000,
0000000000000000,
0000000000000000,
0000000000000000,
0000000000000000,
0000000000000000,
0000000000000000,
0000000000000000,
0000000000000000,
0000000000000000,
0000000000000000,
0000000000000000,
0000000000000000,
0000000000000000,
0000000000000000,
0000000000000000,
0000000000000000,
0000000000000000,
0000000000000000,
0000000000000000,
0000000000000000,
0000000000000000,
0000000000000000,
0000000000000000,
0000000000000000,
0000000000000000,
0000000000000000,
0000000000000000,
0000000000000000,
0000000000000000,
0000000000000000,
0000000000000000,
0000000000000000,
0000000000000000,
0000000000000000,
0000000000000000,
0000000000000000,
0000000000000000,
0000000000000000,
0000000000000000,
0000000000000000,
0000000000000000,
0000000000000000,
0000000000000000,
0000000000000000,
0000000000000000,
0000000000000000,
0000000000000000,
0000000000000000,
0000000000000000,
0000000000000000,
0000000000000000,
0000000000000000,
0000000000000000,
0000000000000000,
0000000000000000,
0000000000000000,
0000000000000000,
0000000000000000,
0000000000000000,
0000000000000000,
0000000000000000,
0000000000000000,
0000000000000000,
0000000000000000,
0000000000000000,
0000000000000000,
0000000000000000,
0000000000000000,
0000000000000000,
0000000000000000,
0000000000000000,
0000000000000000,
0000000000000000,
0000000000000000,
0000000000000000,
0000000000000000,
0000000000000000,
0000000000000000,
0000000000000000,
0000000000000000,
0000000000000000,
0000000000000000,
0000000000000000,
0000000000000000,
0000000000000000,
0000000000000000,
0000000000000000,
0000000000000000,
0000000000000000,
0000000000000000,
0000000000000000,
0000000000000000,
0000000000000000,
0000000000000000,
0000000000000000,
0000000000000000,
0000000000000000,
0000000000000000,
0000000000000000,
0000000000000000,
0000000000000000,
0000000000000000,
0000000000000000,
0000000000000000,
0000000000000000,
0000000000000000,
0000000000000000,
0000000000000000,
0000000000000000,
0000000000000000,
0000000000000000,
0000000000000000,
0000000000000000,
0000000000000000,
0000000000000000,
0000000000000000,
0000000000000000,
0000000000000000,
0000000000000000,
0000000000000000,
0000000000000000,
0000000000000000,
0000000000000000,
0000000000000000,
0000000000000000,
0000000000000000,
0000000000000000,
0000000000000000,
0000000000000000,
0000000000000000,
0000000000000000,
0000000000000000,
0000000000000000,
0000000000000000,
0000000000000000,
0000000000000000,
0000000000000000,
0000000000000000,
0000000000000000,
0000000000000000,
0000000000000000,
0000000000000000,
0000000000000000,
0000000000000000,
0000000000000000,
0000000000000000,
0000000000000000,
0000000000000000,
0000000000000000,
0000000000000000,
0000000000000000,
0000000000000000,
0000000000000000,
0000000000000000,
0000000000000000,
0000000000000000,
0000000000000000,
0000000000000000,
0000000000000000,
0000000000000000,
0000000000000000,
0000000000000000,
0000000000000000,
0000000000000000,
0000000000000000,
0000000000000000,
0000000000000000,
0000000000000000,
0000000000000000,
0000000000000000,
0000000000000000,
0000000000000000,
0000000000000000,
0000000000000000,
0000000000000000,
0000000000000000,
0000000000000000,
0000000000000000,
0000000000000000,
0000000000000000,
0000000000000000,
0000000000000000,
0000000000000000,
0000000000000000,
0000000000000000,
0000000000000000,
0000000000000000,
0000000000000000,
0000000000000000,
0000000000000000,
0000000000000000,
0000000000000000,
0000000000000000,
0000000000000000,
0000000000000000,
0000000000000000,
0000000000000000,
0000000000000000,
0000000000000000,
0000000000000000,
0000000000000000,
0000000000000000,
0000000000000000,
0000000000000000,
0000000000000000,
0000000000000000,
0000000000000000,
0000000000000000,
0000000000000000,
0000000000000000,
0000000000000000,
0000000000000000,
0000000000000000,
0000000000000000,
0000000000000000,
0000000000000000,
0000000000000000,
0000000000000000,
0000000000000000,
0000000000000000,
0000000000000000,
0000000000000000,
0000000000000000,
0000000000000000,
0000000000000000,
0000000000000000,
0000000000000000,
0000000000000000,
0000000000000000,
0000000000000000,
0000000000000000,
0000000000000000,
0000000000000000,
0000000000000000,
0000000000000000,
0000000000000000,
0000000000000000,
0000000000000000,
0000000000000000,
0000000000000000,
0000000000000000,
0000000000000000,
0000000000000000,
0000000000000000,
0000000000000000,
0000000000000000,
0000000000000000,
0000000000000000,
0000000000000000,
0000000000000000,
0000000000000000,
0000000000000000,
0000000000000000,
0000000000000000,
0000000000000000,
0000000000000000,
0000000000000000,
0000000000000000,
0000000000000000,
0000000000000000,
0000000000000000,
0000000000000000,
0000000000000000,
0000000000000000,
0000000000000000,
0000000000000000,
0000000000000000,
0000000000000000,
0000000000000000,
0000000000000000,
0000000000000000,
0000000000000000,
0000000000000000,
0000000000000000,
0000000000000000,
0000000000000000,
0000000000000000,
0000000000000000,
0000000000000000,
0000000000000000,
0000000000000000,
0000000000000000,
0000000000000000,
0000000000000000,
0000000000000000,
0000000000000000,
0000000000000000,
0000000000000000,
0000000000000000,
0000000000000000,
0000000000000000,
0000000000000000,
0000000000000000,
0000000000000000,
0000000000000000,
0000000000000000,
0000000000000000,
0000000000000000,
0000000000000000,
0000000000000000,
0000000000000000,
0000000000000000,
0000000000000000,
0000000000000000,
0000000000000000,
0000000000000000,
0000000000000000,
0000000000000000,
0000000000000000,
0000000000000000,
0000000000000000,
0000000000000000,
0000000000000000,
0000000000000000,
0000000000000000,
0000000000000000,
0000000000000000,
0000000000000000,
0000000000000000,
0000000000000000,
0000000000000000,
0000000000000000,
0000000000000000,
0000000000000000,
0000000000000000,
0000000000000000,
0000000000000000,
0000000000000000,
0000000000000000,
0000000000000000,
0000000000000000,
0000000000000000,
0000000000000000,
0000000000000000,
0000000000000000,
0000000000000000,
0000000000000000,
0000000000000000,
0000000000000000,
0000000000000000,
0000000000000000,
0000000000000000,
0000000000000000,
0000000000000000,
0000000000000000,
0000000000000000,
0000000000000000,
0000000000000000,
0000000000000000,
0000000000000000,
0000000000000000,
0000000000000000,
0000000000000000,
0000000000000000,
0000000000000000,
0000000000000000,
0000000000000000,
0000000000000000,
0000000000000000,
0000000000000000,
0000000000000000,
0000000000000000,
0000000000000000,
0000000000000000,
0000000000000000,
0000000000000000,
0000000000000000,
0000000000000000,
0000000000000000,
0000000000000000,
0000000000000000,
0000000000000000,
0000000000000000,
0000000000000000,
0000000000000000,
0000000000000000,
0000000000000000,
0000000000000000,
0000000000000000,
0000000000000000,
0000000000000000,
0000000000000000,
0000000000000000,
0000000000000000,
0000000000000000,
0000000000000000,
0000000000000000,
0000000000000000,
0000000000000000,
0000000000000000,
0000000000000000,
0000000000000000,
0000000000000000,
0000000000000000,
0000000000000000,
0000000000000000,
0000000000000000,
0000000000000000,
0000000000000000,
0000000000000000,
0000000000000000,
0000000000000000,
0000000000000000,
0000000000000000,
0000000000000000,
0000000000000000,
0000000000000000,
0000000000000000,
0000000000000000,
0000000000000000,
0000000000000000,
0000000000000000,
0000000000000000,
0000000000000000,
0000000000000000,
0000000000000000,
0000000000000000,
0000000000000000,
0000000000000000,
0000000000000000,
0000000000000000,
0000000000000000,
0000000000000000,
0000000000000000,
0000000000000000,
0000000000000000,
0000000000000000,
0000000000000000,
0000000000000000,
0000000000000000,
0000000000000000,
0000000000000000,
0000000000000000,
0000000000000000,
0000000000000000,
0000000000000000,
0000000000000000,
0000000000000000,
0000000000000000,
0000000000000000,
0000000000000000,
0000000000000000,
0000000000000000,
0000000000000000,
0000000000000000,
0000000000000000,
0000000000000000,
0000000000000000,
0000000000000000,
0000000000000000,
0000000000000000,
0000000000000000,
0000000000000000,
0000000000000000,
0000000000000000,
0000000000000000,
0000000000000000,
0000000000000000,
0000000000000000,
0000000000000000,
0000000000000000,
0000000000000000,
0000000000000000,
0000000000000000,
0000000000000000,
0000000000000000,
0000000000000000,
0000000000000000,
0000000000000000,
0000000000000000,
0000000000000000,
0000000000000000,
0000000000000000,
0000000000000000,
0000000000000000,
0000000000000000,
0000000000000000,
0000000000000000,
0000000000000000,
0000000000000000,
0000000000000000,
0000000000000000,
0000000000000000,
0000000000000000,
0000000000000000,
0000000000000000,
0000000000000000,
0000000000000000,
0000000000000000,
0000000000000000,
0000000000000000,
0000000000000000,
0000000000000000,
0000000000000000,
0000000000000000,
0000000000000000,
0000000000000000,
0000000000000000,
0000000000000000,
0000000000000000,
0000000000000000,
0000000000000000,
0000000000000000,
0000000000000000,
0000000000000000,
0000000000000000,
0000000000000000,
0000000000000000,
0000000000000000,
0000000000000000,
0000000000000000,
0000000000000000,
0000000000000000,
0000000000000000,
0000000000000000,
0000000000000000,
0000000000000000,
0000000000000000,
0000000000000000,
0000000000000000,
0000000000000000,
0000000000000000,
0000000000000000,
0000000000000000,
0000000000000000,
0000000000000000,
0000000000000000,
0000000000000000,
0000000000000000,
0000000000000000,
0000000000000000,
0000000000000000,
0000000000000000,
0000000000000000,
0000000000000000,
0000000000000000,
0000000000000000,
0000000000000000,
0000000000000000,
0000000000000000,
0000000000000000,
0000000000000000,
0000000000000000,
0000000000000000,
0000000000000000,
0000000000000000,
0000000000000000,
0000000000000000,
0000000000000000,
0000000000000000,
0000000000000000,
0000000000000000,
0000000000000000,
0000000000000000,
0000000000000000,
0000000000000000,
0000000000000000,
0000000000000000,
0000000000000000,
0000000000000000,
0000000000000000,
0000000000000000,
0000000000000000,
0000000000000000,
0000000000000000,
0000000000000000,
0000000000000000,
0000000000000000,
0000000000000000,
0000000000000000,
0000000000000000,
0000000000000000,
0000000000000000,
0000000000000000,
0000000000000000,
0000000000000000,
0000000000000000,
0000000000000000,
0000000000000000,
0000000000000000,
0000000000000000,
0000000000000000,
0000000000000000,
0000000000000000,
0000000000000000,
0000000000000000,
0000000000000000,
0000000000000000,
0000000000000000,
0000000000000000,
0000000000000000,
0000000000000000,
0000000000000000,
0000000000000000,
0000000000000000,
0000000000000000,
0000000000000000,
0000000000000000,
0000000000000000,
0000000000000000,
0000000000000000,
0000000000000000,
0000000000000000,
0000000000000000,
0000000000000000,
0000000000000000,
0000000000000000,
0000000000000000,
0000000000000000,
0000000000000000,
0000000000000000,
0000000000000000,
0000000000000000,
0000000000000000,
0000000000000000,
0000000000000000,
0000000000000000,
0000000000000000,
0000000000000000,
0000000000000000,
0000000000000000,
0000000000000000,
0000000000000000,
0000000000000000,
0000000000000000,
0000000000000000,
0000000000000000,
0000000000000000,
0000000000000000,
0000000000000000,
0000000000000000,
0000000000000000,
0000000000000000,
0000000000000000,
0000000000000000,
0000000000000000,
0000000000000000,
0000000000000000,
0000000000000000,
0000000000000000,
0000000000000000,
0000000000000000,
0000000000000000,
0000000000000000,
0000000000000000,
0000000000000000,
0000000000000000,
0000000000000000,
0000000000000000,
0000000000000000,
0000000000000000,
0000000000000000,
0000000000000000,
0000000000000000,
0000000000000000,
0000000000000000,
0000000000000000,
0000000000000000,
0000000000000000,
0000000000000000,
0000000000000000,
0000000000000000,
0000000000000000,
0000000000000000,
0000000000000000,
0000000000000000,
0000000000000000,
0000000000000000,
0000000000000000,
0000000000000000,
0000000000000000,
0000000000000000,
0000000000000000,
0000000000000000,
0000000000000000,
0000000000000000,
0000000000000000,
0000000000000000,
0000000000000000,
0000000000000000,
0000000000000000,
0000000000000000,
0000000000000000,
0000000000000000,
0000000000000000,
0000000000000000,
0000000000000000,
0000000000000000,
0000000000000000,
0000000000000000,
0000000000000000,
0000000000000000,
0000000000000000,
0000000000000000,
0000000000000000,
0000000000000000,
0000000000000000,
0000000000000000,
0000000000000000,
0000000000000000,
0000000000000000,
0000000000000000,
0000000000000000,
0000000000000000,
0000000000000000,
0000000000000000,
0000000000000000,
0000000000000000,
0000000000000000,
0000000000000000,
0000000000000000,
0000000000000000,
0000000000000000,
0000000000000000,
0000000000000000,
0000000000000000,
0000000000000000,
0000000000000000,
0000000000000000,
0000000000000000,
0000000000000000,
0000000000000000,
0000000000000000,
0000000000000000,
0000000000000000,
0000000000000000,
0000000000000000,
0000000000000000,
0000000000000000,
0000000000000000,
0000000000000000,
0000000000000000,
0000000000000000,
0000000000000000,
0000000000000000,
0000000000000000,
0000000000000000,
0000000000000000,
0000000000000000,
0000000000000000,
0000000000000000,
0000000000000000,
0000000000000000,
0000000000000000,
0000000000000000,
0000000000000000,
0000000000000000,
0000000000000000,
0000000000000000,
0000000000000000,
0000000000000000,
0000000000000000,
0000000000000000,
0000000000000000,
0000000000000000,
0000000000000000,
0000000000000000,
0000000000000000,
0000000000000000,
0000000000000000,
0000000000000000,
0000000000000000,
0000000000000000,
0000000000000000,
0000000000000000,
0000000000000000,
0000000000000000,
0000000000000000,
0000000000000000,
0000000000000000,
0000000000000000,
0000000000000000,
0000000000000000,
0000000000000000,
0000000000000000,
0000000000000000,
0000000000000000,
0000000000000000,
0000000000000000,
0000000000000000,
0000000000000000,
0000000000000000,
0000000000000000,
0000000000000000,
0000000000000000,
0000000000000000,
0000000000000000,
0000000000000000,
0000000000000000,
0000000000000000,
0000000000000000,
0000000000000000,
0000000000000000,
0000000000000000,
0000000000000000,
0000000000000000,
0000000000000000,
0000000000000000,
0000000000000000,
0000000000000000,
0000000000000000,
0000000000000000,
0000000000000000,
0000000000000000,
0000000000000000,
0000000000000000,
0000000000000000,
0000000000000000,
0000000000000000,
0000000000000000,
0000000000000000,
0000000000000000,
0000000000000000,
0000000000000000,
0000000000000000,
0000000000000000,
0000000000000000,
0000000000000000,
0000000000000000,
0000000000000000,
0000000000000000,
0000000000000000,
0000000000000000,
0000000000000000,
0000000000000000,
0000000000000000,
0000000000000000,
0000000000000000,
0000000000000000,
0000000000000000,
0000000000000000,
0000000000000000,
0000000000000000,
0000000000000000,
0000000000000000,
0000000000000000,
0000000000000000,
0000000000000000,
0000000000000000,
0000000000000000,
0000000000000000,
0000000000000000,
0000000000000000,
0000000000000000,
0000000000000000,
0000000000000000,
0000000000000000,
0000000000000000,
0000000000000000,
0000000000000000,
0000000000000000,
0000000000000000,
0000000000000000,
0000000000000000,
0000000000000000,
0000000000000000,
0000000000000000,
0000000000000000,
0000000000000000,
0000000000000000,
0000000000000000,
0000000000000000,
0000000000000000,
0000000000000000,
0000000000000000,
0000000000000000,
0000000000000000,
0000000000000000,
0000000000000000,
0000000000000000,
0000000000000000,
0000000000000000,
0000000000000000,
0000000000000000,
0000000000000000,
0000000000000000,
0000000000000000,
0000000000000000,
0000000000000000,
0000000000000000,
0000000000000000,
0000000000000000,
0000000000000000,
0000000000000000,
0000000000000000,
0000000000000000,
0000000000000000,
0000000000000000,
0000000000000000,
0000000000000000,
0000000000000000,
0000000000000000,
0000000000000000,
0000000000000000,
0000000000000000,
0000000000000000,
0000000000000000,
0000000000000000,
0000000000000000,
0000000000000000,
0000000000000000,
0000000000000000,
0000000000000000,
0000000000000000,
0000000000000000,
0000000000000000,
0000000000000000,
0000000000000000,
0000000000000000,
0000000000000000,
0000000000000000,
0000000000000000,
0000000000000000,
0000000000000000,
0000000000000000,
0000000000000000,
0000000000000000,
0000000000000000,
0000000000000000,
0000000000000000,
0000000000000000,
0000000000000000,
0000000000000000,
0000000000000000,
0000000000000000,
0000000000000000,
0000000000000000,
0000000000000000,
0000000000000000,
0000000000000000,
0000000000000000,
0000000000000000,
0000000000000000,
0000000000000000,
0000000000000000,
0000000000000000,
0000000000000000,
0000000000000000,
0000000000000000,
0000000000000000,
0000000000000000,
0000000000000000,
0000000000000000,
0000000000000000,
0000000000000000,
0000000000000000,
0000000000000000,
0000000000000000,
0000000000000000,
0000000000000000,
0000000000000000,
0000000000000000,
0000000000000000,
0000000000000000,
0000000000000000,
0000000000000000,
0000000000000000,
0000000000000000,
0000000000000000,
0000000000000000,
0000000000000000,
0000000000000000,
0000000000000000,
0000000000000000,
0000000000000000,
0000000000000000,
0000000000000000,
0000000000000000,
0000000000000000,
0000000000000000,
0000000000000000,
0000000000000000,
0000000000000000,
0000000000000000,
0000000000000000,
0000000000000000,
0000000000000000,
0000000000000000,
0000000000000000,
0000000000000000,
0000000000000000,
0000000000000000,
0000000000000000,
0000000000000000,
0000000000000000,
0000000000000000,
0000000000000000,
0000000000000000,
0000000000000000,
0000000000000000,
0000000000000000,
0000000000000000,
0000000000000000,
0000000000000000,
0000000000000000,
0000000000000000,
0000000000000000,
0000000000000000,
0000000000000000,
0000000000000000,
0000000000000000,
0000000000000000,
0000000000000000,
0000000000000000,
0000000000000000,
0000000000000000,
0000000000000000,
0000000000000000,
0000000000000000,
0000000000000000,
0000000000000000,
0000000000000000,
0000000000000000,
0000000000000000,
0000000000000000,
0000000000000000,
0000000000000000,
0000000000000000,
0000000000000000,
0000000000000000,
0000000000000000,
0000000000000000,
0000000000000000,
0000000000000000,
0000000000000000,
0000000000000000,
0000000000000000,
0000000000000000,
0000000000000000,
0000000000000000,
0000000000000000,
0000000000000000,
0000000000000000,
0000000000000000,
0000000000000000,
0000000000000000,
0000000000000000,
0000000000000000,
0000000000000000,
0000000000000000,
0000000000000000,
0000000000000000,
0000000000000000,
0000000000000000,
0000000000000000,
0000000000000000,
0000000000000000,
0000000000000000,
0000000000000000,
0000000000000000,
0000000000000000,
0000000000000000,
0000000000000000,
0000000000000000,
0000000000000000,
0000000000000000,
0000000000000000,
0000000000000000,
0000000000000000,
0000000000000000,
0000000000000000,
0000000000000000,
0000000000000000,
0000000000000000,
0000000000000000,
0000000000000000,
0000000000000000,
0000000000000000,
0000000000000000,
0000000000000000,
0000000000000000,
0000000000000000,
0000000000000000,
0000000000000000,
0000000000000000,
0000000000000000,
0000000000000000,
0000000000000000,
0000000000000000,
0000000000000000,
0000000000000000,
0000000000000000,
0000000000000000,
0000000000000000,
0000000000000000,
0000000000000000,
0000000000000000,
0000000000000000,
0000000000000000,
0000000000000000,
0000000000000000,
0000000000000000,
0000000000000000,
0000000000000000,
0000000000000000,
0000000000000000,
0000000000000000,
0000000000000000,
0000000000000000,
0000000000000000,
0000000000000000,
0000000000000000,
0000000000000000,
0000000000000000,
0000000000000000,
0000000000000000,
0000000000000000,
0000000000000000,
0000000000000000,
0000000000000000,
0000000000000000,
0000000000000000,
0000000000000000,
0000000000000000,
0000000000000000,
0000000000000000,
0000000000000000,
0000000000000000,
0000000000000000,
0000000000000000,
0000000000000000,
0000000000000000,
0000000000000000,
0000000000000000,
0000000000000000,
0000000000000000,
0000000000000000,
0000000000000000,
0000000000000000,
0000000000000000,
0000000000000000,
0000000000000000,
0000000000000000,
0000000000000000,
0000000000000000,
0000000000000000,
0000000000000000,
0000000000000000,
0000000000000000,
0000000000000000,
0000000000000000,
0000000000000000,
0000000000000000,
0000000000000000,
0000000000000000,
0000000000000000,
0000000000000000,
0000000000000000,
0000000000000000,
0000000000000000,
0000000000000000,
0000000000000000,
0000000000000000,
0000000000000000,
0000000000000000,
0000000000000000,
0000000000000000,
0000000000000000,
0000000000000000,
0000000000000000,
0000000000000000,
0000000000000000,
0000000000000000,
0000000000000000,
0000000000000000,
0000000000000000,
0000000000000000,
0000000000000000,
0000000000000000,
0000000000000000,
0000000000000000,
0000000000000000,
0000000000000000,
0000000000000000,
0000000000000000,
0000000000000000,
0000000000000000,
0000000000000000,
0000000000000000,
0000000000000000,
0000000000000000,
0000000000000000,
0000000000000000,
0000000000000000,
0000000000000000,
0000000000000000,
0000000000000000,
0000000000000000,
0000000000000000,
0000000000000000,
0000000000000000,
0000000000000000,
0000000000000000,
0000000000000000,
0000000000000000,
0000000000000000,
0000000000000000,
0000000000000000,
0000000000000000,
0000000000000000,
0000000000000000,
0000000000000000,
0000000000000000,
0000000000000000,
0000000000000000,
0000000000000000,
0000000000000000,
0000000000000000,
0000000000000000,
0000000000000000,
0000000000000000,
0000000000000000,
0000000000000000,
0000000000000000,
0000000000000000,
0000000000000000,
0000000000000000,
0000000000000000,
0000000000000000,
0000000000000000,
0000000000000000,
0000000000000000,
0000000000000000,
0000000000000000,
0000000000000000,
0000000000000000,
0000000000000000,
0000000000000000,
0000000000000000,
0000000000000000,
0000000000000000,
0000000000000000,
0000000000000000,
0000000000000000,
0000000000000000,
0000000000000000,
0000000000000000,
0000000000000000,
0000000000000000,
0000000000000000,
0000000000000000,
0000000000000000,
0000000000000000,
0000000000000000,
0000000000000000,
0000000000000000,
0000000000000000,
0000000000000000,
0000000000000000,
0000000000000000,
0000000000000000,
0000000000000000,
0000000000000000,
0000000000000000,
0000000000000000,
0000000000000000,
0000000000000000,
0000000000000000,
0000000000000000,
0000000000000000,
0000000000000000,
0000000000000000,
0000000000000000,
0000000000000000,
0000000000000000,
0000000000000000,
0000000000000000,
0000000000000000,
0000000000000000,
0000000000000000,
0000000000000000,
0000000000000000,
0000000000000000,
0000000000000000,
0000000000000000,
0000000000000000,
0000000000000000,
0000000000000000,
0000000000000000,
0000000000000000,
0000000000000000,
0000000000000000,
0000000000000000,
0000000000000000,
0000000000000000,
0000000000000000,
0000000000000000,
0000000000000000,
0000000000000000,
0000000000000000,
0000000000000000,
0000000000000000,
0000000000000000,
0000000000000000,
0000000000000000,
0000000000000000,
0000000000000000,
0000000000000000,
0000000000000000,
0000000000000000,
0000000000000000,
0000000000000000,
0000000000000000,
0000000000000000,
0000000000000000,
0000000000000000,
0000000000000000,
0000000000000000,
0000000000000000,
0000000000000000,
0000000000000000,
0000000000000000,
0000000000000000,
0000000000000000,
0000000000000000,
0000000000000000,
0000000000000000,
0000000000000000,
0000000000000000,
0000000000000000,
0000000000000000,
0000000000000000,
0000000000000000,
0000000000000000,
0000000000000000,
0000000000000000,
0000000000000000,
0000000000000000,
0000000000000000,
0000000000000000,
0000000000000000,
0000000000000000,
0000000000000000,
0000000000000000,
0000000000000000,
0000000000000000,
0000000000000000,
0000000000000000,
0000000000000000,
0000000000000000,
0000000000000000,
0000000000000000,
0000000000000000,
0000000000000000,
0000000000000000,
0000000000000000,
0000000000000000,
0000000000000000,
0000000000000000,
0000000000000000,
0000000000000000,
0000000000000000,
0000000000000000,
0000000000000000,
0000000000000000,
0000000000000000,
0000000000000000,
0000000000000000,
0000000000000000,
0000000000000000,
0000000000000000,
0000000000000000,
0000000000000000,
0000000000000000,
0000000000000000,
0000000000000000,
0000000000000000,
0000000000000000,
0000000000000000,
0000000000000000,
0000000000000000,
0000000000000000,
0000000000000000,
0000000000000000,
0000000000000000,
0000000000000000,
0000000000000000,
0000000000000000,
0000000000000000,
0000000000000000,
0000000000000000,
0000000000000000,
0000000000000000,
0000000000000000,
0000000000000000,
0000000000000000,
0000000000000000,
0000000000000000,
0000000000000000,
0000000000000000,
0000000000000000,
0000000000000000,
0000000000000000,
0000000000000000,
0000000000000000,
0000000000000000,
0000000000000000,
0000000000000000,
0000000000000000,
0000000000000000,
0000000000000000,
0000000000000000,
0000000000000000,
0000000000000000,
0000000000000000,
0000000000000000,
0000000000000000,
0000000000000000,
0000000000000000,
0000000000000000,
0000000000000000,
0000000000000000,
0000000000000000,
0000000000000000,
0000000000000000,
0000000000000000,
0000000000000000,
0000000000000000,
0000000000000000,
0000000000000000,
0000000000000000,
0000000000000000,
0000000000000000,
0000000000000000,
0000000000000000,
0000000000000000,
0000000000000000,
0000000000000000,
0000000000000000,
0000000000000000,
0000000000000000,
0000000000000000,
0000000000000000,
0000000000000000,
0000000000000000,
0000000000000000,
0000000000000000,
0000000000000000,
0000000000000000,
0000000000000000,
0000000000000000,
0000000000000000,
0000000000000000,
0000000000000000,
0000000000000000,
0000000000000000,
0000000000000000,
0000000000000000,
0000000000000000,
0000000000000000,
0000000000000000,
0000000000000000,
0000000000000000,
0000000000000000,
0000000000000000,
0000000000000000,
0000000000000000,
0000000000000000,
0000000000000000,
0000000000000000,
0000000000000000,
0000000000000000,
0000000000000000,
0000000000000000,
0000000000000000,
0000000000000000,
0000000000000000,
0000000000000000,
0000000000000000,
0000000000000000,
0000000000000000,
0000000000000000,
0000000000000000,
0000000000000000,
0000000000000000,
0000000000000000,
0000000000000000,
0000000000000000,
0000000000000000,
0000000000000000,
0000000000000000,
0000000000000000,
0000000000000000,
0000000000000000,
0000000000000000,
0000000000000000,
0000000000000000,
0000000000000000,
0000000000000000,
0000000000000000,
0000000000000000,
0000000000000000,
0000000000000000,
0000000000000000,
0000000000000000,
0000000000000000,
0000000000000000,
0000000000000000,
0000000000000000,
0000000000000000,
0000000000000000,
0000000000000000,
0000000000000000,
0000000000000000,
0000000000000000,
0000000000000000,
0000000000000000,
0000000000000000,
0000000000000000,
0000000000000000,
0000000000000000,
0000000000000000,
0000000000000000,
0000000000000000,
0000000000000000,
0000000000000000,
0000000000000000,
0000000000000000,
0000000000000000,
0000000000000000,
0000000000000000,
0000000000000000,
0000000000000000,
0000000000000000,
0000000000000000,
0000000000000000,
0000000000000000,
0000000000000000,
0000000000000000,
0000000000000000,
0000000000000000,
0000000000000000,
0000000000000000,
0000000000000000,
0000000000000000,
0000000000000000,
0000000000000000,
0000000000000000,
0000000000000000,
0000000000000000,
0000000000000000,
0000000000000000,
0000000000000000,
0000000000000000,
0000000000000000,
0000000000000000,
0000000000000000,
0000000000000000,
0000000000000000,
0000000000000000,
0000000000000000,
0000000000000000,
0000000000000000,
0000000000000000,
0000000000000000,
0000000000000000,
0000000000000000,
0000000000000000,
0000000000000000,
0000000000000000,
0000000000000000,
0000000000000000,
0000000000000000,
0000000000000000,
0000000000000000,
0000000000000000,
0000000000000000,
0000000000000000,
0000000000000000,
0000000000000000,
0000000000000000,
0000000000000000,
0000000000000000,
0000000000000000,
0000000000000000,
0000000000000000,
0000000000000000,
0000000000000000,
0000000000000000,
0000000000000000,
0000000000000000,
0000000000000000,
0000000000000000,
0000000000000000,
0000000000000000,
0000000000000000,
0000000000000000,
0000000000000000,
0000000000000000,
0000000000000000,
0000000000000000,
0000000000000000,
0000000000000000,
0000000000000000,
0000000000000000,
0000000000000000,
0000000000000000,
0000000000000000,
0000000000000000,
0000000000000000,
0000000000000000,
0000000000000000,
0000000000000000,
0000000000000000,
0000000000000000,
0000000000000000,
0000000000000000,
0000000000000000,
0000000000000000,
0000000000000000,
0000000000000000,
0000000000000000,
0000000000000000,
0000000000000000,
0000000000000000,
0000000000000000,
0000000000000000,
0000000000000000,
0000000000000000,
0000000000000000,
0000000000000000,
0000000000000000,
0000000000000000,
0000000000000000,
0000000000000000,
0000000000000000,
0000000000000000,
0000000000000000,
0000000000000000,
0000000000000000,
0000000000000000,
0000000000000000,
0000000000000000,
0000000000000000,
0000000000000000,
0000000000000000,
0000000000000000,
0000000000000000,
0000000000000000,
0000000000000000,
0000000000000000,
0000000000000000,
0000000000000000,
0000000000000000,
0000000000000000,
0000000000000000,
0000000000000000,
0000000000000000,
0000000000000000,
0000000000000000,
0000000000000000,
0000000000000000,
0000000000000000,
0000000000000000,
0000000000000000,
0000000000000000,
0000000000000000,
0000000000000000,
0000000000000000,
0000000000000000,
0000000000000000,
0000000000000000,
0000000000000000,
0000000000000000,
0000000000000000,
0000000000000000,
0000000000000000,
0000000000000000,
0000000000000000,
0000000000000000,
0000000000000000,
0000000000000000,
0000000000000000,
0000000000000000,
0000000000000000,
0000000000000000,
0000000000000000,
0000000000000000,
0000000000000000,
0000000000000000,
0000000000000000,
0000000000000000,
0000000000000000,
0000000000000000,
0000000000000000,
0000000000000000,
0000000000000000,
0000000000000000,
0000000000000000,
0000000000000000,
0000000000000000,
0000000000000000,
0000000000000000,
0000000000000000,
0000000000000000,
0000000000000000,
0000000000000000,
0000000000000000,
0000000000000000,
0000000000000000,
0000000000000000,
0000000000000000,
0000000000000000,
0000000000000000,
0000000000000000,
0000000000000000,
0000000000000000,
0000000000000000,
0000000000000000,
0000000000000000,
0000000000000000,
0000000000000000,
0000000000000000,
0000000000000000,
0000000000000000,
0000000000000000,
0000000000000000,
0000000000000000,
0000000000000000,
0000000000000000,
0000000000000000,
0000000000000000,
0000000000000000,
0000000000000000,
0000000000000000,
0000000000000000,
0000000000000000,
0000000000000000,
0000000000000000,
0000000000000000,
0000000000000000,
0000000000000000,
0000000000000000,
0000000000000000,
0000000000000000,
0000000000000000,
0000000000000000,
0000000000000000,
0000000000000000,
0000000000000000,
0000000000000000,
0000000000000000,
0000000000000000,
0000000000000000,
0000000000000000,
0000000000000000,
0000000000000000,
0000000000000000,
0000000000000000,
0000000000000000,
0000000000000000,
0000000000000000,
0000000000000000,
0000000000000000,
0000000000000000,
0000000000000000,
0000000000000000,
0000000000000000,
0000000000000000,
0000000000000000,
0000000000000000,
0000000000000000,
0000000000000000,
0000000000000000,
0000000000000000,
0000000000000000,
0000000000000000,
0000000000000000,
0000000000000000,
0000000000000000,
0000000000000000,
0000000000000000,
0000000000000000,
0000000000000000,
0000000000000000,
0000000000000000,
0000000000000000,
0000000000000000,
0000000000000000,
0000000000000000,
0000000000000000,
0000000000000000,
0000000000000000,
0000000000000000,
0000000000000000,
0000000000000000,
0000000000000000,
0000000000000000,
0000000000000000,
0000000000000000,
0000000000000000,
0000000000000000,
0000000000000000,
0000000000000000,
0000000000000000,
0000000000000000,
0000000000000000,
0000000000000000,
0000000000000000,
0000000000000000,
0000000000000000,
0000000000000000,
0000000000000000,
0000000000000000,
0000000000000000,
0000000000000000,
0000000000000000,
0000000000000000,
0000000000000000,
0000000000000000,
0000000000000000,
0000000000000000,
0000000000000000,
0000000000000000,
0000000000000000,
0000000000000000,
0000000000000000,
0000000000000000,
0000000000000000,
0000000000000000,
0000000000000000,
0000000000000000,
0000000000000000,
0000000000000000,
0000000000000000,
0000000000000000,
0000000000000000,
0000000000000000,
0000000000000000,
0000000000000000,
0000000000000000,
0000000000000000,
0000000000000000,
0000000000000000,
0000000000000000,
0000000000000000,
0000000000000000,
0000000000000000,
0000000000000000,
0000000000000000,
0000000000000000,
0000000000000000,
0000000000000000,
0000000000000000,
0000000000000000,
0000000000000000,
0000000000000000,
0000000000000000,
0000000000000000,
0000000000000000,
0000000000000000,
0000000000000000,
0000000000000000,
0000000000000000,
0000000000000000,
0000000000000000,
0000000000000000,
0000000000000000,
0000000000000000,
0000000000000000,
0000000000000000,
0000000000000000,
0000000000000000,
0000000000000000,
0000000000000000,
0000000000000000,
0000000000000000,
0000000000000000,
0000000000000000,
0000000000000000,
0000000000000000,
0000000000000000,
0000000000000000,
0000000000000000,
0000000000000000,
0000000000000000,
0000000000000000,
0000000000000000,
0000000000000000,
0000000000000000,
0000000000000000,
0000000000000000,
0000000000000000,
0000000000000000,
0000000000000000,
0000000000000000,
0000000000000000,
0000000000000000,
0000000000000000,
0000000000000000,
0000000000000000,
0000000000000000,
0000000000000000,
0000000000000000,
0000000000000000,
0000000000000000,
0000000000000000,
0000000000000000,
0000000000000000,
0000000000000000,
0000000000000000,
0000000000000000,
0000000000000000,
0000000000000000,
0000000000000000,
0000000000000000,
0000000000000000,
0000000000000000,
0000000000000000,
0000000000000000,
0000000000000000,
0000000000000000,
0000000000000000,
0000000000000000,
0000000000000000,
0000000000000000,
0000000000000000,
0000000000000000,
0000000000000000,
0000000000000000,
0000000000000000,
0000000000000000,
0000000000000000,
0000000000000000,
0000000000000000,
0000000000000000,
0000000000000000,
0000000000000000,
0000000000000000,
0000000000000000,
0000000000000000,
0000000000000000,
0000000000000000,
0000000000000000,
0000000000000000,
0000000000000000,
0000000000000000,
0000000000000000,
0000000000000000,
0000000000000000,
0000000000000000,
0000000000000000,
0000000000000000,
0000000000000000,
0000000000000000,
0000000000000000,
0000000000000000,
0000000000000000,
0000000000000000,
0000000000000000,
0000000000000000,
0000000000000000,
0000000000000000,
0000000000000000,
0000000000000000,
0000000000000000,
0000000000000000,
0000000000000000,
0000000000000000,
0000000000000000,
0000000000000000,
0000000000000000,
0000000000000000,
0000000000000000,
0000000000000000,
0000000000000000,
0000000000000000,
0000000000000000,
0000000000000000,
0000000000000000,
0000000000000000,
0000000000000000,
0000000000000000,
0000000000000000,
0000000000000000,
0000000000000000,
0000000000000000,
0000000000000000,
0000000000000000,
0000000000000000,
0000000000000000,
0000000000000000,
0000000000000000,
0000000000000000,
0000000000000000,
0000000000000000,
0000000000000000,
0000000000000000,
0000000000000000,
0000000000000000,
0000000000000000,
0000000000000000,
0000000000000000,
0000000000000000,
0000000000000000,
0000000000000000,
0000000000000000,
0000000000000000,
0000000000000000,
0000000000000000,
0000000000000000,
0000000000000000,
0000000000000000,
0000000000000000,
0000000000000000,
0000000000000000,
0000000000000000,
0000000000000000,
0000000000000000,
0000000000000000,
0000000000000000,
0000000000000000,
0000000000000000,
0000000000000000,
0000000000000000,
0000000000000000,
0000000000000000,
0000000000000000,
0000000000000000,
0000000000000000,
0000000000000000,
0000000000000000,
0000000000000000,
0000000000000000,
0000000000000000,
0000000000000000,
0000000000000000,
0000000000000000,
0000000000000000,
0000000000000000,
0000000000000000,
0000000000000000,
0000000000000000,
0000000000000000,
0000000000000000,
0000000000000000,
0000000000000000,
0000000000000000,
0000000000000000,
0000000000000000,
0000000000000000,
0000000000000000,
0000000000000000,
0000000000000000,
0000000000000000,
0000000000000000,
0000000000000000,
0000000000000000,
0000000000000000,
0000000000000000,
0000000000000000,
0000000000000000,
0000000000000000,
0000000000000000,
0000000000000000,
0000000000000000,
0000000000000000,
0000000000000000,
0000000000000000,
0000000000000000,
0000000000000000,
0000000000000000,
0000000000000000,
0000000000000000,
0000000000000000,
0000000000000000,
0000000000000000,
0000000000000000,
0000000000000000,
0000000000000000,
0000000000000000,
0000000000000000,
0000000000000000,
0000000000000000,
0000000000000000,
0000000000000000,
0000000000000000,
0000000000000000,
0000000000000000,
0000000000000000,
0000000000000000,
0000000000000000,
0000000000000000,
0000000000000000,
0000000000000000,
0000000000000000,
0000000000000000,
0000000000000000,
0000000000000000,
0000000000000000,
0000000000000000,
0000000000000000,
0000000000000000,
0000000000000000,
0000000000000000,
0000000000000000,
0000000000000000,
0000000000000000,
0000000000000000,
0000000000000000,
0000000000000000,
0000000000000000,
0000000000000000,
0000000000000000,
0000000000000000,
0000000000000000,
0000000000000000,
0000000000000000,
0000000000000000,
0000000000000000,
0000000000000000,
0000000000000000,
0000000000000000,
0000000000000000,
0000000000000000,
0000000000000000,
0000000000000000,
0000000000000000,
0000000000000000,
0000000000000000,
0000000000000000,
0000000000000000,
0000000000000000,
0000000000000000,
0000000000000000,
0000000000000000,
0000000000000000,
0000000000000000,
0000000000000000,
0000000000000000,
0000000000000000,
0000000000000000,
0000000000000000,
0000000000000000,
0000000000000000,
0000000000000000,
0000000000000000,
0000000000000000,
0000000000000000,
0000000000000000,
0000000000000000,
0000000000000000,
0000000000000000,
0000000000000000,
0000000000000000,
0000000000000000,
0000000000000000,
0000000000000000,
0000000000000000,
0000000000000000,
0000000000000000,
0000000000000000,
0000000000000000,
0000000000000000,
0000000000000000,
0000000000000000,
0000000000000000,
0000000000000000,
0000000000000000,
0000000000000000,
0000000000000000,
0000000000000000,
0000000000000000,
0000000000000000,
0000000000000000,
0000000000000000,
0000000000000000,
0000000000000000,
0000000000000000,
0000000000000000,
0000000000000000,
0000000000000000,
0000000000000000,
0000000000000000,
0000000000000000,
0000000000000000,
0000000000000000,
0000000000000000,
0000000000000000,
0000000000000000,
0000000000000000,
0000000000000000,
0000000000000000,
0000000000000000,
0000000000000000,
0000000000000000,
0000000000000000,
0000000000000000,
0000000000000000,
0000000000000000,
0000000000000000,
0000000000000000,
0000000000000000,
0000000000000000,
0000000000000000,
0000000000000000,
0000000000000000,
0000000000000000,
0000000000000000,
0000000000000000,
0000000000000000,
0000000000000000,
0000000000000000,
0000000000000000,
0000000000000000,
0000000000000000,
0000000000000000,
0000000000000000,
0000000000000000,
0000000000000000,
0000000000000000,
0000000000000000,
0000000000000000,
0000000000000000,
0000000000000000,
0000000000000000,
0000000000000000,
0000000000000000,
0000000000000000,
0000000000000000,
0000000000000000,
0000000000000000,
0000000000000000,
0000000000000000,
0000000000000000,
0000000000000000,
0000000000000000,
0000000000000000,
0000000000000000,
0000000000000000,
0000000000000000,
0000000000000000,
0000000000000000,
0000000000000000,
0000000000000000,
0000000000000000,
0000000000000000,
0000000000000000,
0000000000000000,
0000000000000000,
0000000000000000,
0000000000000000,
0000000000000000,
0000000000000000,
0000000000000000,
0000000000000000,
0000000000000000,
0000000000000000,
0000000000000000,
0000000000000000,
0000000000000000,
0000000000000000,
0000000000000000,
0000000000000000,
0000000000000000,
0000000000000000,
0000000000000000,
0000000000000000,
0000000000000000,
0000000000000000,
0000000000000000,
0000000000000000,
0000000000000000,
0000000000000000,
0000000000000000,
0000000000000000,
0000000000000000,
0000000000000000,
0000000000000000,
0000000000000000,
0000000000000000,
0000000000000000,
0000000000000000,
0000000000000000,
0000000000000000,
0000000000000000,
0000000000000000,
0000000000000000,
0000000000000000,
0000000000000000,
0000000000000000,
0000000000000000,
0000000000000000,
0000000000000000,
0000000000000000,
0000000000000000,
0000000000000000,
0000000000000000,
0000000000000000,
0000000000000000,
0000000000000000,
0000000000000000,
0000000000000000,
0000000000000000,
0000000000000000,
0000000000000000,
0000000000000000,
0000000000000000,
0000000000000000,
0000000000000000,
0000000000000000,
0000000000000000,
0000000000000000,
0000000000000000,
0000000000000000,
0000000000000000,
0000000000000000,
0000000000000000,
0000000000000000,
0000000000000000,
0000000000000000,
0000000000000000,
0000000000000000,
0000000000000000,
0000000000000000,
0000000000000000,
0000000000000000,
0000000000000000,
0000000000000000,
0000000000000000,
0000000000000000,
0000000000000000,
0000000000000000,
0000000000000000,
0000000000000000,
0000000000000000,
0000000000000000,
0000000000000000,
0000000000000000,
0000000000000000,
0000000000000000,
0000000000000000,
0000000000000000,
0000000000000000,
0000000000000000,
0000000000000000,
0000000000000000,
0000000000000000,
0000000000000000,
0000000000000000,
0000000000000000,
0000000000000000,
0000000000000000,
0000000000000000,
0000000000000000,
0000000000000000,
0000000000000000,
0000000000000000,
0000000000000000,
0000000000000000,
0000000000000000,
0000000000000000,
0000000000000000,
0000000000000000,
0000000000000000,
0000000000000000,
0000000000000000,
0000000000000000,
0000000000000000,
0000000000000000,
0000000000000000,
0000000000000000,
0000000000000000,
0000000000000000,
0000000000000000,
0000000000000000,
0000000000000000,
0000000000000000,
0000000000000000,
0000000000000000,
0000000000000000,
0000000000000000,
0000000000000000,
0000000000000000,
0000000000000000,
0000000000000000,
0000000000000000,
0000000000000000,
0000000000000000,
0000000000000000,
0000000000000000,
0000000000000000,
0000000000000000,
0000000000000000,
0000000000000000,
0000000000000000,
0000000000000000,
0000000000000000,
0000000000000000,
0000000000000000,
0000000000000000,
0000000000000000,
0000000000000000,
0000000000000000,
0000000000000000,
0000000000000000,
0000000000000000,
0000000000000000,
0000000000000000,
0000000000000000,
0000000000000000,
0000000000000000,
0000000000000000,
0000000000000000,
0000000000000000,
0000000000000000,
0000000000000000,
0000000000000000,
0000000000000000,
0000000000000000,
0000000000000000,
0000000000000000,
0000000000000000,
0000000000000000,
0000000000000000,
0000000000000000,
0000000000000000,
0000000000000000,
0000000000000000,
0000000000000000,
0000000000000000,
0000000000000000,
0000000000000000,
0000000000000000,
0000000000000000,
0000000000000000,
0000000000000000,
0000000000000000,
0000000000000000,
0000000000000000,
0000000000000000,
0000000000000000,
0000000000000000,
0000000000000000,
0000000000000000,
0000000000000000,
0000000000000000,
0000000000000000,
0000000000000000,
0000000000000000,
0000000000000000,
0000000000000000,
0000000000000000,
0000000000000000,
0000000000000000,
0000000000000000,
0000000000000000,
0000000000000000,
0000000000000000,
0000000000000000,
0000000000000000,
0000000000000000,
0000000000000000,
0000000000000000,
0000000000000000,
0000000000000000,
0000000000000000,
0000000000000000,
0000000000000000,
0000000000000000,
0000000000000000,
0000000000000000,
0000000000000000,
0000000000000000,
0000000000000000,
0000000000000000,
0000000000000000,
0000000000000000,
0000000000000000,
0000000000000000,
0000000000000000,
0000000000000000,
0000000000000000,
0000000000000000,
0000000000000000,
0000000000000000,
0000000000000000,
0000000000000000,
0000000000000000,
0000000000000000,
0000000000000000,
0000000000000000,
0000000000000000,
0000000000000000,
0000000000000000,
0000000000000000,
0000000000000000,
0000000000000000,
0000000000000000,
0000000000000000,
0000000000000000,
0000000000000000,
0000000000000000,
0000000000000000,
0000000000000000,
0000000000000000,
0000000000000000,
0000000000000000,
0000000000000000,
0000000000000000,
0000000000000000,
0000000000000000,
0000000000000000,
0000000000000000,
0000000000000000,
0000000000000000,
0000000000000000,
0000000000000000,
0000000000000000,
0000000000000000,
0000000000000000,
0000000000000000,
0000000000000000,
0000000000000000,
0000000000000000,
0000000000000000,
0000000000000000,
0000000000000000,
0000000000000000,
0000000000000000,
0000000000000000,
0000000000000000,
0000000000000000,
0000000000000000,
0000000000000000,
0000000000000000,
0000000000000000,
0000000000000000,
0000000000000000,
0000000000000000,
0000000000000000,
0000000000000000,
0000000000000000,
0000000000000000,
0000000000000000,
0000000000000000,
0000000000000000,
0000000000000000,
0000000000000000,
0000000000000000,
0000000000000000,
0000000000000000,
0000000000000000,
0000000000000000,
0000000000000000,
0000000000000000,
0000000000000000,
0000000000000000,
0000000000000000,
0000000000000000,
0000000000000000,
0000000000000000,
0000000000000000,
0000000000000000,
0000000000000000,
0000000000000000,
0000000000000000,
0000000000000000,
0000000000000000,
0000000000000000,
0000000000000000,
0000000000000000,
0000000000000000,
0000000000000000,
0000000000000000,
0000000000000000,
0000000000000000,
0000000000000000,
0000000000000000,
0000000000000000,
0000000000000000,
0000000000000000,
0000000000000000,
0000000000000000,
0000000000000000,
0000000000000000,
0000000000000000,
0000000000000000,
0000000000000000,
0000000000000000,
0000000000000000,
0000000000000000,
0000000000000000,
0000000000000000,
0000000000000000,
0000000000000000,
0000000000000000,
0000000000000000,
0000000000000000,
0000000000000000,
0000000000000000,
0000000000000000,
0000000000000000,
0000000000000000,
0000000000000000,
0000000000000000,
0000000000000000,
0000000000000000,
0000000000000000,
0000000000000000,
0000000000000000,
0000000000000000,
0000000000000000,
0000000000000000,
0000000000000000,
0000000000000000,
0000000000000000,
0000000000000000,
0000000000000000,
0000000000000000,
0000000000000000,
0000000000000000,
0000000000000000,
0000000000000000,
0000000000000000,
0000000000000000,
0000000000000000,
0000000000000000,
0000000000000000,
0000000000000000,
0000000000000000,
0000000000000000;
