memory_initialization_radix=2;
memory_initialization_vector=
1111111111111111111110001001000010110001,
1111111111111111111111011010001110110100,
0000000000000000000000110101110100110010,
0000000000000000000000000101110010001110,
1111111111111111111111100110000110010110,
1111111111111111111111101001001000100101,
1111111111111111111111010110001011010100,
1111111111111111111111101100010001000110,
0000000000000000000000010011000011000111,
0000000000000000000000000011001000000101,
0000000000000000000000101100101110101110,
0000000000000000000000000001001101100000,
0000000000000000000000000101000010011101,
1111111111111111111111010101110010100111,
0000000000000000000000111000101111100100,
0000000000000000000000001111010011110011,
1111111111111111111111010110011101100011,
1111111111111111111111010010111100111101,
0000000000000000000000011100111100011111,
1111111111111111111111100110110111100100,
0000000000000000000000100101111010110111,
1111111111111111111111101100011011001000,
1111111111111111111111101101101100000000,
1111111111111111111111110000001011001010,
0000000000000000000000010000111111111100,
0000000000000000000000011001111000110011,
0000000000000000000000010000110101011101,
1111111111111111111111111010010001111010,
1111111111111111111111101000110011111010,
0000000000000000000000001100010010101111,
1111111111111111111111011010100000111000,
0000000000000000000000111010000110101111,
0000000000000000000000011010000100010100,
0000000000000000000000000100011101000110,
1111111111111111111111100110100101101010,
0000000000000000000000011001100101001000,
0000000000000000000000111100000100100010,
0000000000000000000000110111100111110111,
1111111111111111111111111101101000101101,
0000000000000000000000010101111100110111,
1111111111111111111111100010011010001100,
0000000000000000000000001010011101111010,
1111111111111111111111110101010111011111,
0000000000000000000000000000110011111000,
1111111111111111111111010111001001000100,
0000000000000000000000000010110111100101,
1111111111111111111111001111101010001101,
0000000000000000000000110110001101000101,
0000000000000000000000000011100101101000,
1111111111111111111111111000101000100000,
1111111111111111111111101101001010000110,
0000000000000000000000001001110001011100,
1111111111111111111111011100010100110001,
0000000000000000000000001000111110111010,
0000000000000000000000001110101011110110,
0000000000000000000000001011010100011000,
0000000000000000000000011101001110000000,
1111111111111111111111110010101100100010,
1111111111111111111111111001101110111111,
1111111111111111111111010110000001111101,
0000000000000000000000110010000100010111,
1111111111111111111111011110110100000011,
1111111111111111111111001111101101110001,
0000000000000000000000100010110001101001,
1111111111111111111111011010001110110100,
1111111111111111111100011101110011001010,
0000000000000000000010110000111111000111,
0000000000000000000000000101001101100110,
1111111111111111111111000100011001100010,
1111111111111111111111000010111111001011,
1111111111111111111101111100111111110001,
1111111111111111111110111110001100001111,
0000000000000000000001000010011000100110,
1111111111111111111111110001011010110011,
0000000000000000000010000011101010111100,
1111111111111111111111111010111111001101,
0000000000000000000000001000101010111101,
1111111111111111111110010001100101010100,
0000000000000000000010100111100000011101,
0000000000000000000000101010110000110100,
1111111111111111111110000011001100000010,
1111111111111111111101111111010000000111,
0000000000000000000001010001010110011110,
1111111111111111111110010111111101000000,
0000000000000000000001100111111010111101,
1111111111111111111110111000100111000110,
1111111111111111111111010110110000000110,
1111111111111111111111001000110110110110,
0000000000000000000000101001000110001101,
0000000000000000000001100001000010111000,
0000000000000000000001001000010010111000,
1111111111111111111111100010010101100100,
1111111111111111111110110101110010111101,
0000000000000000000000110000110001001010,
1111111111111111111110001011011000000000,
0000000000000000000010101011110101000100,
0000000000000000000001000011101001010001,
1111111111111111111111111101011110011011,
1111111111111111111110011101110100000000,
0000000000000000000001001010010101000111,
0000000000000000000010111111111001010110,
0000000000000000000011001001110101101010,
0000000000000000000000000111001001111110,
0000000000000000000000111110100100111111,
1111111111111111111110110110010101100000,
0000000000000000000000011101000011110110,
1111111111111111111111100110101011111111,
0000000000000000000000011011001011010011,
1111111111111111111101111101010100111010,
0000000000000000000000010001110011100110,
1111111111111111111101100011100100000000,
0000000000000000000010110111011110101100,
0000000000000000000000010001110001110011,
1111111111111111111111100011011000110001,
1111111111111111111111010000001011011000,
0000000000000000000000011011001101010010,
1111111111111111111110010011011101111110,
0000000000000000000000010011100000110011,
0000000000000000000001000110101000111100,
0000000000000000000000011111010010000110,
0000000000000000000001010000101100110000,
1111111111111111111111011101011100110000,
0000000000000000000000000101101001011000,
1111111111111111111110000000011111111011,
0000000000000000000010011110110101011111,
1111111111111111111110010001011110110101,
1111111111111111111101100011111110110010,
0000000000000000000001111100101101010000,
0000000000000000000000110101110100110010,
0000000000000000000010110000111111000111,
1111111111111111111010000010100011010011,
0000000000000000000000010001010011011001,
0000000000000000000000101101100000110111,
0000000000000000000001000100101001111011,
0000000000000000000010111111011001010111,
0000000000000000000001100111110111011100,
1111111111111111111110010010000010110010,
0000000000000000000001000100010110111101,
1111111111111111111101001111111010110110,
0000000000000000000000011000010100101000,
0000000000000000000000000001000011110010,
0000000000000000000001110111001111010111,
1111111111111111111100011111000001100011,
1111111111111111111111001011100010111001,
0000000000000000000010101100000111101000,
0000000000000000000010100100001111111000,
1111111111111111111110011011001000001111,
0000000000000000000011001000111001111100,
1111111111111111111110000100110110100000,
0000000000000000000001111011101111011010,
0000000000000000000000011101001010001101,
0000000000000000000001011011010100100011,
1111111111111111111111011011011010011100,
1111111111111111111101010011011010010110,
1111111111111111111101110000100111001100,
0000000000000000000001000010000000110101,
0000000000000000000001101111011100001100,
1111111111111111111110100100111011111011,
0000000000000000000010101000110110110000,
1111111111111111111100011000100110100001,
1111111111111111111110111000001101100111,
0000000000000000000000100011100000000000,
0000000000000000000010110011010101110111,
1111111111111111111110011110100101111010,
1111111111111111111011100000011011100010,
1111111111111111111010100011110100000001,
1111111111111111111111011001011011110100,
1111111111111111111110110000100000001100,
0000000000000000000001000110111001010111,
1111111111111111111111011100101111001111,
0000000000000000000000010101100011001101,
1111111111111111111110101000101110101110,
0000000000000000000011000100000111000010,
1111111111111111111111010100111101001001,
0000000000000000000011101110001111101011,
1111111111111111111011011001100000000100,
1111111111111111111111011001011001101100,
0000000000000000000000110100011111100010,
0000000000000000000000110000001111111110,
1111111111111111111111011110110100011110,
0000000000000000000010011000010110110110,
1111111111111111111111110100001001001001,
1111111111111111111101101001001110010100,
1111111111111111111111011010010110001101,
1111111111111111111110011110111111100111,
0000000000000000000000100100101110101011,
1111111111111111111111000110111101010111,
0000000000000000000010110010101000011111,
1111111111111111111100010100000100011001,
0000000000000000000010101110001001010001,
0000000000000000000011101101001010010110,
1111111111111111111100101011010101111000,
0000000000000000000000000101110010001110,
0000000000000000000000000101001101100110,
0000000000000000000000010001010011011001,
1111111111111111111101100011110011111011,
0000000000000000000001010110110010011001,
0000000000000000000000101101011000100001,
0000000000000000000000001010110011101010,
1111111111111111111111110110001110010011,
0000000000000000000000010100000100011101,
1111111111111111111110100100100000111101,
1111111111111111111111010101000011001010,
1111111111111111111111011110111011011111,
1111111111111111111111100100001111101010,
0000000000000000000001011011111111101001,
1111111111111111111111001011010001101000,
1111111111111111111111101000101110111001,
0000000000000000000000011110011100110001,
0000000000000000000000111001100110110010,
1111111111111111111111010101110111100001,
1111111111111111111110101000010001101011,
1111111111111111111110111110111011101111,
1111111111111111111111011111100110000110,
0000000000000000000001000000101011000000,
1111111111111111111111101111010111000100,
1111111111111111111111001110011010000110,
0000000000000000000000110100101011001011,
0000000000000000000001000100011011001000,
1111111111111111111111010101110010000010,
0000000000000000000000000000001001111110,
0000000000000000000000100011000000010100,
0000000000000000000000001100101001000011,
1111111111111111111111001011001000011000,
1111111111111111111111000101001001111000,
1111111111111111111111000001100011000010,
1111111111111111111111000001011001111110,
1111111111111111111111100011110101001010,
1111111111111111111111111110010111110000,
0000000000000000000001011000010101110100,
0000000000000000000000110110110010000000,
1111111111111111111111100011010101101111,
0000000000000000000001001110011010111010,
1111111111111111111111101111011011100100,
0000000000000000000000100000011111000100,
0000000000000000000001011011011100110011,
0000000000000000000000000000100010110111,
0000000000000000000000100000000100110101,
1111111111111111111111111001110100011010,
0000000000000000000000100100111011111010,
0000000000000000000000010111011001101101,
1111111111111111111111101101010011100011,
0000000000000000000000101110100001110101,
1111111111111111111111110000110100001000,
0000000000000000000000010101001011101000,
1111111111111111111111011101100101111011,
0000000000000000000001010111111000001100,
1111111111111111111111101101100011111001,
1111111111111111111111010000001011110000,
0000000000000000000000011101111011110001,
0000000000000000000001011111101001001000,
0000000000000000000000011001100101001001,
1111111111111111111111111010100001100100,
1111111111111111111111110000001001010011,
1111111111111111111111111010101101101100,
0000000000000000000000110001101101101011,
1111111111111111111111100110000110010110,
1111111111111111111111000100011001100010,
0000000000000000000000101101100000110111,
0000000000000000000001010110110010011001,
1111111111111111111011100111110011001000,
1111111111111111111110011000100110011001,
1111111111111111111110110101111110010100,
1111111111111111111111110100110010010111,
1111111111111111111111111001111000000010,
0000000000000000000010010110000101011110,
0000000000000000000010000001001101110011,
0000000000000000000000110110010111010001,
0000000000000000000000110011000101101010,
1111111111111111111100110100000001101010,
0000000000000000000010100001000111000110,
0000000000000000000000111001111000011110,
1111111111111111111110010111000011000100,
1111111111111111111101100110111111011100,
0000000000000000000001101010011110010111,
0000000000000000000001101001101101101001,
0000000000000000000010011011001110010000,
0000000000000000000000011001000100101000,
1111111111111111111110000000000010001110,
0000000000000000000000000101000010001010,
0000000000000000000001100110001001001000,
1111111111111111111111001111001011111010,
1111111111111111111110101001110010010100,
0000000000000000000000111011100010001000,
1111111111111111111111100000010000101000,
1111111111111111111111011000111001000101,
1111111111111111111110111000111100001001,
0000000000000000000010100011001100001101,
0000000000000000000010000001001101011010,
0000000000000000000001101001100110111000,
0000000000000000000001000001010001011111,
0000000000000000000001001111101001010010,
0000000000000000000001010100001011010010,
1111111111111111111110111110101101100011,
1111111111111111111110100101011101011111,
0000000000000000000001001011011111111100,
1111111111111111111101011010110011010000,
0000000000000000000000101000101000010000,
1111111111111111111110111101110001100001,
1111111111111111111101101111010100010001,
1111111111111111111111000111101001001101,
1111111111111111111111010000110000110100,
1111111111111111111111001000001101000101,
0000000000000000000000001110101110110100,
1111111111111111111111011111100100010010,
0000000000000000000000010011110010111111,
1111111111111111111110011100001111001111,
0000000000000000000000100101011110101100,
1111111111111111111110101101110010001011,
0000000000000000000001000011000011001100,
1111111111111111111110000111110110100111,
0000000000000000000000101100110001000001,
0000000000000000000001110011111010000010,
1111111111111111111110111110001101101011,
1111111111111111111101011111000001011111,
1111111111111111111110011110001110010111,
0000000000000000000001001100101110010111,
1111111111111111111111101100001101001001,
1111111111111111111111000110110110100110,
1111111111111111111111011111111110100010,
1111111111111111111111101001001000100101,
1111111111111111111111000010111111001011,
0000000000000000000001000100101001111011,
0000000000000000000000101101011000100001,
1111111111111111111110011000100110011001,
1111111111111111111101010001001001011100,
1111111111111111111110111000101101100101,
1111111111111111111111101001010111101010,
0000000000000000000000001101111110101111,
0000000000000000000001001000011010001101,
0000000000000000000001100011011101110101,
0000000000000000000000011010010011000001,
0000000000000000000000011100001010000101,
1111111111111111111101111100000100010110,
0000000000000000000001111100111000000110,
0000000000000000000000101000011000011000,
1111111111111111111110101010100111001100,
1111111111111111111110010001001101100101,
0000000000000000000001001010111110010000,
0000000000000000000000011010110111001101,
0000000000000000000001101001100001010100,
1111111111111111111111111010010110001100,
1111111111111111111110110100011100011100,
1111111111111111111111110100010111000010,
0000000000000000000000111110011010011010,
0000000000000000000000000000001101011010,
1111111111111111111111100110110111000000,
0000000000000000000000010110100100110100,
1111111111111111111111011100110010101011,
1111111111111111111111111000101101010010,
1111111111111111111110111101111010110011,
0000000000000000000001111111000010110110,
0000000000000000000001010010111110110101,
0000000000000000000000110100111100010011,
0000000000000000000000000111110110010101,
0000000000000000000000111011100011001110,
0000000000000000000001011100000111001111,
0000000000000000000000010010110100110010,
1111111111111111111111010011111001011001,
0000000000000000000000110110011010111110,
1111111111111111111110011001001101001001,
0000000000000000000000011100000110010010,
1111111111111111111111010111111000000111,
1111111111111111111110111101100100110000,
1111111111111111111111000001110000111010,
1111111111111111111111101100100111001100,
1111111111111111111110111011011010101010,
0000000000000000000000110110101101001011,
1111111111111111111111110100000111100010,
0000000000000000000000000010101011100100,
1111111111111111111111000001000100001000,
0000000000000000000000011010000001011110,
1111111111111111111110111010010101110100,
0000000000000000000000100111000011000101,
1111111111111111111111010101001101101011,
0000000000000000000000011110110001010000,
0000000000000000000001001111100101110111,
1111111111111111111111010101101110001101,
1111111111111111111110101111110000111000,
1111111111111111111110101101100011111101,
0000000000000000000001001111110100100100,
1111111111111111111111011001100000011000,
1111111111111111111110111010110101101011,
0000000000000000000000001111110110011101,
1111111111111111111111010110001011010100,
1111111111111111111101111100111111110001,
0000000000000000000010111111011001010111,
0000000000000000000000001010110011101010,
1111111111111111111110110101111110010100,
1111111111111111111110111000101101100101,
1111111111111111111100000101001101101100,
1111111111111111111110111001001011011011,
0000000000000000000001000110011000101100,
1111111111111111111111111001100010100101,
0000000000000000000010010100001010010110,
1111111111111111111111111101111100100111,
0000000000000000000000001100010101010111,
1111111111111111111101111101111101111111,
0000000000000000000010111100010010011011,
0000000000000000000000110001000101001101,
1111111111111111111101110100100111100000,
1111111111111111111101101101100000111001,
0000000000000000000001011101001001101101,
1111111111111111111110010111011111110101,
0000000000000000000001111000001010000111,
1111111111111111111110110101011011010010,
1111111111111111111111001100010010101010,
1111111111111111111111000101100001111010,
0000000000000000000000110001111110111111,
0000000000000000000001100100011110111000,
0000000000000000000001000111110101101110,
1111111111111111111111100011111111000110,
1111111111111111111110101110111111010001,
0000000000000000000000110001100111010001,
1111111111111111111101111111011001001111,
0000000000000000000011000001000001010100,
0000000000000000000001001111111010110001,
0000000000000000000000000011101100110001,
1111111111111111111110011011010010111011,
0000000000000000000001010100000010110110,
0000000000000000000011010001101000001011,
0000000000000000000011010011001011100100,
0000000000000000000000000010001001100000,
0000000000000000000001000111010001001001,
1111111111111111111110100111011111001111,
0000000000000000000000100001011011101011,
1111111111111111111111100001000000110101,
0000000000000000000000010100001101100010,
1111111111111111111101110001010011111000,
0000000000000000000000010000000111101110,
1111111111111111111101010101111000100010,
0000000000000000000011000100011101000110,
0000000000000000000000010000111111001000,
1111111111111111111111100010101100110101,
1111111111111111111111000110111111011110,
0000000000000000000000011111010001000110,
1111111111111111111110000111010110000111,
0000000000000000000000011000110110101101,
0000000000000000000001000100000001011001,
0000000000000000000000100100000011010100,
0000000000000000000001011101000001110001,
1111111111111111111111010111001100010110,
1111111111111111111111111100010001110001,
1111111111111111111101110010001011110110,
0000000000000000000010101101111100000111,
1111111111111111111110001001000000010110,
1111111111111111111101010110001111110110,
0000000000000000000010000010111110111000,
1111111111111111111111101100010001000110,
1111111111111111111110111110001100001111,
0000000000000000000001100111110111011100,
1111111111111111111111110110001110010011,
1111111111111111111111110100110010010111,
1111111111111111111111101001010111101010,
1111111111111111111110111001001011011011,
1111111111111111111101101101110110001011,
0000000000000000000000101010011100010110,
1111111111111111111111100000010101011000,
0000000000000000000000111110111100101101,
1111111111111111111111110100101100101101,
1111111111111111111111111101101111111101,
1111111111111111111111011001100100110111,
0000000000000000000001010000100100101000,
0000000000000000000000010010000011011000,
1111111111111111111111000001101100100111,
1111111111111111111111000110011101000011,
0000000000000000000000100010111000111101,
1111111111111111111110101111000010100010,
0000000000000000000000101001101011110011,
1111111111111111111111001111100101001001,
1111111111111111111111111001011011000001,
1111111111111111111111011100110000001010,
0000000000000000000000001010010111001011,
0000000000000000000001000100000010001001,
0000000000000000000000111010001010111011,
1111111111111111111111100100100000001101,
1111111111111111111111010110010110101011,
0000000000000000000000100100011000010000,
1111111111111111111111000001101110100001,
0000000000000000000001010010111101101001,
0000000000000000000000010110111001101101,
1111111111111111111111101110100011101000,
1111111111111111111110111000110001111000,
0000000000000000000000100010100001110100,
0000000000000000000001101011011000100110,
0000000000000000000010001000000011100011,
0000000000000000000000010010000100111010,
0000000000000000000000011011110011001111,
1111111111111111111111101010101111010110,
0000000000000000000000001100000100101101,
1111111111111111111111111010000111011001,
0000000000000000000000100110101110111001,
1111111111111111111110110110101110110001,
0000000000000000000000010010001110111101,
1111111111111111111110100110100010000000,
0000000000000000000001110000100011010100,
0000000000000000000000001111111111011111,
1111111111111111111111101011001000010001,
1111111111111111111111110001000100101110,
0000000000000000000000001011011000110101,
1111111111111111111111001000011101110000,
0000000000000000000000000010001000100000,
0000000000000000000000111110001110111001,
0000000000000000000000001100110101111011,
0000000000000000000000100001000100001011,
1111111111111111111111110100010001010110,
0000000000000000000000011011101101101010,
1111111111111111111110111110111011111101,
0000000000000000000001010111110100110011,
1111111111111111111110111101110110000111,
1111111111111111111110100110111111110000,
0000000000000000000001010010110100000100,
0000000000000000000000010011000011000111,
0000000000000000000001000010011000100110,
1111111111111111111110010010000010110010,
0000000000000000000000010100000100011101,
1111111111111111111111111001111000000010,
0000000000000000000000001101111110101111,
0000000000000000000001000110011000101100,
0000000000000000000000101010011100010110,
1111111111111111111101100101110000010100,
0000000000000000000000110011000001011000,
1111111111111111111111001000001101010001,
0000000000000000000000010010010010110111,
0000000000000000000000000111111100001011,
0000000000000000000000010100101101001000,
1111111111111111111110111000001000010100,
1111111111111111111111110010001110001101,
0000000000000000000000111001101010110100,
0000000000000000000000101111010010000010,
1111111111111111111111100100110010111100,
0000000000000000000001100100110001101010,
1111111111111111111111100010011111001111,
0000000000000000000000111000001100101111,
1111111111111111111111111001100111010100,
0000000000000000000000100111100000000000,
1111111111111111111111111111011100100110,
1111111111111111111110101111100101100001,
1111111111111111111110110110011111110100,
0000000000000000000000100100101111111011,
0000000000000000000000101010101001011110,
1111111111111111111111010011100111001111,
0000000000000000000000111101010000001100,
1111111111111111111110110101101101010111,
1111111111111111111111110100011110010111,
0000000000000000000000011110100011011000,
0000000000000000000001010101101100011001,
1111111111111111111111100010010101010001,
1111111111111111111110010010010001111110,
1111111111111111111101100010101000101110,
1111111111111111111111100010010110110000,
1111111111111111111111101001010100111010,
0000000000000000000000000101110111101101,
1111111111111111111111110110111111010111,
1111111111111111111111111111011011111101,
1111111111111111111111000101101111100110,
0000000000000000000001001010111110100011,
1111111111111111111111100110110011011010,
0000000000000000000001011100111100011011,
1111111111111111111110000101001010000101,
1111111111111111111111101010110111000111,
0000000000000000000000011001001011110000,
0000000000000000000000000101110110100100,
1111111111111111111111110111011010010111,
0000000000000000000000110100100111010100,
0000000000000000000000000100110011000110,
1111111111111111111110101110011000101011,
1111111111111111111111110110100101001110,
1111111111111111111111100111110100011101,
0000000000000000000000000101111100011011,
1111111111111111111111010000001011110111,
0000000000000000000000111101011111000110,
1111111111111111111110100111000110110101,
0000000000000000000001000111000000111101,
0000000000000000000001011100010010010100,
1111111111111111111110100001000010100101,
0000000000000000000000000011001000000101,
1111111111111111111111110001011010110011,
0000000000000000000001000100010110111101,
1111111111111111111110100100100000111101,
0000000000000000000010010110000101011110,
0000000000000000000001001000011010001101,
1111111111111111111111111001100010100101,
1111111111111111111111100000010101011000,
0000000000000000000000110011000001011000,
1111111111111111111011100111010111001100,
1111111111111111111111001010100001000001,
1111111111111111111111000001001010101111,
1111111111111111111111001101111000110001,
0000000000000000000010010101011110100001,
1111111111111111111110111111100010100100,
1111111111111111111111011101001101101001,
0000000000000000000000011111100000110111,
0000000000000000000001010001011110001000,
1111111111111111111111000001110011100010,
1111111111111111111101000110110111000111,
1111111111111111111110011011100010000010,
1111111111111111111110110100111001110110,
0000000000000000000001110000011111000000,
1111111111111111111111010101101011010101,
1111111111111111111110101011101010111001,
0000000000000000000001110110001101000000,
0000000000000000000010001110100110101000,
1111111111111111111110101011000011011010,
1111111111111111111111110001001100001101,
0000000000000000000001001011010110100011,
1111111111111111111111111111111001001111,
1111111111111111111111000000001001100110,
1111111111111111111110011111110001101110,
1111111111111111111110001010110000011000,
1111111111111111111101110111000001100000,
1111111111111111111111011010011110011001,
0000000000000000000000100100000000011101,
0000000000000000000011001110001100010110,
0000000000000000000001100111110110010010,
1111111111111111111111010111001010100110,
0000000000000000000010000011100101011101,
1111111111111111111111100110111100011011,
0000000000000000000000110111100100010011,
0000000000000000000010110000011101011101,
1111111111111111111111100110011011001111,
0000000000000000000000111111100100111000,
1111111111111111111111010100100111001000,
0000000000000000000001101010011000000101,
0000000000000000000000101111010110111011,
1111111111111111111111010111001111000100,
0000000000000000000001001101001111000010,
1111111111111111111111101001001001110100,
0000000000000000000000010001100000010001,
1111111111111111111111000011101010001101,
0000000000000000000010110010101000001111,
1111111111111111111111100011111001101100,
1111111111111111111110110111000011001000,
0000000000000000000000110000111010110001,
0000000000000000000010110011111010100011,
0000000000000000000000010101110111011001,
0000000000000000000000010110000101101101,
1111111111111111111111001011111000000000,
1111111111111111111111010110010111101000,
0000000000000000000001110110010011000110,
0000000000000000000000101100101110101110,
0000000000000000000010000011101010111100,
1111111111111111111101001111111010110110,
1111111111111111111111010101000011001010,
0000000000000000000010000001001101110011,
0000000000000000000001100011011101110101,
0000000000000000000010010100001010010110,
0000000000000000000000111110111100101101,
1111111111111111111111001000001101010001,
1111111111111111111111001010100001000001,
1111111111111111111011101000001011101111,
1111111111111111111111101100011000111110,
1111111111111111111111100001110001110111,
0000000000000000000010111011011101000000,
1111111111111111111100100101001011101001,
1111111111111111111111000000101110111111,
0000000000000000000010011100010111111010,
0000000000000000000010110101000101001111,
1111111111111111111110001001010000001011,
0000000000000000000000101100111101111000,
1111111111111111111101011111110100010110,
0000000000000000000000110011110101000011,
0000000000000000000001011100111010000001,
0000000000000000000000101110010111100111,
1111111111111111111110101110101000111110,
1111111111111111111111000000000011100101,
1111111111111111111111100110011001010110,
1111111111111111111111111111110100111111,
0000000000000000000001001111011010110011,
1111111111111111111111100110010011110001,
0000000000000000000010000110001011100000,
1111111111111111111100100000011101000100,
1111111111111111111110001011010010000110,
1111111111111111111111010011100011001010,
0000000000000000000000111001101011010011,
1111111111111111111110011011010011000100,
1111111111111111111100110001101100010101,
1111111111111111111101101010111111011000,
0000000000000000000000100001101101011100,
1111111111111111111110100111011111000111,
0000000000000000000010001001111011011010,
1111111111111111111111010100011011110101,
0000000000000000000000110011100100111001,
0000000000000000000000100111111111110100,
0000000000000000000010001100000011111000,
0000000000000000000000000101001011111011,
0000000000000000000010100010100001000110,
1111111111111111111101010111110011010110,
1111111111111111111111111110101010110000,
0000000000000000000000010000011101110001,
0000000000000000000001010110001110111111,
1111111111111111111111010111011101011001,
0000000000000000000010000011111110100111,
1111111111111111111111010001001010111100,
1111111111111111111111110110110110100010,
1111111111111111111111010000101001011100,
1111111111111111111110000101101010001000,
0000000000000000000000111011100001011101,
0000000000000000000001000010001010111110,
0000000000000000000010011011100100100101,
1111111111111111111101010010000111101010,
0000000000000000000001101010001000111111,
0000000000000000000010100010101111101110,
1111111111111111111110100000010000100001,
0000000000000000000000000001001101100000,
1111111111111111111111111010111111001101,
0000000000000000000000011000010100101000,
1111111111111111111111011110111011011111,
0000000000000000000000110110010111010001,
0000000000000000000000011010010011000001,
1111111111111111111111111101111100100111,
1111111111111111111111110100101100101101,
0000000000000000000000010010010010110111,
1111111111111111111111000001001010101111,
1111111111111111111111101100011000111110,
1111111111111111111101111110101000010101,
1111111111111111111111101101110111110101,
0000000000000000000000110110010000001011,
1111111111111111111111101000010110001101,
1111111111111111111111110011010101100110,
0000000000000000000000001011101001111110,
0000000000000000000000011101101101111001,
1111111111111111111111101001010110011011,
1111111111111111111110111101010100100011,
1111111111111111111111011011011110001010,
1111111111111111111111100101000001000011,
0000000000000000000000101000101111001000,
1111111111111111111111110000110100110001,
1111111111111111111111100001011100000010,
0000000000000000000000101010100000011000,
0000000000000000000000110011011000000110,
1111111111111111111111100001010111011111,
1111111111111111111111111010110011101101,
0000000000000000000000011011000111111111,
0000000000000000000000000000001101100101,
1111111111111111111111101000100011101101,
1111111111111111111111011101000101010101,
1111111111111111111111010101101000110100,
1111111111111111111111001110101101100111,
1111111111111111111111110010010001111011,
0000000000000000000000001100100110011000,
0000000000000000000001001010000100111100,
0000000000000000000000100101100000101111,
1111111111111111111111110001000111000001,
0000000000000000000000101111101101010101,
1111111111111111111111110110111000100010,
0000000000000000000000010100001000100110,
0000000000000000000000111111101101010100,
1111111111111111111111110111000010100000,
0000000000000000000000010110111011111001,
1111111111111111111111110000101010000011,
0000000000000000000000100110000010111110,
0000000000000000000000010001000100110101,
1111111111111111111111110001010101001010,
0000000000000000000000011100000000110100,
1111111111111111111111110111101011111000,
0000000000000000000000000110100011110000,
1111111111111111111111101010001001110100,
0000000000000000000001000000011001011111,
1111111111111111111111110101110001110111,
1111111111111111111111100101011101110000,
0000000000000000000000010001110000000110,
0000000000000000000001000001000000001010,
0000000000000000000000001000001011001110,
0000000000000000000000000111101001000010,
1111111111111111111111101101011001101100,
1111111111111111111111110001010010101001,
0000000000000000000000101010011110110010,
0000000000000000000000000101000010011101,
0000000000000000000000001000101010111101,
0000000000000000000000000001000011110010,
1111111111111111111111100100001111101010,
0000000000000000000000110011000101101010,
0000000000000000000000011100001010000101,
0000000000000000000000001100010101010111,
1111111111111111111111111101101111111101,
0000000000000000000000000111111100001011,
1111111111111111111111001101111000110001,
1111111111111111111111100001110001110111,
1111111111111111111111101101110111110101,
1111111111111111111110000101011111010000,
0000000000000000000000111000011011111011,
1111111111111111111111011010100111100100,
1111111111111111111111110001000000100101,
0000000000000000000000010110111100100000,
0000000000000000000000100110001110000110,
1111111111111111111111100100101010100101,
1111111111111111111111010100010011001010,
1111111111111111111111010110110101011101,
1111111111111111111111110001011100110010,
0000000000000000000000100101111010101100,
1111111111111111111111111001011011000000,
1111111111111111111111100010011101111000,
0000000000000000000000011000100100011111,
0000000000000000000000100010100000111011,
1111111111111111111111101001111110110111,
0000000000000000000000000011101011000010,
0000000000000000000000010001000101100111,
0000000000000000000000001100101010000101,
1111111111111111111111011010010101000100,
1111111111111111111111011100000010110011,
1111111111111111111111011101011011100110,
1111111111111111111111100001111110011010,
1111111111111111111111101100110000101100,
1111111111111111111111110101110100101000,
0000000000000000000000100111010100010110,
0000000000000000000000011110000101011000,
1111111111111111111111101101000011100101,
0000000000000000000000101111000111101101,
1111111111111111111111110101011001000101,
0000000000000000000000010011010001001010,
0000000000000000000000110001011111000011,
0000000000000000000000000110100111011111,
0000000000000000000000010000111101001111,
0000000000000000000000000100001000000100,
0000000000000000000000001011101001101010,
0000000000000000000000001100001000111101,
1111111111111111111111110110111111111001,
0000000000000000000000011100001010000001,
1111111111111111111111110110010000000000,
0000000000000000000000010001000000101011,
1111111111111111111111101011111100011101,
0000000000000000000000101101011001101001,
1111111111111111111111110100001111101111,
1111111111111111111111100001100010100010,
0000000000000000000000010010010011000001,
0000000000000000000000110100110110101011,
0000000000000000000000010100010111101110,
1111111111111111111111110101010010000111,
1111111111111111111111111100100010001010,
0000000000000000000000000100100110100110,
0000000000000000000000010101100101101011,
1111111111111111111111010101110010100111,
1111111111111111111110010001100101010100,
0000000000000000000001110111001111010111,
0000000000000000000001011011111111101001,
1111111111111111111100110100000001101010,
1111111111111111111101111100000100010110,
1111111111111111111101111101111101111111,
1111111111111111111111011001100100110111,
0000000000000000000000010100101101001000,
0000000000000000000010010101011110100001,
0000000000000000000010111011011101000000,
0000000000000000000000110110010000001011,
0000000000000000000000111000011011111011,
1111111111111111111010010101000111011110,
0000000000000000000011101011000101010001,
0000000000000000000001001101010111001001,
1111111111111111111101100000011101111001,
1111111111111111111100101101000110010110,
0000000000000000000010001111011001101111,
0000000000000000000001000011000100111100,
0000000000000000000011001011000100111111,
1111111111111111111111111100111000001000,
1111111111111111111101101010101011101011,
1111111111111111111111101110101111101110,
0000000000000000000001111010100001000000,
1111111111111111111111110100111111011011,
1111111111111111111111000100001011011010,
0000000000000000000000110001100100000001,
1111111111111111111111000000111001100011,
1111111111111111111111101011010111110100,
1111111111111111111110000110111001100000,
0000000000000000000011101110111111110100,
0000000000000000000010100001010111000101,
0000000000000000000001101100010101001011,
0000000000000000000000011011100101100111,
0000000000000000000001110000110000100100,
0000000000000000000010100101010110011110,
0000000000000000000000001110101000001001,
1111111111111111111110100101001010001101,
0000000000000000000001100111101011010111,
1111111111111111111100110110111010110011,
0000000000000000000000110101111010011001,
1111111111111111111110110001000110111001,
1111111111111111111101110101001111111100,
1111111111111111111110010000011001101011,
1111111111111111111111010110010101101110,
1111111111111111111110000110011111000001,
0000000000000000000001011010000000101001,
1111111111111111111111100101101010000111,
0000000000000000000000001000110101111001,
1111111111111111111110000101001101011010,
0000000000000000000000110001111001010111,
1111111111111111111101111110101001001101,
0000000000000000000001001101011000011100,
1111111111111111111110100000010111011001,
0000000000000000000000111011000110100001,
0000000000000000000010011000111001110110,
1111111111111111111110101101110011001010,
1111111111111111111101011011100110101100,
1111111111111111111101100110110011010111,
0000000000000000000010010000001010100011,
1111111111111111111110111110011110010011,
1111111111111111111110000101010000010111,
0000000000000000000000010001101001100001,
0000000000000000000000111000101111100100,
0000000000000000000010100111100000011101,
1111111111111111111100011111000001100011,
1111111111111111111111001011010001101000,
0000000000000000000010100001000111000110,
0000000000000000000001111100111000000110,
0000000000000000000010111100010010011011,
0000000000000000000001010000100100101000,
1111111111111111111110111000001000010100,
1111111111111111111110111111100010100100,
1111111111111111111100100101001011101001,
1111111111111111111111101000010110001101,
1111111111111111111111011010100111100100,
0000000000000000000011101011000101010001,
1111111111111111111010000000101101111100,
1111111111111111111110110000010110001111,
0000000000000000000011000101111101011111,
0000000000000000000011100100010110000101,
1111111111111111111101101010011011110001,
0000000000000000000000111100110010101001,
1111111111111111111100110110100100110100,
0000000000000000000001000011010100001100,
0000000000000000000001110011101111111001,
0000000000000000000000111011101110101010,
1111111111111111111110011010010110101110,
1111111111111111111110101100011100001101,
1111111111111111111111011100101001010011,
0000000000000000000000000001011110001110,
0000000000000000000001100101001001110100,
1111111111111111111111011101110111111010,
0000000000000000000010101010011001111010,
1111111111111111111011100101011000000110,
1111111111111111111101101101101100000111,
1111111111111111111111001001111000100010,
0000000000000000000001001011111110010011,
1111111111111111111110000000110111000000,
1111111111111111111011111001010010000000,
1111111111111111111100111110101010001100,
0000000000000000000000101000101111100100,
1111111111111111111110010000011001110110,
0000000000000000000010101100100010110100,
1111111111111111111111001001001011000011,
0000000000000000000001000000011001001101,
0000000000000000000000101111010010000100,
0000000000000000000010110010011000010110,
0000000000000000000000000101010100100010,
0000000000000000000011001111010000001111,
1111111111111111111100101000010001110011,
1111111111111111111111111101010111011010,
0000000000000000000000010101101110001011,
0000000000000000000001101011111110011111,
1111111111111111111111001100111110000100,
0000000000000000000010100111010000100011,
1111111111111111111111000101101110101111,
1111111111111111111111110000110100111010,
1111111111111111111111000100011011000111,
1111111111111111111101100110000101010100,
0000000000000000000001001010100111100011,
0000000000000000000001010000011101000010,
0000000000000000000011000101001000100110,
1111111111111111111100100010101111010100,
0000000000000000000010000111110101001110,
0000000000000000000011001111100000100101,
1111111111111111111110000100000011101001,
0000000000000000000000001111010011110011,
0000000000000000000000101010110000110100,
1111111111111111111111001011100010111001,
1111111111111111111111101000101110111001,
0000000000000000000000111001111000011110,
0000000000000000000000101000011000011000,
0000000000000000000000110001000101001101,
0000000000000000000000010010000011011000,
1111111111111111111111110010001110001101,
1111111111111111111111011101001101101001,
1111111111111111111111000000101110111111,
1111111111111111111111110011010101100110,
1111111111111111111111110001000000100101,
0000000000000000000001001101010111001001,
1111111111111111111110110000010110001111,
1111111111111111111101111100101110110100,
0000000000000000000000110111100000110110,
0000000000000000000001000100101000111100,
1111111111111111111111010010001000111011,
1111111111111111111111111101001010010001,
1111111111111111111111000000100010000110,
0000000000000000000000001010000111100000,
0000000000000000000000101010000011110111,
0000000000000000000000001011011101010110,
1111111111111111111111011100100010100010,
1111111111111111111111110101111111100000,
0000000000000000000000000101001101111010,
1111111111111111111111110111101101111011,
0000000000000000000000011001001101011110,
1111111111111111111111111110101011010100,
0000000000000000000000101101000000011000,
1111111111111111111110101110110100011111,
1111111111111111111111001111100001101010,
1111111111111111111111100101101111000100,
0000000000000000000000000110000101100111,
1111111111111111111111011010100101010000,
1111111111111111111110111110010001011010,
1111111111111111111111100001111110010000,
0000000000000000000000010101010111010100,
1111111111111111111111011110010110011101,
0000000000000000000000111011000000111010,
1111111111111111111111101110111101010101,
0000000000000000000000010110101011110000,
0000000000000000000000011110100000010001,
0000000000000000000000101100100000110101,
0000000000000000000000000111111001010100,
0000000000000000000000110010010100100111,
1111111111111111111111010001110111101111,
0000000000000000000000000100001000110111,
0000000000000000000000000001100100111011,
0000000000000000000000100100011010001011,
1111111111111111111111110000001011111101,
0000000000000000000000101101111110001111,
1111111111111111111111101010011100100111,
0000000000000000000000001110001110011111,
1111111111111111111111101101011001001010,
1111111111111111111111001111111001000110,
0000000000000000000000011000101101001011,
0000000000000000000000100111100111101010,
0000000000000000000000110110010011110110,
1111111111111111111111000111110011011011,
0000000000000000000000011110100011111111,
0000000000000000000000110010100100011010,
1111111111111111111111101011010101010110,
1111111111111111111111010110011101100011,
1111111111111111111110000011001100000010,
0000000000000000000010101100000111101000,
0000000000000000000000011110011100110001,
1111111111111111111110010111000011000100,
1111111111111111111110101010100111001100,
1111111111111111111101110100100111100000,
1111111111111111111111000001101100100111,
0000000000000000000000111001101010110100,
0000000000000000000000011111100000110111,
0000000000000000000010011100010111111010,
0000000000000000000000001011101001111110,
0000000000000000000000010110111100100000,
1111111111111111111101100000011101111001,
0000000000000000000011000101111101011111,
0000000000000000000000110111100000110110,
1111111111111111111100000110010011011111,
1111111111111111111101011111001011011010,
0000000000000000000001101000100001101011,
1111111111111111111111000010001010010111,
0000000000000000000010001011001110110100,
1111111111111111111111000111011110010110,
1111111111111111111110110101000001101110,
1111111111111111111111010000000101001010,
0000000000000000000001000011001010101101,
0000000000000000000001001000011101101110,
0000000000000000000000100111001011010011,
1111111111111111111111110111000110100001,
1111111111111111111110110100000100111010,
0000000000000000000000100000000101011111,
1111111111111111111110000010011000100010,
0000000000000000000011001010011100111010,
0000000000000000000001100010111111110011,
0000000000000000000000011101000110110011,
1111111111111111111110111011011001101001,
0000000000000000000001011010010000111110,
0000000000000000000011000100111101101101,
0000000000000000000010100001011110100111,
1111111111111111111111101011100001010000,
0000000000000000000001001110100000001011,
1111111111111111111110001100111010110100,
0000000000000000000000100110000110111111,
1111111111111111111111010101101001010101,
1111111111111111111111101101011000001100,
1111111111111111111101111010001010010111,
0000000000000000000000000001111011001111,
1111111111111111111101100011001111011001,
0000000000000000000010101000110010110111,
0000000000000000000000000110010011000011,
1111111111111111111111101100001111010101,
1111111111111111111110110111100000110111,
0000000000000000000000100011100000111000,
1111111111111111111110000110010100100111,
0000000000000000000000100101011001101100,
0000000000000000000000011011100111010011,
0000000000000000000000101001010101000111,
0000000000000000000001101010101111100111,
1111111111111111111111001101011111110111,
1111111111111111111111010101001111101011,
1111111111111111111101110000101100111001,
0000000000000000000010100101001000000000,
1111111111111111111110010111000101010100,
1111111111111111111101100011001101101101,
0000000000000000000001100110001111011000,
1111111111111111111111010010111100111101,
1111111111111111111101111111010000000111,
0000000000000000000010100100001111111000,
0000000000000000000000111001100110110010,
1111111111111111111101100110111111011100,
1111111111111111111110010001001101100101,
1111111111111111111101101101100000111001,
1111111111111111111111000110011101000011,
0000000000000000000000101111010010000010,
0000000000000000000001010001011110001000,
0000000000000000000010110101000101001111,
0000000000000000000000011101101101111001,
0000000000000000000000100110001110000110,
1111111111111111111100101101000110010110,
0000000000000000000011100100010110000101,
0000000000000000000001000100101000111100,
1111111111111111111101011111001011011010,
1111111111111111111011010011110011000001,
0000000000000000000010000000010101001100,
1111111111111111111111110001001111111111,
0000000000000000000010101111110011000010,
1111111111111111111111011000100100011110,
1111111111111111111110010001001111101010,
1111111111111111111111011000101100010001,
0000000000000000000001011110101100010001,
0000000000000000000000101100100000001100,
0000000000000000000000000010010111100100,
0000000000000000000000001101111100101100,
1111111111111111111110110011010100011101,
0000000000000000000000001101010111001001,
1111111111111111111101111010011001111111,
0000000000000000000011101000111101000100,
0000000000000000000010000011110101000000,
0000000000000000000000111111010001101111,
1111111111111111111111011100110010000110,
0000000000000000000001101010010111001000,
0000000000000000000011000111100101111111,
0000000000000000000001110010111100000010,
1111111111111111111111001101100101110100,
0000000000000000000001011110110000101110,
1111111111111111111101100001010100001101,
0000000000000000000000101111011100011100,
1111111111111111111111000011101000010110,
1111111111111111111110111011100011011101,
1111111111111111111101111000101011100011,
1111111111111111111111110000100001100110,
1111111111111111111101100101001101010101,
0000000000000000000010010110001110111010,
1111111111111111111111111001101001010101,
1111111111111111111111110110001101110101,
1111111111111111111110011101100110110000,
0000000000000000000000101100000100110000,
1111111111111111111101111001101111100000,
0000000000000000000000111000011010101010,
1111111111111111111111101100001000111010,
0000000000000000000000110011101101010111,
0000000000000000000010000101101001111001,
1111111111111111111110111100110010111100,
1111111111111111111110100000111011100011,
1111111111111111111101100001100010101010,
0000000000000000000010101001100011111011,
1111111111111111111110011110110000110101,
1111111111111111111101100100101100100010,
0000000000000000000001001100001001101001,
0000000000000000000000011100111100011111,
0000000000000000000001010001010110011110,
1111111111111111111110011011001000001111,
1111111111111111111111010101110111100001,
0000000000000000000001101010011110010111,
0000000000000000000001001010111110010000,
0000000000000000000001011101001001101101,
0000000000000000000000100010111000111101,
1111111111111111111111100100110010111100,
1111111111111111111111000001110011100010,
1111111111111111111110001001010000001011,
1111111111111111111111101001010110011011,
1111111111111111111111100100101010100101,
0000000000000000000010001111011001101111,
1111111111111111111101101010011011110001,
1111111111111111111111010010001000111011,
0000000000000000000001101000100001101011,
0000000000000000000010000000010101001100,
1111111111111111111100111111101111111011,
1111111111111111111111111110100101100101,
1111111111111111111110001001111000001101,
0000000000000000000000010100110010000101,
0000000000000000000001001101010010111110,
0000000000000000000000010110100111110100,
1111111111111111111110111110100110110111,
1111111111111111111111101010100000000001,
0000000000000000000000000110110101001001,
1111111111111111111111110010000111111111,
0000000000000000000000110000000101111101,
1111111111111111111111111011111000001000,
0000000000000000000001010101010010101011,
1111111111111111111101100111100001101101,
1111111111111111111110100110001100110101,
1111111111111111111111010000101111010110,
0000000000000000000000001110011110010000,
1111111111111111111110111001111001010000,
1111111111111111111110000010101010110010,
1111111111111111111111000010101011010000,
0000000000000000000000100110010000101100,
1111111111111111111111000001000110111000,
0000000000000000000001101101000001000000,
1111111111111111111111100000001111011110,
0000000000000000000000101001110010111100,
0000000000000000000000110110000001100110,
0000000000000000000001010100111001110101,
0000000000000000000000001101100110011001,
0000000000000000000001100000010010110101,
1111111111111111111110100110010011010010,
0000000000000000000000000110110100111110,
0000000000000000000000000011110111001100,
0000000000000000000001000011010101111001,
1111111111111111111111100010100001011101,
0000000000000000000001010110101111101111,
1111111111111111111111011000011100101110,
0000000000000000000000010111001000010111,
1111111111111111111111011101010101110100,
1111111111111111111110100110011001010100,
0000000000000000000000101101110001010101,
0000000000000000000001000111001110011101,
0000000000000000000001100110011100111111,
1111111111111111111110010101000001111001,
0000000000000000000000111011000010010000,
0000000000000000000001100000101110010111,
1111111111111111111111010110010011001010,
1111111111111111111111100110110111100100,
1111111111111111111110010111111101000000,
0000000000000000000011001000111001111100,
1111111111111111111110101000010001101011,
0000000000000000000001101001101101101001,
0000000000000000000000011010110111001101,
1111111111111111111110010111011111110101,
1111111111111111111110101111000010100010,
0000000000000000000001100100110001101010,
1111111111111111111101000110110111000111,
0000000000000000000000101100111101111000,
1111111111111111111110111101010100100011,
1111111111111111111111010100010011001010,
0000000000000000000001000011000100111100,
0000000000000000000000111100110010101001,
1111111111111111111111111101001010010001,
1111111111111111111111000010001010010111,
1111111111111111111111110001001111111111,
1111111111111111111111111110100101100101,
1111111111111111111010001110000010110010,
1111111111111111111111101001001001010011,
1111111111111111111101111111010111100001,
0000000000000000000001010001110010011110,
1111111111111111111110101100010110010000,
1111111111111111111111001010010010111010,
0000000000000000000010111111000000010000,
0000000000000000000011000100111010111011,
1111111111111111111110010100101110011111,
1111111111111111111110111001101000111100,
0000000000000000000001101111111101100001,
1111111111111111111110101000100111110000,
0000000000000000000001000000101000101110,
1111111111111111111111010010010000000010,
1111111111111111111110001000101100000010,
1111111111111111111100101101010101101100,
0000000000000000000000010010000010100101,
0000000000000000000010110011101010010111,
0000000000000000000101100101100011000001,
0000000000000000000001101101010111000111,
0000000000000000000000000101111011101001,
0000000000000000000001001100101010010100,
1111111111111111111111111100101001101111,
0000000000000000000000100100101101011011,
0000000000000000000011000101000100001101,
1111111111111111111110000100100110011101,
0000000000000000000001001100111111110111,
1111111111111111111101011111011110101100,
0000000000000000000011110011110101110000,
0000000000000000000000111100101110111110,
1111111111111111111111000001110000101111,
0000000000000000000000101001100100001111,
1111111111111111111111111101011110101000,
1111111111111111111111000000010100000111,
1111111111111111111111010010001010110101,
0000000000000000000011100111110000110000,
1111111111111111111111111011010001001010,
1111111111111111111111110011010100111010,
0000000000000000000000010111001000110011,
0000000000000000000010111000011010100001,
1111111111111111111110110110011111001010,
0000000000000000000010001100111110111010,
1111111111111111111101111001000101111011,
1111111111111111111101100001100011011010,
0000000000000000000011010011110011001010,
0000000000000000000000100101111010110111,
0000000000000000000001100111111010111101,
1111111111111111111110000100110110100000,
1111111111111111111110111110111011101111,
0000000000000000000010011011001110010000,
0000000000000000000001101001100001010100,
0000000000000000000001111000001010000111,
0000000000000000000000101001101011110011,
1111111111111111111111100010011111001111,
1111111111111111111110011011100010000010,
1111111111111111111101011111110100010110,
1111111111111111111111011011011110001010,
1111111111111111111111010110110101011101,
0000000000000000000011001011000100111111,
1111111111111111111100110110100100110100,
1111111111111111111111000000100010000110,
0000000000000000000010001011001110110100,
0000000000000000000010101111110011000010,
1111111111111111111110001001111000001101,
1111111111111111111111101001001001010011,
1111111111111111111011110000100111101011,
0000000000000000000000010010011100011110,
0000000000000000000001110001000101100010,
0000000000000000000000011000100011011010,
1111111111111111111110100001100011110001,
1111111111111111111111110001100001001110,
0000000000000000000000011001000011100101,
1111111111111111111111100100010110010001,
0000000000000000000000111100101110111100,
0000000000000000000000000011001101000111,
0000000000000000000001101110101011011101,
1111111111111111111100110010110111110010,
1111111111111111111110000000100010001000,
1111111111111111111110110101010110101000,
0000000000000000000000000011001110101101,
1111111111111111111110100000110000011100,
1111111111111111111101100001011011110010,
1111111111111111111111000111110100110110,
0000000000000000000000111101011100100010,
1111111111111111111110101001101111011111,
0000000000000000000010011100011010111001,
1111111111111111111111010011111100001000,
0000000000000000000000111100100011010100,
0000000000000000000001011010001001100010,
0000000000000000000001101011010010001001,
0000000000000000000000011000110111100101,
0000000000000000000001111000000010110010,
1111111111111111111110010111101010101111,
0000000000000000000000001110001111001111,
0000000000000000000000000000011000100100,
0000000000000000000001100000001010100101,
1111111111111111111111010111001001101000,
0000000000000000000001110010100100001101,
1111111111111111111111000101110100011101,
0000000000000000000000110010010011010000,
1111111111111111111111001111110101000100,
1111111111111111111110000011011011011101,
0000000000000000000001000000111101001000,
0000000000000000000001110000110111010100,
0000000000000000000010000111011100100000,
1111111111111111111101110111101011101100,
0000000000000000000001000110101100100111,
0000000000000000000001111000110011010010,
1111111111111111111111010111010100000010,
1111111111111111111111101100011011001000,
1111111111111111111110111000100111000110,
0000000000000000000001111011101111011010,
1111111111111111111111011111100110000110,
0000000000000000000000011001000100101000,
1111111111111111111111111010010110001100,
1111111111111111111110110101011011010010,
1111111111111111111111001111100101001001,
0000000000000000000000111000001100101111,
1111111111111111111110110100111001110110,
0000000000000000000000110011110101000011,
1111111111111111111111100101000001000011,
1111111111111111111111110001011100110010,
1111111111111111111111111100111000001000,
0000000000000000000001000011010100001100,
0000000000000000000000001010000111100000,
1111111111111111111111000111011110010110,
1111111111111111111111011000100100011110,
0000000000000000000000010100110010000101,
1111111111111111111101111111010111100001,
0000000000000000000000010010011100011110,
1111111111111111111101010001000101101111,
0000000000000000000000010100101011000101,
1111111111111111111111010001010101110001,
1111111111111111111111110110000110010101,
0000000000000000000001100010111110001110,
0000000000000000000001011110110000101111,
1111111111111111111111001110111011010010,
1111111111111111111111010001011101011110,
0000000000000000000000110111111000110001,
1111111111111111111110111111110010011011,
0000000000000000000001000101111011011100,
0000000000000000000000000000000111101111,
1111111111111111111111010001011010000000,
1111111111111111111110010101001010010011,
0000000000000000000000011010011011100100,
0000000000000000000001110111011110001010,
0000000000000000000010111110100011110001,
0000000000000000000000101011111110100010,
0000000000000000000000010010101100000100,
0000000000000000000000001010001100111000,
0000000000000000000000000110010101000101,
0000000000000000000000000111011111110010,
0000000000000000000001010010111111010101,
1111111111111111111110101110001111010000,
0000000000000000000000100010010011110110,
1111111111111111111110011001001100011000,
0000000000000000000010001101111110001100,
0000000000000000000000011100000010101010,
1111111111111111111111100000100010011111,
0000000000000000000000000011011101110001,
0000000000000000000000000110001010010111,
1111111111111111111111001011000001111110,
1111111111111111111111110011011110001100,
0000000000000000000001101011101111011001,
0000000000000000000000000110011000010001,
0000000000000000000000010000010001101101,
1111111111111111111111111111110110011000,
0000000000000000000001001000011110011001,
1111111111111111111111000010010001100101,
0000000000000000000001011111111010100000,
1111111111111111111110101111000101110111,
1111111111111111111110011010000110011111,
0000000000000000000001110010001110101100,
1111111111111111111111101101101100000000,
1111111111111111111111010110110000000110,
0000000000000000000000011101001010001101,
0000000000000000000001000000101011000000,
1111111111111111111110000000000010001110,
1111111111111111111110110100011100011100,
1111111111111111111111001100010010101010,
1111111111111111111111111001011011000001,
1111111111111111111111111001100111010100,
0000000000000000000001110000011111000000,
0000000000000000000001011100111010000001,
0000000000000000000000101000101111001000,
0000000000000000000000100101111010101100,
1111111111111111111101101010101011101011,
0000000000000000000001110011101111111001,
0000000000000000000000101010000011110111,
1111111111111111111110110101000001101110,
1111111111111111111110010001001111101010,
0000000000000000000001001101010010111110,
0000000000000000000001010001110010011110,
0000000000000000000001110001000101100010,
0000000000000000000000010100101011000101,
1111111111111111111100110110111000100101,
0000000000000000000000000101010000111011,
0000000000000000000001001011001010010000,
1111111111111111111111011000111001010110,
1111111111111111111110111101101001000000,
0000000000000000000000101101010001010011,
1111111111111111111111101010010100100100,
1111111111111111111111100001011101100101,
1111111111111111111111001110000111010100,
0000000000000000000001110101001011110000,
0000000000000000000001011110101001100100,
0000000000000000000001001110111100000100,
0000000000000000000000110011011011010110,
0000000000000000000000111001011100111001,
0000000000000000000000111001101000000110,
1111111111111111111111001001101110110111,
1111111111111111111110111100001100000011,
0000000000000000000000110110101011010001,
1111111111111111111110000110101000110001,
0000000000000000000000011101100011001001,
1111111111111111111111001111001110110110,
1111111111111111111110010011001101001100,
1111111111111111111111011001011110101010,
1111111111111111111111011100001111001000,
1111111111111111111111011010100110011101,
0000000000000000000000000101111111100110,
1111111111111111111111100111010010110001,
0000000000000000000000001111100100001100,
1111111111111111111110110110110011010010,
0000000000000000000000011011001111110111,
1111111111111111111111000101100011111110,
0000000000000000000000110001100010101001,
1111111111111111111110100100010110000010,
0000000000000000000000100000100100111111,
0000000000000000000001010100010110111100,
1111111111111111111111001111110100000001,
1111111111111111111110000111101000000011,
1111111111111111111110111010011101011010,
0000000000000000000000110100111101101011,
1111111111111111111111110100001110111101,
1111111111111111111111011001100101001001,
1111111111111111111111100100101011100100,
1111111111111111111111110000001011001010,
1111111111111111111111001000110110110110,
0000000000000000000001011011010100100011,
1111111111111111111111101111010111000100,
0000000000000000000000000101000010001010,
1111111111111111111111110100010111000010,
1111111111111111111111000101100001111010,
1111111111111111111111011100110000001010,
0000000000000000000000100111100000000000,
1111111111111111111111010101101011010101,
0000000000000000000000101110010111100111,
1111111111111111111111110000110100110001,
1111111111111111111111111001011011000000,
1111111111111111111111101110101111101110,
0000000000000000000000111011101110101010,
0000000000000000000000001011011101010110,
1111111111111111111111010000000101001010,
1111111111111111111111011000101100010001,
0000000000000000000000010110100111110100,
1111111111111111111110101100010110010000,
0000000000000000000000011000100011011010,
1111111111111111111111010001010101110001,
0000000000000000000000000101010000111011,
1111111111111111111101110100100001101001,
0000000000000000000000000000011111010111,
0000000000000000000001000010110000101100,
0000000000000000000000111101000000101100,
1111111111111111111111100001100000000111,
1111111111111111111111011100100100110111,
0000000000000000000000100100110110001101,
1111111111111111111111001101000111010101,
0000000000000000000000111101101111010111,
0000000000000000000000001001100111000001,
1111111111111111111111100110101010010010,
1111111111111111111110111000110111000010,
0000000000000000000000011000101010001110,
0000000000000000000001011011001000101011,
0000000000000000000010000010101001111001,
0000000000000000000000011000100101101111,
0000000000000000000000010010110110011011,
1111111111111111111111111011000100110110,
0000000000000000000000000111011111101000,
0000000000000000000000000000011100101011,
0000000000000000000000110000010101010010,
1111111111111111111111000001101110001111,
0000000000000000000000010100111010001100,
1111111111111111111110110010110011011001,
0000000000000000000001100110000000110011,
0000000000000000000000010001100010110100,
1111111111111111111111101011000101111111,
1111111111111111111111111011000111000100,
0000000000000000000000000111001001001001,
1111111111111111111111010100010010001110,
1111111111111111111111111100000010010010,
0000000000000000000001000011101111001000,
0000000000000000000000000111110101011010,
0000000000000000000000010100000111010011,
1111111111111111111111111011000010110101,
0000000000000000000000100111101010000010,
1111111111111111111111001100111010011100,
0000000000000000000001001001110101101111,
1111111111111111111111000101000001100001,
1111111111111111111110110011010110010101,
0000000000000000000001001110110110000100,
0000000000000000000000010000111111111100,
0000000000000000000000101001000110001101,
1111111111111111111111011011011010011100,
1111111111111111111111001110011010000110,
0000000000000000000001100110001001001000,
0000000000000000000000111110011010011010,
0000000000000000000000110001111110111111,
0000000000000000000000001010010111001011,
1111111111111111111111111111011100100110,
1111111111111111111110101011101010111001,
1111111111111111111110101110101000111110,
1111111111111111111111100001011100000010,
1111111111111111111111100010011101111000,
0000000000000000000001111010100001000000,
1111111111111111111110011010010110101110,
1111111111111111111111011100100010100010,
0000000000000000000001000011001010101101,
0000000000000000000001011110101100010001,
1111111111111111111110111110100110110111,
1111111111111111111111001010010010111010,
1111111111111111111110100001100011110001,
1111111111111111111111110110000110010101,
0000000000000000000001001011001010010000,
0000000000000000000000000000011111010111,
1111111111111111111101011000110101011110,
0000000000000000000000010101110100101101,
0000000000000000000000101100100011111010,
1111111111111111111111011111111111111101,
0000000000000000000000010110100001101101,
0000000000000000000000010011001111100111,
0000000000000000000000101111011011010110,
1111111111111111111110011000111010010110,
1111111111111111111110110010100001111111,
1111111111111111111111000100001100010001,
1111111111111111111111100000111001101001,
1111111111111111111111001110010001000100,
1111111111111111111111000100100011100110,
0000000000000000000000011000110100001010,
0000000000000000000000110010111110001100,
1111111111111111111111010001010101011000,
0000000000000000000001100010010001001101,
1111111111111111111111100111001010101110,
0000000000000000000000100111001000111000,
0000000000000000000001010000011111111000,
0000000000000000000000100111111011100111,
0000000000000000000000011001101111010100,
0000000000000000000000101001001011010111,
1111111111111111111111101100011111110000,
0000000000000000000000010001010101011110,
1111111111111111111111110110011111110100,
0000000000000000000000111011100010111100,
1111111111111111111111101001000100010111,
0000000000000000000000110101010001010001,
1111111111111111111111011000101111110000,
0000000000000000000000111111111011011000,
1111111111111111111111100100101011110001,
1111111111111111111110111001010010101001,
0000000000000000000000100111011100110010,
0000000000000000000001011011000011100110,
0000000000000000000000111111010000011000,
1111111111111111111111001010110010110101,
0000000000000000000000010001111100101111,
0000000000000000000000101001111010110101,
0000000000000000000000001010100111000101,
0000000000000000000000011001111000110011,
0000000000000000000001100001000010111000,
1111111111111111111101010011011010010110,
0000000000000000000000110100101011001011,
1111111111111111111111001111001011111010,
0000000000000000000000000000001101011010,
0000000000000000000001100100011110111000,
0000000000000000000001000100000010001001,
1111111111111111111110101111100101100001,
0000000000000000000001110110001101000000,
1111111111111111111111000000000011100101,
0000000000000000000000101010100000011000,
0000000000000000000000011000100100011111,
1111111111111111111111110100111111011011,
1111111111111111111110101100011100001101,
1111111111111111111111110101111111100000,
0000000000000000000001001000011101101110,
0000000000000000000000101100100000001100,
1111111111111111111111101010100000000001,
0000000000000000000010111111000000010000,
1111111111111111111111110001100001001110,
0000000000000000000001100010111110001110,
1111111111111111111111011000111001010110,
0000000000000000000001000010110000101100,
0000000000000000000000010101110100101101,
1111111111111111111100000100110100111011,
1111111111111111111101110010101010001011,
0000000000000000000001001010010100101101,
0000000000000000000000111111110011011101,
1111111111111111111110101101100010000001,
0000000000000000000001010101111101110110,
1111111111111111111110101000111000010110,
0000000000000000000000001001100111011101,
0000000000000000000001001010010010010011,
0000000000000000000010011100111011111100,
1111111111111111111111100000011011101100,
1111111111111111111101011100011010100010,
1111111111111111111011101011111101100000,
1111111111111111111110111010100101000001,
1111111111111111111111101011001000011111,
1111111111111111111111100100111110010000,
1111111111111111111111111010000100101110,
1111111111111111111111110000010100011000,
1111111111111111111101111110111110100000,
0000000000000000000001110000000011000000,
1111111111111111111111001011100111000111,
0000000000000000000010001110000001110100,
1111111111111111111100110111001001001110,
1111111111111111111111010101101001101001,
0000000000000000000000101110010000011101,
1111111111111111111111110011100000110101,
1111111111111111111111111010000100101101,
0000000000000000000001000101001000001000,
0000000000000000000000010110111001110001,
1111111111111111111101011101100111111100,
1111111111111111111111111010010100001111,
1111111111111111111111110001101000000000,
1111111111111111111111111011001110101110,
1111111111111111111110001100101100110110,
0000000000000000000001010000011001111010,
1111111111111111111101111101010111001111,
0000000000000000000001110001100110100101,
0000000000000000000010001100101000100101,
1111111111111111111101011011000100011001,
0000000000000000000000010000110101011101,
0000000000000000000001001000010010111000,
1111111111111111111101110000100111001100,
0000000000000000000001000100011011001000,
1111111111111111111110101001110010010100,
1111111111111111111111100110110111000000,
0000000000000000000001000111110101101110,
0000000000000000000000111010001010111011,
1111111111111111111110110110011111110100,
0000000000000000000010001110100110101000,
1111111111111111111111100110011001010110,
0000000000000000000000110011011000000110,
0000000000000000000000100010100000111011,
1111111111111111111111000100001011011010,
1111111111111111111111011100101001010011,
0000000000000000000000000101001101111010,
0000000000000000000000100111001011010011,
0000000000000000000000000010010111100100,
0000000000000000000000000110110101001001,
0000000000000000000011000100111010111011,
0000000000000000000000011001000011100101,
0000000000000000000001011110110000101111,
1111111111111111111110111101101001000000,
0000000000000000000000111101000000101100,
0000000000000000000000101100100011111010,
1111111111111111111101110010101010001011,
1111111111111111111100000001101001100011,
0000000000000000000001010001001000011110,
0000000000000000000000110001010110101111,
1111111111111111111110101100100100111110,
0000000000000000000000111011100100010111,
1111111111111111111111011001111101111000,
0000000000000000000000101000010000101100,
0000000000000000000001011100011000101000,
0000000000000000000010011100100000101011,
1111111111111111111111110111001111100110,
1111111111111111111110000010001001001110,
1111111111111111111011111000110101110101,
1111111111111111111110101011101010010110,
1111111111111111111111111111110011110010,
1111111111111111111110111111010101010110,
0000000000000000000000000100101001010101,
1111111111111111111111100001101111001000,
1111111111111111111101101001000010000000,
0000000000000000000001010110100001011100,
1111111111111111111111000101100001010010,
0000000000000000000001110001100000010110,
1111111111111111111101001111110000101110,
1111111111111111111111010010001000101011,
0000000000000000000000101110010001001010,
1111111111111111111111011100011000011101,
0000000000000000000000000011110111111100,
0000000000000000000000101001110000011111,
0000000000000000000000100100111011100110,
1111111111111111111101010001001011011000,
0000000000000000000000000101111000000100,
0000000000000000000000001111100001010011,
1111111111111111111111101011100111010101,
1111111111111111111101110001010101000011,
0000000000000000000000110000000010110110,
1111111111111111111110011101110100100011,
0000000000000000000001100000110111110010,
0000000000000000000001101111111011010001,
1111111111111111111101100100011110011100,
1111111111111111111111111010010001111010,
1111111111111111111111100010010101100100,
0000000000000000000001000010000000110101,
1111111111111111111111010101110010000010,
0000000000000000000000111011100010001000,
0000000000000000000000010110100100110100,
1111111111111111111111100011111111000110,
1111111111111111111111100100100000001101,
0000000000000000000000100100101111111011,
1111111111111111111110101011000011011010,
1111111111111111111111111111110100111111,
1111111111111111111111100001010111011111,
1111111111111111111111101001111110110111,
0000000000000000000000110001100100000001,
0000000000000000000000000001011110001110,
1111111111111111111111110111101101111011,
1111111111111111111111110111000110100001,
0000000000000000000000001101111100101100,
1111111111111111111111110010000111111111,
1111111111111111111110010100101110011111,
1111111111111111111111100100010110010001,
1111111111111111111111001110111011010010,
0000000000000000000000101101010001010011,
1111111111111111111111100001100000000111,
1111111111111111111111011111111111111101,
0000000000000000000001001010010100101101,
0000000000000000000001010001001000011110,
1111111111111111111101100111100011001010,
1111111111111111111111101010110111011000,
0000000000000000000000101100111000100110,
1111111111111111111111101001101110100010,
0000000000000000000000000010100101010111,
1111111111111111111111011111011100001100,
1111111111111111111111001000001001000000,
1111111111111111111110101100100101110111,
1111111111111111111111111100011100000111,
0000000000000000000000110101100100101101,
0000000000000000000010000111110110100100,
0000000000000000000000110010011010100010,
1111111111111111111111111000101000110001,
0000000000000000000000110000000111011000,
1111111111111111111111111001101100111110,
0000000000000000000000010101011011000100,
0000000000000000000001011000100001101101,
1111111111111111111111011011000001010011,
0000000000000000000000100001011011000001,
1111111111111111111111001101101100100101,
0000000000000000000001010101001101010001,
0000000000000000000000011001110000011010,
1111111111111111111111100111010010110001,
0000000000000000000000011011010111100011,
1111111111111111111111111010011001001010,
1111111111111111111111110011100101100100,
1111111111111111111111100111001101111010,
0000000000000000000001100001110101010011,
1111111111111111111111111000101100000110,
1111111111111111111111101100111010111001,
0000000000000000000000010000100001011010,
0000000000000000000001010110000011100100,
1111111111111111111111110010000010000100,
0000000000000000000000101000101100110010,
1111111111111111111111010010010100100000,
1111111111111111111111001110100110110101,
0000000000000000000001001111101000111011,
1111111111111111111111101000110011111010,
1111111111111111111110110101110010111101,
0000000000000000000001101111011100001100,
0000000000000000000000000000001001111110,
1111111111111111111111100000010000101000,
1111111111111111111111011100110010101011,
1111111111111111111110101110111111010001,
1111111111111111111111010110010110101011,
0000000000000000000000101010101001011110,
1111111111111111111111110001001100001101,
0000000000000000000001001111011010110011,
1111111111111111111111111010110011101101,
0000000000000000000000000011101011000010,
1111111111111111111111000000111001100011,
0000000000000000000001100101001001110100,
0000000000000000000000011001001101011110,
1111111111111111111110110100000100111010,
1111111111111111111110110011010100011101,
0000000000000000000000110000000101111101,
1111111111111111111110111001101000111100,
0000000000000000000000111100101110111100,
1111111111111111111111010001011101011110,
1111111111111111111111101010010100100100,
1111111111111111111111011100100100110111,
0000000000000000000000010110100001101101,
0000000000000000000000111111110011011101,
0000000000000000000000110001010110101111,
1111111111111111111111101010110111011000,
1111111111111111111101100111000100001010,
0000000000000000000000100000100110001101,
1111111111111111111110111000000100011010,
0000000000000000000001100111110101101110,
0000000000000000000000100110100000001001,
1111111111111111111111111010100001011101,
1111111111111111111110111110110111010010,
0000000000000000000000101100100101100111,
0000000000000000000001110111100011011110,
0000000000000000000010000011011000000110,
0000000000000000000000000111111000101011,
0000000000000000000000100101001110101011,
1111111111111111111111010110111101111100,
0000000000000000000000010001000101011011,
1111111111111111111111110010001111110010,
0000000000000000000000010110101010010011,
1111111111111111111110101110100011011010,
0000000000000000000000001101000110111001,
1111111111111111111110011110000100010101,
0000000000000000000001110100101101110110,
0000000000000000000000001100100011000100,
1111111111111111111111101100111111011000,
1111111111111111111111100101000101101010,
0000000000000000000000010000000001000010,
1111111111111111111110111101101001100011,
0000000000000000000000001010000001000100,
0000000000000000000000110001100010100000,
0000000000000000000000010010010110101010,
0000000000000000000000101111010101001110,
1111111111111111111111101100010100111010,
0000000000000000000000001001011111111000,
1111111111111111111110110010000110001000,
0000000000000000000001100010101100110000,
1111111111111111111110111010000110001001,
1111111111111111111110011110011000100111,
0000000000000000000001010000110111100001,
0000000000000000000000001100010010101111,
0000000000000000000000110000110001001010,
1111111111111111111110100100111011111011,
0000000000000000000000100011000000010100,
1111111111111111111111011000111001000101,
1111111111111111111111111000101101010010,
0000000000000000000000110001100111010001,
0000000000000000000000100100011000010000,
1111111111111111111111010011100111001111,
0000000000000000000001001011010110100011,
1111111111111111111111100110010011110001,
0000000000000000000000011011000111111111,
0000000000000000000000010001000101100111,
1111111111111111111111101011010111110100,
1111111111111111111111011101110111111010,
1111111111111111111111111110101011010100,
0000000000000000000000100000000101011111,
0000000000000000000000001101010111001001,
1111111111111111111111111011111000001000,
0000000000000000000001101111111101100001,
0000000000000000000000000011001101000111,
0000000000000000000000110111111000110001,
1111111111111111111111100001011101100101,
0000000000000000000000100100110110001101,
0000000000000000000000010011001111100111,
1111111111111111111110101101100010000001,
1111111111111111111110101100100100111110,
0000000000000000000000101100111000100110,
0000000000000000000000100000100110001101,
1111111111111111111101100101011100111100,
0000000000000000000000101001111001001000,
1111111111111111111111011100000100111010,
0000000000000000000000001110100000101110,
0000000000000000000000110000001010100000,
0000000000000000000001011010011100100001,
1111111111111111111111110100011100111111,
1111111111111111111110101100101000000100,
1111111111111111111101100100011101011111,
1111111111111111111111010011100100101110,
1111111111111111111111111010000000001111,
1111111111111111111111100101011001010011,
1111111111111111111111111111101010111110,
1111111111111111111111110010101011111000,
1111111111111111111110101111000111110001,
0000000000000000000000111001001100110010,
1111111111111111111111011111111111000000,
0000000000000000000001001001101000000010,
1111111111111111111110010011010010000100,
1111111111111111111111100110100010000010,
0000000000000000000000011010101100101110,
1111111111111111111111110010000001111000,
1111111111111111111111111111011100100010,
0000000000000000000000011111111000111111,
0000000000000000000000010001010100011110,
1111111111111111111110011110101001101010,
0000000000000000000000000000000110011011,
0000000000000000000000000000011100100101,
1111111111111111111111111000101011100100,
1111111111111111111110110101011101000111,
0000000000000000000000100100111100001000,
1111111111111111111110111110000110010111,
0000000000000000000000111100101010110100,
0000000000000000000001001000110001000100,
1111111111111111111110100011100100010001,
1111111111111111111111011010100000111000,
1111111111111111111110001011011000000000,
0000000000000000000010101000110110110000,
0000000000000000000000001100101001000011,
1111111111111111111110111000111100001001,
1111111111111111111110111101111010110011,
1111111111111111111101111111011001001111,
1111111111111111111111000001101110100001,
0000000000000000000000111101010000001100,
1111111111111111111111111111111001001111,
0000000000000000000010000110001011100000,
0000000000000000000000000000001101100101,
0000000000000000000000001100101010000101,
1111111111111111111110000110111001100000,
0000000000000000000010101010011001111010,
0000000000000000000000101101000000011000,
1111111111111111111110000010011000100010,
1111111111111111111101111010011001111111,
0000000000000000000001010101010010101011,
1111111111111111111110101000100111110000,
0000000000000000000001101110101011011101,
1111111111111111111110111111110010011011,
1111111111111111111111001110000111010100,
1111111111111111111111001101000111010101,
0000000000000000000000101111011011010110,
0000000000000000000001010101111101110110,
0000000000000000000000111011100100010111,
1111111111111111111111101001101110100010,
1111111111111111111110111000000100011010,
0000000000000000000000101001111001001000,
1111111111111111111100100010010111110011,
0000000000000000000010101110100111011000,
0000000000000000000001001010100100100110,
0000000000000000000000000111001000001001,
1111111111111111111110101010011100100110,
0000000000000000000001001100010110001111,
0000000000000000000010111010001101001100,
0000000000000000000010110110000011001000,
1111111111111111111111111110100010010110,
0000000000000000000001000001000010001110,
1111111111111111111110101100100110000011,
0000000000000000000000011110101100110110,
1111111111111111111111100010011111011011,
0000000000000000000000001100010100010000,
1111111111111111111110000001010010011011,
0000000000000000000000001100010101101001,
1111111111111111111101101001010110100010,
0000000000000000000010101100001000110110,
0000000000000000000000001101101000111111,
1111111111111111111111100111001000110111,
1111111111111111111111001010100001101000,
0000000000000000000000011100101100010111,
1111111111111111111110010011100101001001,
0000000000000000000000011000001011101110,
0000000000000000000000110110111110110110,
0000000000000000000000100001001001000010,
0000000000000000000001010101100010000001,
1111111111111111111111011001111011100001,
1111111111111111111111110110110011110110,
1111111111111111111110000000100001100001,
0000000000000000000010011010110000100100,
1111111111111111111110010111010101010100,
1111111111111111111101101001100111101101,
0000000000000000000001110001001110011111,
0000000000000000000000111010000110101111,
0000000000000000000010101011110101000100,
1111111111111111111100011000100110100001,
1111111111111111111111001011001000011000,
0000000000000000000010100011001100001101,
0000000000000000000001111111000010110110,
0000000000000000000011000001000001010100,
0000000000000000000001010010111101101001,
1111111111111111111110110101101101010111,
1111111111111111111111000000001001100110,
1111111111111111111100100000011101000100,
1111111111111111111111101000100011101101,
1111111111111111111111011010010101000100,
0000000000000000000011101110111111110100,
1111111111111111111011100101011000000110,
1111111111111111111110101110110100011111,
0000000000000000000011001010011100111010,
0000000000000000000011101000111101000100,
1111111111111111111101100111100001101101,
0000000000000000000001000000101000101110,
1111111111111111111100110010110111110010,
0000000000000000000001000101111011011100,
0000000000000000000001110101001011110000,
0000000000000000000000111101101111010111,
1111111111111111111110011000111010010110,
1111111111111111111110101000111000010110,
1111111111111111111111011001111101111000,
0000000000000000000000000010100101010111,
0000000000000000000001100111110101101110,
1111111111111111111111011100000100111010,
0000000000000000000010101110100111011000,
1111111111111111111001110100100001110101,
1111111111111111111101101011010010110001,
1111111111111111111111001010000001111101,
0000000000000000000001001111100101011000,
1111111111111111111101111110001100011010,
1111111111111111111011110010010101100001,
1111111111111111111100110111010001100001,
0000000000000000000000101000011011110101,
1111111111111111111110001110001010100001,
0000000000000000000010101111001000111110,
1111111111111111111111001000001000101011,
0000000000000000000001000001010001111111,
0000000000000000000000101110001101110111,
0000000000000000000010110111000111000100,
0000000000000000000000000100101001011100,
0000000000000000000011010100111011000010,
1111111111111111111100100001100110100110,
1111111111111111111111111100101100111000,
0000000000000000000000010110110001100010,
0000000000000000000001101101101010100111,
1111111111111111111111001011111111111001,
0000000000000000000010101011001010110010,
1111111111111111111111000101000011100000,
1111111111111111111111101110001100001101,
1111111111111111111111000011010011101101,
1111111111111111111101100011001101000110,
0000000000000000000001001011110101111000,
0000000000000000000001010000001010011110,
0000000000000000000011001001101110100010,
1111111111111111111100011100111111101001,
0000000000000000000010001011110110001011,
0000000000000000000011010101001010010110,
1111111111111111111101111111011111111000,
0000000000000000000000011010000100010100,
0000000000000000000001000011101001010001,
1111111111111111111110111000001101100111,
1111111111111111111111000101001001111000,
0000000000000000000010000001001101011010,
0000000000000000000001010010111110110101,
0000000000000000000001001111111010110001,
0000000000000000000000010110111001101101,
1111111111111111111111110100011110010111,
1111111111111111111110011111110001101110,
1111111111111111111110001011010010000110,
1111111111111111111111011101000101010101,
1111111111111111111111011100000010110011,
0000000000000000000010100001010111000101,
1111111111111111111101101101101100000111,
1111111111111111111111001111100001101010,
0000000000000000000001100010111111110011,
0000000000000000000010000011110101000000,
1111111111111111111110100110001100110101,
1111111111111111111111010010010000000010,
1111111111111111111110000000100010001000,
0000000000000000000000000000000111101111,
0000000000000000000001011110101001100100,
0000000000000000000000001001100111000001,
1111111111111111111110110010100001111111,
0000000000000000000000001001100111011101,
0000000000000000000000101000010000101100,
1111111111111111111111011111011100001100,
0000000000000000000000100110100000001001,
0000000000000000000000001110100000101110,
0000000000000000000001001010100100100110,
1111111111111111111101101011010010110001,
1111111111111111111100101111101001100101,
1111111111111111111110111010011110011101,
1111111111111111111111101011101110010101,
1111111111111111111110111001101010011010,
1111111111111111111110011011000010101000,
1111111111111111111111111011111100001111,
0000000000000000000000111010011011101010,
1111111111111111111110111111001011001110,
0000000000000000000001111110111110111111,
1111111111111111111111011110001100110001,
0000000000000000000000110001111010100110,
0000000000000000000001011001101011011001,
0000000000000000000001000100000110111101,
0000000000000000000000011011001011100011,
0000000000000000000001001001110010011011,
1111111111111111111111001011001000000000,
0000000000000000000000010001010110111010,
1111111111111111111111111001100100111010,
0000000000000000000001001101011101111101,
1111111111111111111111100000101110011100,
0000000000000000000001010000000100111110,
1111111111111111111111001110111001100111,
0000000000000000000000111111001011011101,
1111111111111111111111011010111011100100,
1111111111111111111110100000000101110100,
0000000000000000000000110011110010110001,
0000000000000000000001101001100011011000,
0000000000000000000001011110110111010010,
1111111111111111111110100111110000001110,
0000000000000000000000100111000110011011,
0000000000000000000001001010100101100011,
1111111111111111111111110111111110001010,
0000000000000000000000000100011101000110,
1111111111111111111111111101011110011011,
0000000000000000000000100011100000000000,
1111111111111111111111000001100011000010,
0000000000000000000001101001100110111000,
0000000000000000000000110100111100010011,
0000000000000000000000000011101100110001,
1111111111111111111111101110100011101000,
0000000000000000000000011110100011011000,
1111111111111111111110001010110000011000,
1111111111111111111111010011100011001010,
1111111111111111111111010101101000110100,
1111111111111111111111011101011011100110,
0000000000000000000001101100010101001011,
1111111111111111111111001001111000100010,
1111111111111111111111100101101111000100,
0000000000000000000000011101000110110011,
0000000000000000000000111111010001101111,
1111111111111111111111010000101111010110,
1111111111111111111110001000101100000010,
1111111111111111111110110101010110101000,
1111111111111111111111010001011010000000,
0000000000000000000001001110111100000100,
1111111111111111111111100110101010010010,
1111111111111111111111000100001100010001,
0000000000000000000001001010010010010011,
0000000000000000000001011100011000101000,
1111111111111111111111001000001001000000,
1111111111111111111111111010100001011101,
0000000000000000000000110000001010100000,
0000000000000000000000000111001000001001,
1111111111111111111111001010000001111101,
1111111111111111111110111010011110011101,
1111111111111111111101000101110110110010,
1111111111111111111110101001000010010000,
1111111111111111111111100001111011010101,
0000000000000000000000001100100110111100,
0000000000000000000001111111100100110000,
0000000000000000000001000110000101011101,
1111111111111111111111100000011001111011,
0000000000000000000001011101111010010101,
1111111111111111111111101101001100001001,
0000000000000000000000100111010011001101,
0000000000000000000001110110001010011100,
1111111111111111111111110110101100101001,
0000000000000000000000101010000100111111,
1111111111111111111111101100001100001001,
0000000000000000000000111100111010110001,
0000000000000000000000011111000100001011,
1111111111111111111111100110000101001101,
0000000000000000000000110111011001111011,
1111111111111111111111101110110011011111,
0000000000000000000000010010100101100101,
1111111111111111111111010101110100001111,
0000000000000000000001110100111100111111,
1111111111111111111111101010111111000111,
1111111111111111111111001001011110011001,
0000000000000000000000100011010110101101,
0000000000000000000001111001110101101001,
0000000000000000000000010110101110000101,
0000000000000000000000000101001100100111,
1111111111111111111111100011011011000001,
1111111111111111111111101101010110111001,
0000000000000000000001001000101001001001,
1111111111111111111111100110100101101010,
1111111111111111111110011101110100000000,
0000000000000000000010110011010101110111,
1111111111111111111111000001011001111110,
0000000000000000000001000001010001011111,
0000000000000000000000000111110110010101,
1111111111111111111110011011010010111011,
1111111111111111111110111000110001111000,
0000000000000000000001010101101100011001,
1111111111111111111101110111000001100000,
0000000000000000000000111001101011010011,
1111111111111111111111001110101101100111,
1111111111111111111111100001111110011010,
0000000000000000000000011011100101100111,
0000000000000000000001001011111110010011,
0000000000000000000000000110000101100111,
1111111111111111111110111011011001101001,
1111111111111111111111011100110010000110,
0000000000000000000000001110011110010000,
1111111111111111111100101101010101101100,
0000000000000000000000000011001110101101,
1111111111111111111110010101001010010011,
0000000000000000000000110011011011010110,
1111111111111111111110111000110111000010,
1111111111111111111111100000111001101001,
0000000000000000000010011100111011111100,
0000000000000000000010011100100000101011,
1111111111111111111110101100100101110111,
1111111111111111111110111110110111010010,
0000000000000000000001011010011100100001,
1111111111111111111110101010011100100110,
0000000000000000000001001111100101011000,
1111111111111111111111101011101110010101,
1111111111111111111110101001000010010000,
1111111111111111111011101001111011000001,
0000000000000000000000011011001111000110,
0000000000000000000010100110110010001001,
0000000000000000000100101001100111100101,
0000000000000000000001010000101000100101,
0000000000000000000000010000001110000110,
0000000000000000000000101001100010010011,
0000000000000000000000000011000110111110,
0000000000000000000000010101110010011001,
0000000000000000000010010100000001010110,
1111111111111111111110001101101010010101,
0000000000000000000000111011001101000101,
1111111111111111111101101101110110001001,
0000000000000000000011010011101100110011,
0000000000000000000000101111011010001111,
1111111111111111111111001101011011111000,
0000000000000000000000010101000001010001,
0000000000000000000000000011010110101110,
1111111111111111111110111101001010011010,
1111111111111111111111100010011111110001,
0000000000000000000010110101011100110011,
0000000000000000000000000010100001110111,
0000000000000000000000000110001011111011,
0000000000000000000000001010001100001001,
0000000000000000000010000110101111111101,
1111111111111111111110110010011011010000,
0000000000000000000010000100011100110000,
1111111111111111111110001001001010001010,
1111111111111111111101101111011011011100,
0000000000000000000010110001010001111001,
0000000000000000000000011001100101001000,
0000000000000000000001001010010101000111,
1111111111111111111110011110100101111010,
1111111111111111111111100011110101001010,
0000000000000000000001001111101001010010,
0000000000000000000000111011100011001110,
0000000000000000000001010100000010110110,
0000000000000000000000100010100001110100,
1111111111111111111111100010010101010001,
1111111111111111111111011010011110011001,
1111111111111111111110011011010011000100,
1111111111111111111111110010010001111011,
1111111111111111111111101100110000101100,
0000000000000000000001110000110000100100,
1111111111111111111110000000110111000000,
1111111111111111111111011010100101010000,
0000000000000000000001011010010000111110,
0000000000000000000001101010010111001000,
1111111111111111111110111001111001010000,
0000000000000000000000010010000010100101,
1111111111111111111110100000110000011100,
0000000000000000000000011010011011100100,
0000000000000000000000111001011100111001,
0000000000000000000000011000101010001110,
1111111111111111111111001110010001000100,
1111111111111111111111100000011011101100,
1111111111111111111111110111001111100110,
1111111111111111111111111100011100000111,
0000000000000000000000101100100101100111,
1111111111111111111111110100011100111111,
0000000000000000000001001100010110001111,
1111111111111111111101111110001100011010,
1111111111111111111110111001101010011010,
1111111111111111111111100001111011010101,
0000000000000000000000011011001111000110,
1111111111111111111101011010011111100100,
1111111111111111111110001100000100101110,
1111111111111111111110110011100111010110,
0000000000000000000000010111011010100100,
1111111111111111111111001011111110000000,
0000000000000000000001010011110110010100,
1111111111111111111111100110001100000110,
0000000000000000000000011111100111010000,
0000000000000000000000011101111100111110,
0000000000000000000001001110101001111101,
0000000000000000000000000101100010101111,
0000000000000000000001011010101101010011,
1111111111111111111110100100101000001010,
0000000000000000000000000001001011000011,
0000000000000000000000000111101101010001,
0000000000000000000000110100001101111100,
1111111111111111111111101000000000000000,
0000000000000000000001001011110100000000,
1111111111111111111111100010111001001011,
0000000000000000000000000010000100111000,
1111111111111111111111100011111010001111,
1111111111111111111110110111011010010010,
0000000000000000000000100011110111010011,
0000000000000000000000101100111111001100,
0000000000000000000001011001011010100110,
1111111111111111111110011101111101010100,
0000000000000000000000111010010001011001,
0000000000000000000001011010111010001101,
1111111111111111111111001110010101111100,
0000000000000000000000111100000100100010,
0000000000000000000010111111111001010110,
1111111111111111111011100000011011100010,
1111111111111111111111111110010111110000,
0000000000000000000001010100001011010010,
0000000000000000000001011100000111001111,
0000000000000000000011010001101000001011,
0000000000000000000001101011011000100110,
1111111111111111111110010010010001111110,
0000000000000000000000100100000000011101,
1111111111111111111100110001101100010101,
0000000000000000000000001100100110011000,
1111111111111111111111110101110100101000,
0000000000000000000010100101010110011110,
1111111111111111111011111001010010000000,
1111111111111111111110111110010001011010,
0000000000000000000011000100111101101101,
0000000000000000000011000111100101111111,
1111111111111111111110000010101010110010,
0000000000000000000010110011101010010111,
1111111111111111111101100001011011110010,
0000000000000000000001110111011110001010,
0000000000000000000000111001101000000110,
0000000000000000000001011011001000101011,
1111111111111111111111000100100011100110,
1111111111111111111101011100011010100010,
1111111111111111111110000010001001001110,
0000000000000000000000110101100100101101,
0000000000000000000001110111100011011110,
1111111111111111111110101100101000000100,
0000000000000000000010111010001101001100,
1111111111111111111011110010010101100001,
1111111111111111111110011011000010101000,
0000000000000000000000001100100110111100,
0000000000000000000010100110110010001001,
1111111111111111111110001100000100101110,
1111111111111111111001100000010100010100,
1111111111111111111010101110101010110001,
1111111111111111111111101100111110100101,
1111111111111111111110011111000101000000,
0000000000000000000001101011111110110111,
1111111111111111111111010011011011111110,
0000000000000000000000100100010110010001,
1111111111111111111111000111101100111000,
0000000000000000000011010010011111111010,
1111111111111111111111011110111010111000,
0000000000000000000011111100111011111010,
1111111111111111111011010011010010000011,
1111111111111111111111100000001001101101,
0000000000000000000000110000101010100011,
0000000000000000000001000110101100110100,
1111111111111111111111010110001110111011,
0000000000000000000010101011111111110011,
1111111111111111111111100101010000110000,
1111111111111111111110000010001001101100,
1111111111111111111111010000000111000110,
1111111111111111111110000100011111110000,
0000000000000000000000110011100101010110,
1111111111111111111111101001110100101001,
0000000000000000000011001001111101101010,
1111111111111111111100000000110010110010,
0000000000000000000010110100010000110010,
0000000000000000000011111100001000111011,
1111111111111111111100110000001111100100,
0000000000000000000000110111100111110111,
0000000000000000000011001001110101101010,
1111111111111111111010100011110100000001,
0000000000000000000001011000010101110100,
1111111111111111111110111110101101100011,
0000000000000000000000010010110100110010,
0000000000000000000011010011001011100100,
0000000000000000000010001000000011100011,
1111111111111111111101100010101000101110,
0000000000000000000011001110001100010110,
1111111111111111111101101010111111011000,
0000000000000000000001001010000100111100,
0000000000000000000000100111010100010110,
0000000000000000000000001110101000001001,
1111111111111111111100111110101010001100,
1111111111111111111111100001111110010000,
0000000000000000000010100001011110100111,
0000000000000000000001110010111100000010,
1111111111111111111111000010101011010000,
0000000000000000000101100101100011000001,
1111111111111111111111000111110100110110,
0000000000000000000010111110100011110001,
1111111111111111111111001001101110110111,
0000000000000000000010000010101001111001,
0000000000000000000000011000110100001010,
1111111111111111111011101011111101100000,
1111111111111111111011111000110101110101,
0000000000000000000010000111110110100100,
0000000000000000000010000011011000000110,
1111111111111111111101100100011101011111,
0000000000000000000010110110000011001000,
1111111111111111111100110111010001100001,
1111111111111111111111111011111100001111,
0000000000000000000001111111100100110000,
0000000000000000000100101001100111100101,
1111111111111111111110110011100111010110,
1111111111111111111010101110101010110001,
1111111111111111110110000001000001001110,
1111111111111111111110000111010100111101,
1111111111111111111111001001011100000000,
1111111111111111111111101000001010001100,
1111111111111111111111101101000101100111,
1111111111111111111111101100111001000110,
1111111111111111111100011011100001100011,
0000000000000000000011100110110100100110,
1111111111111111111110100001001011100001,
0000000000000000000100100001110011001101,
1111111111111111111001110001100101111101,
1111111111111111111110110010010100111000,
0000000000000000000001010111100111111100,
1111111111111111111111111001001010001001,
1111111111111111111111101101101001011110,
0000000000000000000010010110110110101000,
0000000000000000000000100001001100001010,
1111111111111111111011010101011011110011,
1111111111111111111111101100110101000010,
1111111111111111111111001111000010010010,
0000000000000000000000000010010100001011,
1111111111111111111100111001011110000000,
0000000000000000000010101111110110001110,
1111111111111111111011110000111010110110,
0000000000000000000011100011011000001010,
0000000000000000000100011111010010110010,
1111111111111111111011000000101101010000,
1111111111111111111111111101101000101101,
0000000000000000000000000111001001111110,
1111111111111111111111011001011011110100,
0000000000000000000000110110110010000000,
1111111111111111111110100101011101011111,
1111111111111111111111010011111001011001,
0000000000000000000000000010001001100000,
0000000000000000000000010010000100111010,
1111111111111111111111100010010110110000,
0000000000000000000001100111110110010010,
0000000000000000000000100001101101011100,
0000000000000000000000100101100000101111,
0000000000000000000000011110000101011000,
1111111111111111111110100101001010001101,
0000000000000000000000101000101111100100,
0000000000000000000000010101010111010100,
1111111111111111111111101011100001010000,
1111111111111111111111001101100101110100,
0000000000000000000000100110010000101100,
0000000000000000000001101101010111000111,
0000000000000000000000111101011100100010,
0000000000000000000000101011111110100010,
1111111111111111111110111100001100000011,
0000000000000000000000011000100101101111,
0000000000000000000000110010111110001100,
1111111111111111111110111010100101000001,
1111111111111111111110101011101010010110,
0000000000000000000000110010011010100010,
0000000000000000000000000111111000101011,
1111111111111111111111010011100100101110,
1111111111111111111111111110100010010110,
0000000000000000000000101000011011110101,
0000000000000000000000111010011011101010,
0000000000000000000001000110000101011101,
0000000000000000000001010000101000100101,
0000000000000000000000010111011010100100,
1111111111111111111111101100111110100101,
1111111111111111111110000111010100111101,
1111111111111111111101010111010011111101,
0000000000000000000000011001001111011000,
1111111111111111111110110000010101110011,
0000000000000000000000001111010111011000,
1111111111111111111111011110011011111100,
1111111111111111111110010110110100101011,
0000000000000000000000001101100101011010,
1111111111111111111111011010001101100000,
0000000000000000000000010111111001101011,
1111111111111111111111000010110010000111,
1111111111111111111111100011111010001111,
0000000000000000000000011000000000010100,
1111111111111111111111010001001011101111,
0000000000000000000000001110000001010001,
1111111111111111111111110100000111000110,
0000000000000000000000100100010101111010,
1111111111111111111110010110000110000101,
0000000000000000000000010001001101101101,
0000000000000000000000101100101011110110,
1111111111111111111111100010010010101100,
1111111111111111111110010100011110011010,
1111111111111111111111110001010000010001,
1111111111111111111111110100110111100110,
0000000000000000000000011101101110100001,
0000000000000000000000010110110110101111,
1111111111111111111110111010111000100011,
0000000000000000000000010101111100110111,
0000000000000000000000111110100100111111,
1111111111111111111110110000100000001100,
1111111111111111111111100011010101101111,
0000000000000000000001001011011111111100,
0000000000000000000000110110011010111110,
0000000000000000000001000111010001001001,
0000000000000000000000011011110011001111,
1111111111111111111111101001010100111010,
1111111111111111111111010111001010100110,
1111111111111111111110100111011111000111,
1111111111111111111111110001000111000001,
1111111111111111111111101101000011100101,
0000000000000000000001100111101011010111,
1111111111111111111110010000011001110110,
1111111111111111111111011110010110011101,
0000000000000000000001001110100000001011,
0000000000000000000001011110110000101110,
1111111111111111111111000001000110111000,
0000000000000000000000000101111011101001,
1111111111111111111110101001101111011111,
0000000000000000000000010010101100000100,
0000000000000000000000110110101011010001,
0000000000000000000000010010110110011011,
1111111111111111111111010001010101011000,
1111111111111111111111101011001000011111,
1111111111111111111111111111110011110010,
1111111111111111111111111000101000110001,
0000000000000000000000100101001110101011,
1111111111111111111111111010000000001111,
0000000000000000000001000001000010001110,
1111111111111111111110001110001010100001,
1111111111111111111110111111001011001110,
1111111111111111111111100000011001111011,
0000000000000000000000010000001110000110,
1111111111111111111111001011111110000000,
1111111111111111111110011111000101000000,
1111111111111111111111001001011100000000,
0000000000000000000000011001001111011000,
1111111111111111111101100110111010110001,
0000000000000000000001001110001000110010,
1111111111111111111111101000101111000001,
0000000000000000000000011101110000110111,
0000000000000000000000100010100000101100,
0000000000000000000001000001101100111111,
0000000000000000000000000111111101100101,
0000000000000000000001001011000011111110,
1111111111111111111110110111100101010000,
0000000000000000000000000011011010011011,
0000000000000000000000000100011111001111,
0000000000000000000000110000011010111011,
1111111111111111111111101010011000111101,
0000000000000000000001000001011110100000,
1111111111111111111111100100001000001111,
0000000000000000000000001010110111111001,
1111111111111111111111100110101000110101,
1111111111111111111110111110011100010111,
0000000000000000000000100001000010111100,
0000000000000000000000101111011111101010,
0000000000000000000001001101010010011000,
1111111111111111111110101101100110101100,
0000000000000000000000101110111111000001,
0000000000000000000001001011010100101100,
1111111111111111111111011011101110100001,
1111111111111111111111100010011010001100,
1111111111111111111110110110010101100000,
0000000000000000000001000110111001010111,
0000000000000000000001001110011010111010,
1111111111111111111101011010110011010000,
1111111111111111111110011001001101001001,
1111111111111111111110100111011111001111,
1111111111111111111111101010101111010110,
0000000000000000000000000101110111101101,
0000000000000000000010000011100101011101,
0000000000000000000010001001111011011010,
0000000000000000000000101111101101010101,
0000000000000000000000101111000111101101,
1111111111111111111100110110111010110011,
0000000000000000000010101100100010110100,
0000000000000000000000111011000000111010,
1111111111111111111110001100111010110100,
1111111111111111111101100001010100001101,
0000000000000000000001101101000001000000,
0000000000000000000001001100101010010100,
0000000000000000000010011100011010111001,
0000000000000000000000001010001100111000,
1111111111111111111110000110101000110001,
1111111111111111111111111011000100110110,
0000000000000000000001100010010001001101,
1111111111111111111111100100111110010000,
1111111111111111111110111111010101010110,
0000000000000000000000110000000111011000,
1111111111111111111111010110111101111100,
1111111111111111111111100101011001010011,
1111111111111111111110101100100110000011,
0000000000000000000010101111001000111110,
0000000000000000000001111110111110111111,
0000000000000000000001011101111010010101,
0000000000000000000000101001100010010011,
0000000000000000000001010011110110010100,
0000000000000000000001101011111110110111,
1111111111111111111111101000001010001100,
1111111111111111111110110000010101110011,
0000000000000000000001001110001000110010,
1111111111111111111011110101001010010110,
0000000000000000000000101001010000101001,
1111111111111111111111000000100000110111,
1111111111111111111110000011011001001000,
1111111111111111111110110111010101000111,
1111111111111111111111011000110101111111,
1111111111111111111110110011011011011101,
0000000000000000000000101100100000011101,
1111111111111111111111100110000100000101,
0000000000000000000000001100110010111110,
1111111111111111111110011110101101011000,
0000000000000000000000100110001000010101,
1111111111111111111110100100000000101110,
0000000000000000000000111111001110110100,
1111111111111111111110100000101111001101,
0000000000000000000000101101010101011110,
0000000000000000000001110101010101001010,
1111111111111111111110111111010100111111,
1111111111111111111101110001001010001010,
1111111111111111111110010010110111101101,
0000000000000000000001011111101011010101,
1111111111111111111111011011011011110110,
1111111111111111111110110010010010110001,
1111111111111111111111111000101100101101,
0000000000000000000000001010011101111010,
0000000000000000000000011101000011110110,
1111111111111111111111011100101111001111,
1111111111111111111111101111011011100100,
0000000000000000000000101000101000010000,
0000000000000000000000011100000110010010,
0000000000000000000000100001011011101011,
0000000000000000000000001100000100101101,
1111111111111111111111110110111111010111,
1111111111111111111111100110111100011011,
1111111111111111111111010100011011110101,
1111111111111111111111110110111000100010,
1111111111111111111111110101011001000101,
0000000000000000000000110101111010011001,
1111111111111111111111001001001011000011,
1111111111111111111111101110111101010101,
0000000000000000000000100110000110111111,
0000000000000000000000101111011100011100,
1111111111111111111111100000001111011110,
1111111111111111111111111100101001101111,
1111111111111111111111010011111100001000,
0000000000000000000000000110010101000101,
0000000000000000000000011101100011001001,
0000000000000000000000000111011111101000,
1111111111111111111111100111001010101110,
1111111111111111111111111010000100101110,
0000000000000000000000000100101001010101,
1111111111111111111111111001101100111110,
0000000000000000000000010001000101011011,
1111111111111111111111111111101010111110,
0000000000000000000000011110101100110110,
1111111111111111111111001000001000101011,
1111111111111111111111011110001100110001,
1111111111111111111111101101001100001001,
0000000000000000000000000011000110111110,
1111111111111111111111100110001100000110,
1111111111111111111111010011011011111110,
1111111111111111111111101101000101100111,
0000000000000000000000001111010111011000,
1111111111111111111111101000101111000001,
0000000000000000000000101001010000101001,
1111111111111111111110001001100000100011,
0000000000000000000000001111111001011011,
0000000000000000000000010110001001110100,
0000000000000000000000011110001010111001,
0000000000000000000000000101110111101101,
0000000000000000000000100001111111110101,
1111111111111111111111100001010101111100,
0000000000000000000000000011001011110010,
0000000000000000000000000000110000111110,
0000000000000000000000011001011011001110,
1111111111111111111111110101000010011111,
0000000000000000000000011111011111101000,
1111111111111111111111110000110101100110,
0000000000000000000000001011000100001101,
1111111111111111111111110011000101111101,
1111111111111111111111011110101000000111,
0000000000000000000000010001001110011110,
0000000000000000000000011100011001011110,
0000000000000000000000100101001101110000,
1111111111111111111111011001110101010100,
0000000000000000000000010100011100111001,
0000000000000000000000100010001011011101,
1111111111111111111111110010110011011011,
1111111111111111111111110101010111011111,
1111111111111111111111100110101011111111,
0000000000000000000000010101100011001101,
0000000000000000000000100000011111000100,
1111111111111111111110111101110001100001,
1111111111111111111111010111111000000111,
1111111111111111111111100001000000110101,
1111111111111111111111111010000111011001,
1111111111111111111111111111011011111101,
0000000000000000000000110111100100010011,
0000000000000000000000110011100100111001,
0000000000000000000000010100001000100110,
0000000000000000000000010011010001001010,
1111111111111111111110110001000110111001,
0000000000000000000001000000011001001101,
0000000000000000000000010110101011110000,
1111111111111111111111010101101001010101,
1111111111111111111111000011101000010110,
0000000000000000000000101001110010111100,
0000000000000000000000100100101101011011,
0000000000000000000000111100100011010100,
0000000000000000000000000111011111110010,
1111111111111111111111001111001110110110,
0000000000000000000000000000011100101011,
0000000000000000000000100111001000111000,
1111111111111111111111110000010100011000,
1111111111111111111111100001101111001000,
0000000000000000000000010101011011000100,
1111111111111111111111110010001111110010,
1111111111111111111111110010101011111000,
1111111111111111111111100010011111011011,
0000000000000000000001000001010001111111,
0000000000000000000000110001111010100110,
0000000000000000000000100111010011001101,
0000000000000000000000010101110010011001,
0000000000000000000000011111100111010000,
0000000000000000000000100100010110010001,
1111111111111111111111101100111001000110,
1111111111111111111111011110011011111100,
0000000000000000000000011101110000110111,
1111111111111111111111000000100000110111,
0000000000000000000000001111111001011011,
1111111111111111111101111011111110111011,
1111111111111111111111001010110001011110,
1111111111111111111111100111100110111011,
1111111111111111111111101110110110101000,
1111111111111111111111100111001001100101,
0000000000000000000000001010001111101000,
1111111111111111111111110100010111110000,
0000000000000000000000000110101000110101,
1111111111111111111111011001100100110010,
0000000000000000000000001110101011001110,
1111111111111111111111011110100010101101,
0000000000000000000000011001011111111010,
1111111111111111111111010101000010111000,
0000000000000000000000010001011111110011,
0000000000000000000000101101010010111000,
1111111111111111111111100110100101010100,
1111111111111111111111000100001001000100,
1111111111111111111111011000010000000100,
0000000000000000000000100000101101101100,
1111111111111111111111110101110000100011,
1111111111111111111111100110101010000010,
1111111111111111111111110111010010110011,
0000000000000000000000000000110011111000,
0000000000000000000000011011001011010011,
1111111111111111111110101000101110101110,
0000000000000000000001011011011100110011,
1111111111111111111101101111010100010001,
1111111111111111111110111101100100110000,
0000000000000000000000010100001101100010,
0000000000000000000000100110101110111001,
1111111111111111111111000101101111100110,
0000000000000000000010110000011101011101,
0000000000000000000000100111111111110100,
0000000000000000000000111111101101010100,
0000000000000000000000110001011111000011,
1111111111111111111101110101001111111100,
0000000000000000000000101111010010000100,
0000000000000000000000011110100000010001,
1111111111111111111111101101011000001100,
1111111111111111111110111011100011011101,
0000000000000000000000110110000001100110,
0000000000000000000011000101000100001101,
0000000000000000000001011010001001100010,
0000000000000000000001010010111111010101,
1111111111111111111110010011001101001100,
0000000000000000000000110000010101010010,
0000000000000000000001010000011111111000,
1111111111111111111101111110111110100000,
1111111111111111111101101001000010000000,
0000000000000000000001011000100001101101,
0000000000000000000000010110101010010011,
1111111111111111111110101111000111110001,
0000000000000000000000001100010100010000,
0000000000000000000000101110001101110111,
0000000000000000000001011001101011011001,
0000000000000000000001110110001010011100,
0000000000000000000010010100000001010110,
0000000000000000000000011101111100111110,
1111111111111111111111000111101100111000,
1111111111111111111100011011100001100011,
1111111111111111111110010110110100101011,
0000000000000000000000100010100000101100,
1111111111111111111110000011011001001000,
0000000000000000000000010110001001110100,
1111111111111111111111001010110001011110,
1111111111111111111011100001000010001100,
0000000000000000000000100111011001011111,
1111111111111111111110111110001101000110,
0000000000000000000000111100000000100110,
1111111111111111111110000001110100100000,
1111111111111111111111001110100001000010,
0000000000000000000000101011111111001111,
1111111111111111111110110111010101110100,
0000000000000000000000010100001000000011,
1111111111111111111111111001110000101101,
0000000000000000000000111010101000100111,
1111111111111111111101000100111110101000,
0000000000000000000000011000111110110000,
0000000000000000000001000000111010001110,
1111111111111111111111010010011011010001,
1111111111111111111101001010011111010101,
1111111111111111111111110111010111001000,
1111111111111111111111011001001010001000,
0000000000000000000000111111111111001010,
0000000000000000000000111010001100101010,
1111111111111111111101111011111111000011,
1111111111111111111111010111001001000100,
1111111111111111111101111101010100111010,
0000000000000000000011000100000111000010,
0000000000000000000000000000100010110111,
1111111111111111111111000111101001001101,
1111111111111111111111000001110000111010,
1111111111111111111101110001010011111000,
1111111111111111111110110110101110110001,
0000000000000000000001001010111110100011,
1111111111111111111111100110011011001111,
0000000000000000000010001100000011111000,
1111111111111111111111110111000010100000,
0000000000000000000000000110100111011111,
1111111111111111111110010000011001101011,
0000000000000000000010110010011000010110,
0000000000000000000000101100100000110101,
1111111111111111111101111010001010010111,
1111111111111111111101111000101011100011,
0000000000000000000001010100111001110101,
1111111111111111111110000100100110011101,
0000000000000000000001101011010010001001,
1111111111111111111110101110001111010000,
1111111111111111111111011001011110101010,
1111111111111111111111000001101110001111,
0000000000000000000000100111111011100111,
0000000000000000000001110000000011000000,
0000000000000000000001010110100001011100,
1111111111111111111111011011000001010011,
1111111111111111111110101110100011011010,
0000000000000000000000111001001100110010,
1111111111111111111110000001010010011011,
0000000000000000000010110111000111000100,
0000000000000000000001000100000110111101,
1111111111111111111111110110101100101001,
1111111111111111111110001101101010010101,
0000000000000000000001001110101001111101,
0000000000000000000011010010011111111010,
0000000000000000000011100110110100100110,
0000000000000000000000001101100101011010,
0000000000000000000001000001101100111111,
1111111111111111111110110111010101000111,
0000000000000000000000011110001010111001,
1111111111111111111111100111100110111011,
0000000000000000000000100111011001011111,
1111111111111111111100000101111011001100,
0000000000000000000000010110111001110000,
1111111111111111111101010011100111001011,
0000000000000000000011001101010010101010,
0000000000000000000000010101111101101110,
1111111111111111111111011110101000100000,
1111111111111111111111010000010111010111,
0000000000000000000000011100010001111111,
1111111111111111111110001011000100001101,
0000000000000000000000010001110100101100,
0000000000000000000001010110101111010110,
0000000000000000000000100000011010100011,
0000000000000000000001010011100110000000,
1111111111111111111111011101001100110000,
0000000000000000000000010000001100110100,
1111111111111111111101110110101100110101,
0000000000000000000010101101110011010100,
1111111111111111111110000101000000110001,
1111111111111111111101010100001010100100,
0000000000000000000010001110000110110000,
0000000000000000000000000010110111100101,
0000000000000000000000010001110011100110,
1111111111111111111111010100111101001001,
0000000000000000000000100000000100110101,
1111111111111111111111010000110000110100,
1111111111111111111111101100100111001100,
0000000000000000000000010000000111101110,
0000000000000000000000010010001110111101,
1111111111111111111111100110110011011010,
0000000000000000000000111111100100111000,
0000000000000000000000000101001011111011,
0000000000000000000000010110111011111001,
0000000000000000000000010000111101001111,
1111111111111111111111010110010101101110,
0000000000000000000000000101010100100010,
0000000000000000000000000111111001010100,
0000000000000000000000000001111011001111,
1111111111111111111111110000100001100110,
0000000000000000000000001101100110011001,
0000000000000000000001001100111111110111,
0000000000000000000000011000110111100101,
0000000000000000000000100010010011110110,
1111111111111111111111011100001111001000,
0000000000000000000000010100111010001100,
0000000000000000000000011001101111010100,
1111111111111111111111001011100111000111,
1111111111111111111111000101100001010010,
0000000000000000000000100001011011000001,
0000000000000000000000001101000110111001,
1111111111111111111111011111111111000000,
0000000000000000000000001100010101101001,
0000000000000000000000000100101001011100,
0000000000000000000000011011001011100011,
0000000000000000000000101010000100111111,
0000000000000000000000111011001101000101,
0000000000000000000000000101100010101111,
1111111111111111111111011110111010111000,
1111111111111111111110100001001011100001,
1111111111111111111111011010001101100000,
0000000000000000000000000111111101100101,
1111111111111111111111011000110101111111,
0000000000000000000000000101110111101101,
1111111111111111111111101110110110101000,
1111111111111111111110111110001101000110,
0000000000000000000000010110111001110000,
1111111111111111111101111100110001100100,
0000000000000000000000011111111110010000,
1111111111111111111111000110101101100111,
1111111111111111111111101101001111000111,
0000000000000000000000010001100011100010,
1111111111111111111111101001100000000001,
0000000000000000000000000101010001110011,
0000000000000000000000000101001101000101,
0000000000000000000000010011011101011111,
1111111111111111111110111000110110001111,
0000000000000000000000000110101110001010,
0000000000000000000000010001100000010010,
1111111111111111111111110010001100101111,
1111111111111111111110111111001111100101,
0000000000000000000000000101101001100110,
1111111111111111111111100111010111101101,
0000000000000000000000011110001111101100,
0000000000000000000000011111010011010011,
1111111111111111111111001000101010001111,
1111111111111111111111001111101010001101,
1111111111111111111101100011100100000000,
0000000000000000000011101110001111101011,
1111111111111111111111111001110100011010,
1111111111111111111111001000001101000101,
1111111111111111111110111011011010101010,
1111111111111111111101010101111000100010,
1111111111111111111110100110100010000000,
0000000000000000000001011100111100011011,
1111111111111111111111010100100111001000,
0000000000000000000010100010100001000110,
1111111111111111111111110000101010000011,
0000000000000000000000000100001000000100,
1111111111111111111110000110011111000001,
0000000000000000000011001111010000001111,
0000000000000000000000110010010100100111,
1111111111111111111101100011001111011001,
1111111111111111111101100101001101010101,
0000000000000000000001100000010010110101,
1111111111111111111101011111011110101100,
0000000000000000000001111000000010110010,
1111111111111111111110011001001100011000,
1111111111111111111111011010100110011101,
1111111111111111111110110010110011011001,
0000000000000000000000101001001011010111,
0000000000000000000010001110000001110100,
0000000000000000000001110001100000010110,
1111111111111111111111001101101100100101,
1111111111111111111110011110000100010101,
0000000000000000000001001001101000000010,
1111111111111111111101101001010110100010,
0000000000000000000011010100111011000010,
0000000000000000000001001001110010011011,
1111111111111111111111101100001100001001,
1111111111111111111101101101110110001001,
0000000000000000000001011010101101010011,
0000000000000000000011111100111011111010,
0000000000000000000100100001110011001101,
0000000000000000000000010111111001101011,
0000000000000000000001001011000011111110,
1111111111111111111110110011011011011101,
0000000000000000000000100001111111110101,
1111111111111111111111100111001001100101,
0000000000000000000000111100000000100110,
1111111111111111111101010011100111001011,
0000000000000000000000011111111110010000,
1111111111111111111011000101001001010010,
0000000000000000000011111011111111111000,
0000000000000000000000011101101001011001,
1111111111111111111111010101010010100001,
1111111111111111111111001101001000101000,
0000000000000000000000011111111010101001,
1111111111111111111101110110010010100111,
0000000000000000000000010000101011110110,
0000000000000000000001110100011100111101,
0000000000000000000000100100011100000101,
0000000000000000000001011101111011110010,
1111111111111111111111011010010001110111,
0000000000000000000000100000101100000101,
1111111111111111111101011110011001111100,
0000000000000000000011010000010001010101,
1111111111111111111101101001111001011001,
1111111111111111111100110000100110111110,
0000000000000000000010110001110001010011,
0000000000000000000000110110001101000101,
0000000000000000000010110111011110101100,
1111111111111111111011011001100000000100,
0000000000000000000000100100111011111010,
0000000000000000000000001110101110110100,
0000000000000000000000110110101101001011,
0000000000000000000011000100011101000110,
0000000000000000000001110000100011010100,
1111111111111111111110000101001010000101,
0000000000000000000001101010011000000101,
1111111111111111111101010111110011010110,
0000000000000000000000100110000010111110,
0000000000000000000000001011101001101010,
0000000000000000000001011010000000101001,
1111111111111111111100101000010001110011,
1111111111111111111111010001110111101111,
0000000000000000000010101000110010110111,
0000000000000000000010010110001110111010,
1111111111111111111110100110010011010010,
0000000000000000000011110011110101110000,
1111111111111111111110010111101010101111,
0000000000000000000010001101111110001100,
0000000000000000000000000101111111100110,
0000000000000000000001100110000000110011,
1111111111111111111111101100011111110000,
1111111111111111111100110111001001001110,
1111111111111111111101001111110000101110,
0000000000000000000001010101001101010001,
0000000000000000000001110100101101110110,
1111111111111111111110010011010010000100,
0000000000000000000010101100001000110110,
1111111111111111111100100001100110100110,
1111111111111111111111001011001000000000,
0000000000000000000000111100111010110001,
0000000000000000000011010011101100110011,
1111111111111111111110100100101000001010,
1111111111111111111011010011010010000011,
1111111111111111111001110001100101111101,
1111111111111111111111000010110010000111,
1111111111111111111110110111100101010000,
0000000000000000000000101100100000011101,
1111111111111111111111100001010101111100,
0000000000000000000000001010001111101000,
1111111111111111111110000001110100100000,
0000000000000000000011001101010010101010,
1111111111111111111111000110101101100111,
0000000000000000000011111011111111111000,
1111111111111111111001010010101100110000,
1111111111111111111111001110101010100111,
0000000000000000000000111110000110110001,
0000000000000000000000100000111000110111,
1111111111111111111111100010111111111011,
0000000000000000000010010111100110110011,
0000000000000000000000000000101001001001,
1111111111111111111101000000101000010110,
1111111111111111111111011111100011000010,
1111111111111111111110101100100000101001,
0000000000000000000000011011000111100111,
1111111111111111111110011111111001110111,
0000000000000000000010110001011110000001,
1111111111111111111100001010110110101000,
0000000000000000000010111100100000001100,
0000000000000000000011111010100001011110,
1111111111111111111100001110010001111101,
0000000000000000000000000011100101101000,
0000000000000000000000010001110001110011,
1111111111111111111111011001011001101100,
0000000000000000000000010111011001101101,
1111111111111111111111011111100100010010,
1111111111111111111111110100000111100010,
0000000000000000000000010000111111001000,
0000000000000000000000001111111111011111,
1111111111111111111111101010110111000111,
0000000000000000000000101111010110111011,
1111111111111111111111111110101010110000,
0000000000000000000000010001000100110101,
0000000000000000000000001100001000111101,
1111111111111111111111100101101010000111,
1111111111111111111111111101010111011010,
0000000000000000000000000100001000110111,
0000000000000000000000000110010011000011,
1111111111111111111111111001101001010101,
0000000000000000000000000110110100111110,
0000000000000000000000111100101110111110,
0000000000000000000000001110001111001111,
0000000000000000000000011100000010101010,
1111111111111111111111100111010010110001,
0000000000000000000000010001100010110100,
0000000000000000000000010001010101011110,
1111111111111111111111010101101001101001,
1111111111111111111111010010001000101011,
0000000000000000000000011001110000011010,
0000000000000000000000001100100011000100,
1111111111111111111111100110100010000010,
0000000000000000000000001101101000111111,
1111111111111111111111111100101100111000,
0000000000000000000000010001010110111010,
0000000000000000000000011111000100001011,
0000000000000000000000101111011010001111,
0000000000000000000000000001001011000011,
1111111111111111111111100000001001101101,
1111111111111111111110110010010100111000,
1111111111111111111111100011111010001111,
0000000000000000000000000011011010011011,
1111111111111111111111100110000100000101,
0000000000000000000000000011001011110010,
1111111111111111111111110100010111110000,
1111111111111111111111001110100001000010,
0000000000000000000000010101111101101110,
1111111111111111111111101101001111000111,
0000000000000000000000011101101001011001,
1111111111111111111111001110101010100111,
1111111111111111111110000110110100100001,
0000000000000000000000001110000010011101,
1111111111111111111111110001010011111101,
0000000000000000000000000010110100100000,
0000000000000000000000001000000100101111,
0000000000000000000000001101100011110001,
1111111111111111111111001000110111111100,
0000000000000000000000000011101110010010,
0000000000000000000000001001101110100000,
1111111111111111111111110111001100011100,
1111111111111111111111010000000111110110,
0000000000000000000000001001001001001100,
1111111111111111111111100111101010011101,
0000000000000000000000011010100101000111,
0000000000000000000000011101001000110000,
1111111111111111111111010010011001011010,
1111111111111111111111111000101000100000,
1111111111111111111111100011011000110001,
0000000000000000000000110100011111100010,
1111111111111111111111101101010011100011,
0000000000000000000000010011110010111111,
0000000000000000000000000010101011100100,
1111111111111111111111100010101100110101,
1111111111111111111111101011001000010001,
0000000000000000000000011001001011110000,
1111111111111111111111010111001111000100,
0000000000000000000000010000011101110001,
1111111111111111111111110001010101001010,
1111111111111111111111110110111111111001,
0000000000000000000000001000110101111001,
0000000000000000000000010101101110001011,
0000000000000000000000000001100100111011,
1111111111111111111111101100001111010101,
1111111111111111111111110110001101110101,
0000000000000000000000000011110111001100,
1111111111111111111111000001110000101111,
0000000000000000000000000000011000100100,
1111111111111111111111100000100010011111,
0000000000000000000000001111100100001100,
1111111111111111111111101011000101111111,
1111111111111111111111110110011111110100,
0000000000000000000000101110010000011101,
0000000000000000000000101110010001001010,
1111111111111111111111100111010010110001,
1111111111111111111111101100111111011000,
0000000000000000000000011010101100101110,
1111111111111111111111100111001000110111,
0000000000000000000000010110110001100010,
1111111111111111111111111001100100111010,
1111111111111111111111100110000101001101,
1111111111111111111111001101011011111000,
0000000000000000000000000111101101010001,
0000000000000000000000110000101010100011,
0000000000000000000001010111100111111100,
0000000000000000000000011000000000010100,
0000000000000000000000000100011111001111,
0000000000000000000000001100110010111110,
0000000000000000000000000000110000111110,
0000000000000000000000000110101000110101,
0000000000000000000000101011111111001111,
1111111111111111111111011110101000100000,
0000000000000000000000010001100011100010,
1111111111111111111111010101010010100001,
0000000000000000000000111110000110110001,
0000000000000000000000001110000010011101,
1111111111111111111110000110011001111111,
0000000000000000000000000110100010001110,
0000000000000000000000000000110110010101,
1111111111111111111111101100101011001010,
1111111111111111111111110111000101111110,
0000000000000000000000110101101101101101,
0000000000000000000000000000100101000111,
0000000000000000000000000001011001010001,
0000000000000000000000000011001110110011,
0000000000000000000000101000001001101000,
1111111111111111111111101001100101000001,
0000000000000000000000100110100111000101,
1111111111111111111111011101001011011001,
1111111111111111111111010101110000100101,
0000000000000000000000110100001010110101,
1111111111111111111111101101001010000110,
1111111111111111111111010000001011011000,
0000000000000000000000110000001111111110,
0000000000000000000000101110100001110101,
1111111111111111111110011100001111001111,
1111111111111111111111000001000100001000,
1111111111111111111111000110111111011110,
1111111111111111111111110001000100101110,
0000000000000000000000000101110110100100,
0000000000000000000001001101001111000010,
0000000000000000000001010110001110111111,
0000000000000000000000011100000000110100,
0000000000000000000000011100001010000001,
1111111111111111111110000101001101011010,
0000000000000000000001101011111110011111,
0000000000000000000000100100011010001011,
1111111111111111111110110111100000110111,
1111111111111111111110011101100110110000,
0000000000000000000001000011010101111001,
0000000000000000000000101001100100001111,
0000000000000000000001100000001010100101,
0000000000000000000000000011011101110001,
1111111111111111111110110110110011010010,
1111111111111111111111111011000111000100,
0000000000000000000000111011100010111100,
1111111111111111111111110011100000110101,
1111111111111111111111011100011000011101,
0000000000000000000000011011010111100011,
1111111111111111111111100101000101101010,
1111111111111111111111110010000001111000,
1111111111111111111111001010100001101000,
0000000000000000000001101101101010100111,
0000000000000000000001001101011101111101,
0000000000000000000000110111011001111011,
0000000000000000000000010101000001010001,
0000000000000000000000110100001101111100,
0000000000000000000001000110101100110100,
1111111111111111111111111001001010001001,
1111111111111111111111010001001011101111,
0000000000000000000000110000011010111011,
1111111111111111111110011110101101011000,
0000000000000000000000011001011011001110,
1111111111111111111111011001100100110010,
1111111111111111111110110111010101110100,
1111111111111111111111010000010111010111,
1111111111111111111111101001100000000001,
1111111111111111111111001101001000101000,
0000000000000000000000100000111000110111,
1111111111111111111111110001010011111101,
0000000000000000000000000110100010001110,
1111111111111111111101011010000111011000,
0000000000000000000000010111100000100110,
1111111111111111111111000101101111100111,
0000000000000000000000100110000100001111,
1111111111111111111111001010001111100000,
0000000000000000000000011011111010011101,
0000000000000000000001001000001110110111,
1111111111111111111111011000100010101110,
1111111111111111111110101011110010101111,
1111111111111111111110111010111011110001,
0000000000000000000000111110001111011110,
1111111111111111111111100110011011001010,
1111111111111111111111001100011110101001,
0000000000000000000000000000001010011011,
0000000000000000000000001001110001011100,
0000000000000000000000011011001101010010,
1111111111111111111111011110110100011110,
1111111111111111111111110000110100001000,
0000000000000000000000100101011110101100,
0000000000000000000000011010000001011110,
0000000000000000000000011111010001000110,
0000000000000000000000001011011000110101,
1111111111111111111111110111011010010111,
1111111111111111111111101001001001110100,
1111111111111111111111010111011101011001,
1111111111111111111111110111101011111000,
1111111111111111111111110110010000000000,
0000000000000000000000110001111001010111,
1111111111111111111111001100111110000100,
1111111111111111111111110000001011111101,
0000000000000000000000100011100000111000,
0000000000000000000000101100000100110000,
1111111111111111111111100010100001011101,
1111111111111111111111111101011110101000,
1111111111111111111111010111001001101000,
0000000000000000000000000110001010010111,
0000000000000000000000011011001111110111,
0000000000000000000000000111001001001001,
1111111111111111111111101001000100010111,
1111111111111111111111111010000100101101,
0000000000000000000000000011110111111100,
1111111111111111111111111010011001001010,
0000000000000000000000010000000001000010,
1111111111111111111111111111011100100010,
0000000000000000000000011100101100010111,
1111111111111111111111001011111111111001,
1111111111111111111111100000101110011100,
1111111111111111111111101110110011011111,
0000000000000000000000000011010110101110,
1111111111111111111111101000000000000000,
1111111111111111111111010110001110111011,
1111111111111111111111101101101001011110,
0000000000000000000000001110000001010001,
1111111111111111111111101010011000111101,
0000000000000000000000100110001000010101,
1111111111111111111111110101000010011111,
0000000000000000000000001110101011001110,
0000000000000000000000010100001000000011,
0000000000000000000000011100010001111111,
0000000000000000000000000101010001110011,
0000000000000000000000011111111010101001,
1111111111111111111111100010111111111011,
0000000000000000000000000010110100100000,
0000000000000000000000000000110110010101,
0000000000000000000000010111100000100110,
1111111111111111111110001011001001111100,
0000000000000000000000011101011000001000,
1111111111111111111111110010000001101111,
0000000000000000000000001001110000011001,
1111111111111111111111110100000001111000,
1111111111111111111111100001000011000111,
0000000000000000000000001111111100000111,
0000000000000000000000011001111100110110,
0000000000000000000000100010101101011010,
1111111111111111111111011100010000011011,
0000000000000000000000010011010010001111,
0000000000000000000000100000000101001001,
1111111111111111111111110011010001110100,
1111111111111111111111011100010100110001,
1111111111111111111110010011011101111110,
0000000000000000000010011000010110110110,
0000000000000000000000010101001011101000,
1111111111111111111110101101110010001011,
1111111111111111111110111010010101110100,
1111111111111111111110000111010110000111,
1111111111111111111111001000011101110000,
0000000000000000000000110100100111010100,
0000000000000000000000010001100000010001,
0000000000000000000010000011111110100111,
0000000000000000000000000110100011110000,
0000000000000000000000010001000000101011,
1111111111111111111101111110101001001101,
0000000000000000000010100111010000100011,
0000000000000000000000101101111110001111,
1111111111111111111110000110010100100111,
1111111111111111111101111001101111100000,
0000000000000000000001010110101111101111,
1111111111111111111111000000010100000111,
0000000000000000000001110010100100001101,
1111111111111111111111001011000001111110,
1111111111111111111111000101100011111110,
1111111111111111111111010100010010001110,
0000000000000000000000110101010001010001,
0000000000000000000001000101001000001000,
0000000000000000000000101001110000011111,
1111111111111111111111110011100101100100,
1111111111111111111110111101101001100011,
0000000000000000000000011111111000111111,
1111111111111111111110010011100101001001,
0000000000000000000010101011001010110010,
0000000000000000000001010000000100111110,
0000000000000000000000010010100101100101,
1111111111111111111110111101001010011010,
0000000000000000000001001011110100000000,
0000000000000000000010101011111111110011,
0000000000000000000010010110110110101000,
1111111111111111111111110100000111000110,
0000000000000000000001000001011110100000,
1111111111111111111110100100000000101110,
0000000000000000000000011111011111101000,
1111111111111111111111011110100010101101,
1111111111111111111111111001110000101101,
1111111111111111111110001011000100001101,
0000000000000000000000000101001101000101,
1111111111111111111101110110010010100111,
0000000000000000000010010111100110110011,
0000000000000000000000001000000100101111,
1111111111111111111111101100101011001010,
1111111111111111111111000101101111100111,
0000000000000000000000011101011000001000,
1111111111111111111100101101010010010011,
0000000000000000000000011100111010101100,
0000000000000000000000100001110010010011,
0000000000000000000000100010000110101010,
0000000000000000000001011000000011111000,
1111111111111111111111010111001000111101,
1111111111111111111111100101001000000001,
1111111111111111111110000101100010110110,
0000000000000000000010001111101111100000,
1111111111111111111110100010100010111111,
1111111111111111111101110110010111011011,
0000000000000000000001011110110101001010,
0000000000000000000000001000111110111010,
0000000000000000000000010011100000110011,
1111111111111111111111110100001001001001,
1111111111111111111111011101100101111011,
0000000000000000000001000011000011001100,
0000000000000000000000100111000011000101,
0000000000000000000000011000110110101101,
0000000000000000000000000010001000100000,
0000000000000000000000000100110011000110,
1111111111111111111111000011101010001101,
1111111111111111111111010001001010111100,
1111111111111111111111101010001001110100,
1111111111111111111111101011111100011101,
0000000000000000000001001101011000011100,
1111111111111111111111000101101110101111,
1111111111111111111111101010011100100111,
0000000000000000000000100101011001101100,
0000000000000000000000111000011010101010,
1111111111111111111111011000011100101110,
1111111111111111111111010010001010110101,
1111111111111111111111000101110100011101,
1111111111111111111111110011011110001100,
0000000000000000000000110001100010101001,
1111111111111111111111111100000010010010,
1111111111111111111111011000101111110000,
0000000000000000000000010110111001110001,
0000000000000000000000100100111011100110,
1111111111111111111111100111001101111010,
0000000000000000000000001010000001000100,
0000000000000000000000010001010100011110,
0000000000000000000000011000001011101110,
1111111111111111111111000101000011100000,
1111111111111111111111001110111001100111,
1111111111111111111111010101110100001111,
1111111111111111111111100010011111110001,
1111111111111111111111100010111001001011,
1111111111111111111111100101010000110000,
0000000000000000000000100001001100001010,
0000000000000000000000100100010101111010,
1111111111111111111111100100001000001111,
0000000000000000000000111111001110110100,
1111111111111111111111110000110101100110,
0000000000000000000000011001011111111010,
0000000000000000000000111010101000100111,
0000000000000000000000010001110100101100,
0000000000000000000000010011011101011111,
0000000000000000000000010000101011110110,
0000000000000000000000000000101001001001,
0000000000000000000000001101100011110001,
1111111111111111111111110111000101111110,
0000000000000000000000100110000100001111,
1111111111111111111111110010000001101111,
0000000000000000000000011100111010101100,
1111111111111111111101111011010010101101,
0000000000000000000000110010011001011101,
1111111111111111111111101111010001001000,
1111111111111111111111010100101010101000,
0000000000000000000000011000111111101100,
0000000000000000000001000000010111010101,
0000000000000000000000100010011100100000,
1111111111111111111111100111000011101110,
0000000000000000000000000011111101110100,
0000000000000000000000010001001111010001,
0000000000000000000000010001001100010011,
0000000000000000000000001110101011110110,
0000000000000000000001000110101000111100,
1111111111111111111101101001001110010100,
0000000000000000000001010111111000001100,
1111111111111111111110000111110110100111,
1111111111111111111111010101001101101011,
0000000000000000000001000100000001011001,
0000000000000000000000111110001110111001,
1111111111111111111110101110011000101011,
0000000000000000000010110010101000001111,
1111111111111111111111110110110110100010,
0000000000000000000001000000011001011111,
0000000000000000000000101101011001101001,
1111111111111111111110100000010111011001,
1111111111111111111111110000110100111010,
0000000000000000000000001110001110011111,
0000000000000000000000011011100111010011,
1111111111111111111111101100001000111010,
0000000000000000000000010111001000010111,
0000000000000000000011100111110000110000,
0000000000000000000000110010010011010000,
0000000000000000000001101011101111011001,
1111111111111111111110100100010110000010,
0000000000000000000001000011101111001000,
0000000000000000000000111111111011011000,
1111111111111111111101011101100111111100,
1111111111111111111101010001001011011000,
0000000000000000000001100001110101010011,
0000000000000000000000110001100010100000,
1111111111111111111110011110101001101010,
0000000000000000000000110110111110110110,
1111111111111111111111101110001100001101,
0000000000000000000000111111001011011101,
0000000000000000000001110100111100111111,
0000000000000000000010110101011100110011,
0000000000000000000000000010000100111000,
1111111111111111111110000010001001101100,
1111111111111111111011010101011011110011,
1111111111111111111110010110000110000101,
0000000000000000000000001010110111111001,
1111111111111111111110100000101111001101,
0000000000000000000000001011000100001101,
1111111111111111111111010101000010111000,
1111111111111111111101000100111110101000,
0000000000000000000001010110101111010110,
1111111111111111111110111000110110001111,
0000000000000000000001110100011100111101,
1111111111111111111101000000101000010110,
1111111111111111111111001000110111111100,
0000000000000000000000110101101101101101,
1111111111111111111111001010001111100000,
0000000000000000000000001001110000011001,
0000000000000000000000100001110010010011,
0000000000000000000000110010011001011101,
1111111111111111111011000011101101011111,
0000000000000000000000001101000001100011,
0000000000000000000000100010000011101110,
1111111111111111111111011111111101001111,
1111111111111111111101001011101100101100,
0000000000000000000000100110011001111101,
1111111111111111111110011111011100110011,
0000000000000000000001100111011110001010,
0000000000000000000001110010100001010001,
1111111111111111111101010000100000111001,
0000000000000000000000001011010100011000,
0000000000000000000000011111010010000110,
1111111111111111111111011010010110001101,
1111111111111111111111101101100011111001,
0000000000000000000000101100110001000001,
0000000000000000000000011110110001010000,
0000000000000000000000100100000011010100,
0000000000000000000000001100110101111011,
1111111111111111111111110110100101001110,
1111111111111111111111100011111001101100,
1111111111111111111111010000101001011100,
1111111111111111111111110101110001110111,
1111111111111111111111110100001111101111,
0000000000000000000000111011000110100001,
1111111111111111111111000100011011000111,
1111111111111111111111101101011001001010,
0000000000000000000000101001010101000111,
0000000000000000000000110011101101010111,
1111111111111111111111011101010101110100,
1111111111111111111111111011010001001010,
1111111111111111111111001111110101000100,
0000000000000000000000000110011000010001,
0000000000000000000000100000100100111111,
0000000000000000000000000111110101011010,
1111111111111111111111100100101011110001,
1111111111111111111111111010010100001111,
0000000000000000000000000101111000000100,
1111111111111111111111111000101100000110,
0000000000000000000000010010010110101010,
0000000000000000000000000000000110011011,
0000000000000000000000100001001001000010,
1111111111111111111111000011010011101101,
1111111111111111111111011010111011100100,
1111111111111111111111101010111111000111,
0000000000000000000000000010100001110111,
1111111111111111111111100011111010001111,
1111111111111111111111010000000111000110,
1111111111111111111111101100110101000010,
0000000000000000000000010001001101101101,
1111111111111111111111100110101000110101,
0000000000000000000000101101010101011110,
1111111111111111111111110011000101111101,
0000000000000000000000010001011111110011,
0000000000000000000000011000111110110000,
0000000000000000000000100000011010100011,
0000000000000000000000000110101110001010,
0000000000000000000000100100011100000101,
1111111111111111111111011111100011000010,
0000000000000000000000000011101110010010,
0000000000000000000000000000100101000111,
0000000000000000000000011011111010011101,
1111111111111111111111110100000001111000,
0000000000000000000000100010000110101010,
1111111111111111111111101111010001001000,
0000000000000000000000001101000001100011,
1111111111111111111110000111001110001100,
1111111111111111111111011011100010000101,
0000000000000000000000010010111001000011,
0000000000000000000000011111101111100001,
0000000000000000000000101000010011100110,
1111111111111111111111010110111011100111,
0000000000000000000000010101110000110101,
0000000000000000000000100100101001010100,
1111111111111111111111110010011101111110,
0000000000000000000000011101001110000000,
0000000000000000000001010000101100110000,
1111111111111111111110011110111111100111,
1111111111111111111111010000001011110000,
0000000000000000000001110011111010000010,
0000000000000000000001001111100101110111,
0000000000000000000001011101000001110001,
0000000000000000000000100001000100001011,
1111111111111111111111100111110100011101,
1111111111111111111110110111000011001000,
1111111111111111111110000101101010001000,
1111111111111111111111100101011101110000,
1111111111111111111111100001100010100010,
0000000000000000000010011000111001110110,
1111111111111111111101100110000101010100,
1111111111111111111111001111111001000110,
0000000000000000000001101010101111100111,
0000000000000000000010000101101001111001,
1111111111111111111110100110011001010100,
1111111111111111111111110011010100111010,
1111111111111111111110000011011011011101,
0000000000000000000000010000010001101101,
0000000000000000000001010100010110111100,
0000000000000000000000010100000111010011,
1111111111111111111110111001010010101001,
1111111111111111111111110001101000000000,
0000000000000000000000001111100001010011,
1111111111111111111111101100111010111001,
0000000000000000000000101111010101001110,
0000000000000000000000000000011100100101,
0000000000000000000001010101100010000001,
1111111111111111111101100011001101000110,
1111111111111111111110100000000101110100,
1111111111111111111111001001011110011001,
0000000000000000000000000110001011111011,
1111111111111111111110110111011010010010,
1111111111111111111110000100011111110000,
1111111111111111111111001111000010010010,
0000000000000000000000101100101011110110,
1111111111111111111110111110011100010111,
0000000000000000000001110101010101001010,
1111111111111111111111011110101000000111,
0000000000000000000000101101010010111000,
0000000000000000000001000000111010001110,
0000000000000000000001010011100110000000,
0000000000000000000000010001100000010010,
0000000000000000000001011101111011110010,
1111111111111111111110101100100000101001,
0000000000000000000000001001101110100000,
0000000000000000000000000001011001010001,
0000000000000000000001001000001110110111,
1111111111111111111111100001000011000111,
0000000000000000000001011000000011111000,
1111111111111111111111010100101010101000,
0000000000000000000000100010000011101110,
1111111111111111111111011011100010000101,
1111111111111111111100110111000001101100,
0000000000000000000000110000111000001000,
0000000000000000000001010010010111101100,
0000000000000000000001101000000100111111,
1111111111111111111110010110000100000110,
0000000000000000000000111000000010010101,
0000000000000000000001011110011110001110,
1111111111111111111111011101010111110010,
1111111111111111111111110010101100100010,
1111111111111111111111011101011100110000,
0000000000000000000000100100101110101011,
0000000000000000000000011101111011110001,
1111111111111111111110111110001101101011,
1111111111111111111111010101101110001101,
1111111111111111111111010111001100010110,
1111111111111111111111110100010001010110,
0000000000000000000000000101111100011011,
0000000000000000000000110000111010110001,
0000000000000000000000111011100001011101,
0000000000000000000000010001110000000110,
0000000000000000000000010010010011000001,
1111111111111111111110101101110011001010,
0000000000000000000001001010100111100011,
0000000000000000000000011000101101001011,
1111111111111111111111001101011111110111,
1111111111111111111110111100110010111100,
0000000000000000000000101101110001010101,
0000000000000000000000010111001000110011,
0000000000000000000001000000111101001000,
1111111111111111111111111111110110011000,
1111111111111111111111001111110100000001,
1111111111111111111111111011000010110101,
0000000000000000000000100111011100110010,
1111111111111111111111111011001110101110,
1111111111111111111111101011100111010101,
0000000000000000000000010000100001011010,
1111111111111111111111101100010100111010,
1111111111111111111111111000101011100100,
1111111111111111111111011001111011100001,
0000000000000000000001001011110101111000,
0000000000000000000000110011110010110001,
0000000000000000000000100011010110101101,
0000000000000000000000001010001100001001,
0000000000000000000000100011110111010011,
0000000000000000000000110011100101010110,
0000000000000000000000000010010100001011,
1111111111111111111111100010010010101100,
0000000000000000000000100001000010111100,
1111111111111111111110111111010100111111,
0000000000000000000000010001001110011110,
1111111111111111111111100110100101010100,
1111111111111111111111010010011011010001,
1111111111111111111111011101001100110000,
1111111111111111111111110010001100101111,
1111111111111111111111011010010001110111,
0000000000000000000000011011000111100111,
1111111111111111111111110111001100011100,
0000000000000000000000000011001110110011,
1111111111111111111111011000100010101110,
0000000000000000000000001111111100000111,
1111111111111111111111010111001000111101,
0000000000000000000000011000111111101100,
1111111111111111111111011111111101001111,
0000000000000000000000010010111001000011,
0000000000000000000000110000111000001000,
1111111111111111111101111010111100001111,
1111111111111111111111001010010100110111,
1111111111111111111111001111100110001011,
0000000000000000000000101101000100111100,
1111111111111111111111101011111110100011,
1111111111111111111111011001110111111001,
0000000000000000000000000100001111010000,
1111111111111111111111111001101110111111,
0000000000000000000000000101101001011000,
1111111111111111111111000110111101010111,
0000000000000000000001011111101001001000,
1111111111111111111101011111000001011111,
1111111111111111111110101111110000111000,
1111111111111111111111111100010001110001,
0000000000000000000000011011101101101010,
1111111111111111111111010000001011110111,
0000000000000000000010110011111010100011,
0000000000000000000001000010001010111110,
0000000000000000000001000001000000001010,
0000000000000000000000110100110110101011,
1111111111111111111101011011100110101100,
0000000000000000000001010000011101000010,
0000000000000000000000100111100111101010,
1111111111111111111111010101001111101011,
1111111111111111111110100000111011100011,
0000000000000000000001000111001110011101,
0000000000000000000010111000011010100001,
0000000000000000000001110000110111010100,
0000000000000000000001001000011110011001,
1111111111111111111110000111101000000011,
0000000000000000000000100111101010000010,
0000000000000000000001011011000011100110,
1111111111111111111110001100101100110110,
1111111111111111111101110001010101000011,
0000000000000000000001010110000011100100,
0000000000000000000000001001011111111000,
1111111111111111111110110101011101000111,
1111111111111111111111110110110011110110,
0000000000000000000001010000001010011110,
0000000000000000000001101001100011011000,
0000000000000000000001111001110101101001,
0000000000000000000010000110101111111101,
0000000000000000000000101100111111001100,
1111111111111111111111101001110100101001,
1111111111111111111100111001011110000000,
1111111111111111111110010100011110011010,
0000000000000000000000101111011111101010,
1111111111111111111101110001001010001010,
0000000000000000000000011100011001011110,
1111111111111111111111000100001001000100,
1111111111111111111101001010011111010101,
0000000000000000000000010000001100110100,
1111111111111111111110111111001111100101,
0000000000000000000000100000101100000101,
1111111111111111111110011111111001110111,
1111111111111111111111010000000111110110,
0000000000000000000000101000001001101000,
1111111111111111111110101011110010101111,
0000000000000000000000011001111100110110,
1111111111111111111111100101001000000001,
0000000000000000000001000000010111010101,
1111111111111111111101001011101100101100,
0000000000000000000000011111101111100001,
0000000000000000000001010010010111101100,
1111111111111111111111001010010100110111,
1111111111111111111011011010100000000110,
1111111111111111111111011111000100101011,
1111111111111111111111110101101011000110,
0000000000000000000000101101011100011010,
0000000000000000000000011110111001000110,
1111111111111111111110001110110011101100,
1111111111111111111111010110000001111101,
1111111111111111111110000000011111111011,
0000000000000000000010110010101000011111,
0000000000000000000000011001100101001001,
1111111111111111111110011110001110010111,
1111111111111111111110101101100011111101,
1111111111111111111101110010001011110110,
1111111111111111111110111110111011111101,
0000000000000000000000111101011111000110,
0000000000000000000000010101110111011001,
0000000000000000000010011011100100100101,
0000000000000000000000001000001011001110,
0000000000000000000000010100010111101110,
1111111111111111111101100110110011010111,
0000000000000000000011000101001000100110,
0000000000000000000000110110010011110110,
1111111111111111111101110000101100111001,
1111111111111111111101100001100010101010,
0000000000000000000001100110011100111111,
1111111111111111111110110110011111001010,
0000000000000000000010000111011100100000,
1111111111111111111111000010010001100101,
1111111111111111111110111010011101011010,
1111111111111111111111001100111010011100,
0000000000000000000000111111010000011000,
0000000000000000000001010000011001111010,
0000000000000000000000110000000010110110,
1111111111111111111111110010000010000100,
1111111111111111111110110010000110001000,
0000000000000000000000100100111100001000,
1111111111111111111110000000100001100001,
0000000000000000000011001001101110100010,
0000000000000000000001011110110111010010,
0000000000000000000000010110101110000101,
1111111111111111111110110010011011010000,
0000000000000000000001011001011010100110,
0000000000000000000011001001111101101010,
0000000000000000000010101111110110001110,
1111111111111111111111110001010000010001,
0000000000000000000001001101010010011000,
1111111111111111111110010010110111101101,
0000000000000000000000100101001101110000,
1111111111111111111111011000010000000100,
1111111111111111111111110111010111001000,
1111111111111111111101110110101100110101,
0000000000000000000000000101101001100110,
1111111111111111111101011110011001111100,
0000000000000000000010110001011110000001,
0000000000000000000000001001001001001100,
1111111111111111111111101001100101000001,
1111111111111111111110111010111011110001,
0000000000000000000000100010101101011010,
1111111111111111111110000101100010110110,
0000000000000000000000100010011100100000,
0000000000000000000000100110011001111101,
0000000000000000000000101000010011100110,
0000000000000000000001101000000100111111,
1111111111111111111111001111100110001011,
1111111111111111111111011111000100101011,
1111111111111111111100000101001011101110,
0000000000000000000010101000110110000111,
1111111111111111111110010010100000010100,
1111111111111111111101011110011110110001,
0000000000000000000001101110101000000011,
0000000000000000000000110010000100010111,
0000000000000000000010011110110101011111,
1111111111111111111100010100000100011001,
1111111111111111111111111010100001100100,
0000000000000000000001001100101110010111,
0000000000000000000001001111110100100100,
0000000000000000000010101101111100000111,
0000000000000000000001010111110100110011,
1111111111111111111110100111000110110101,
0000000000000000000000010110000101101101,
1111111111111111111101010010000111101010,
0000000000000000000000000111101001000010,
1111111111111111111111110101010010000111,
0000000000000000000010010000001010100011,
1111111111111111111100100010101111010100,
1111111111111111111111000111110011011011,
0000000000000000000010100101001000000000,
0000000000000000000010101001100011111011,
1111111111111111111110010101000001111001,
0000000000000000000010001100111110111010,
1111111111111111111101110111101011101100,
0000000000000000000001011111111010100000,
0000000000000000000000110100111101101011,
0000000000000000000001001001110101101111,
1111111111111111111111001010110010110101,
1111111111111111111101111101010111001111,
1111111111111111111110011101110100100011,
0000000000000000000000101000101100110010,
0000000000000000000001100010101100110000,
1111111111111111111110111110000110010111,
0000000000000000000010011010110000100100,
1111111111111111111100011100111111101001,
1111111111111111111110100111110000001110,
0000000000000000000000000101001100100111,
0000000000000000000010000100011100110000,
1111111111111111111110011101111101010100,
1111111111111111111100000000110010110010,
1111111111111111111011110000111010110110,
1111111111111111111111110100110111100110,
1111111111111111111110101101100110101100,
0000000000000000000001011111101011010101,
1111111111111111111111011001110101010100,
0000000000000000000000100000101101101100,
1111111111111111111111011001001010001000,
0000000000000000000010101101110011010100,
1111111111111111111111100111010111101101,
0000000000000000000011010000010001010101,
1111111111111111111100001010110110101000,
1111111111111111111111100111101010011101,
0000000000000000000000100110100111000101,
0000000000000000000000111110001111011110,
1111111111111111111111011100010000011011,
0000000000000000000010001111101111100000,
1111111111111111111111100111000011101110,
1111111111111111111110011111011100110011,
1111111111111111111111010110111011100111,
1111111111111111111110010110000100000110,
0000000000000000000000101101000100111100,
1111111111111111111111110101101011000110,
0000000000000000000010101000110110000111,
1111111111111111111011000010001101010001,
0000000000000000000010010011011110011001,
0000000000000000000011001111101100000001,
1111111111111111111101011000101001111001,
1111111111111111111111011110110100000011,
1111111111111111111110010001011110110101,
0000000000000000000010101110001001010001,
1111111111111111111111110000001001010011,
1111111111111111111111101100001101001001,
1111111111111111111111011001100000011000,
1111111111111111111110001001000000010110,
1111111111111111111110111101110110000111,
0000000000000000000001000111000000111101,
1111111111111111111111001011111000000000,
0000000000000000000001101010001000111111,
1111111111111111111111101101011001101100,
1111111111111111111111111100100010001010,
1111111111111111111110111110011110010011,
0000000000000000000010000111110101001110,
0000000000000000000000011110100011111111,
1111111111111111111110010111000101010100,
1111111111111111111110011110110000110101,
0000000000000000000000111011000010010000,
1111111111111111111101111001000101111011,
0000000000000000000001000110101100100111,
1111111111111111111110101111000101110111,
1111111111111111111111110100001110111101,
1111111111111111111111000101000001100001,
0000000000000000000000010001111100101111,
0000000000000000000001110001100110100101,
0000000000000000000001100000110111110010,
1111111111111111111111010010010100100000,
1111111111111111111110111010000110001001,
0000000000000000000000111100101010110100,
1111111111111111111110010111010101010100,
0000000000000000000010001011110110001011,
0000000000000000000000100111000110011011,
1111111111111111111111100011011011000001,
1111111111111111111110001001001010001010,
0000000000000000000000111010010001011001,
0000000000000000000010110100010000110010,
0000000000000000000011100011011000001010,
0000000000000000000000011101101110100001,
0000000000000000000000101110111111000001,
1111111111111111111111011011011011110110,
0000000000000000000000010100011100111001,
1111111111111111111111110101110000100011,
0000000000000000000000111111111111001010,
1111111111111111111110000101000000110001,
0000000000000000000000011110001111101100,
1111111111111111111101101001111001011001,
0000000000000000000010111100100000001100,
0000000000000000000000011010100101000111,
1111111111111111111111011101001011011001,
1111111111111111111111100110011011001010,
0000000000000000000000010011010010001111,
1111111111111111111110100010100010111111,
0000000000000000000000000011111101110100,
0000000000000000000001100111011110001010,
0000000000000000000000010101110000110101,
0000000000000000000000111000000010010101,
1111111111111111111111101011111110100011,
0000000000000000000000101101011100011010,
1111111111111111111110010010100000010100,
0000000000000000000010010011011110011001,
1111111111111111111100100110011101100111,
1111111111111111111101101010101010101011,
0000000000000000000010001010011100011100,
1111111111111111111111001111101101110001,
1111111111111111111101100011111110110010,
0000000000000000000011101101001010010110,
1111111111111111111111111010101101101100,
1111111111111111111111000110110110100110,
1111111111111111111110111010110101101011,
1111111111111111111101010110001111110110,
1111111111111111111110100110111111110000,
0000000000000000000001011100010010010100,
1111111111111111111111010110010111101000,
0000000000000000000010100010101111101110,
1111111111111111111111110001010010101001,
0000000000000000000000000100100110100110,
1111111111111111111110000101010000010111,
0000000000000000000011001111100000100101,
0000000000000000000000110010100100011010,
1111111111111111111101100011001101101101,
1111111111111111111101100100101100100010,
0000000000000000000001100000101110010111,
1111111111111111111101100001100011011010,
0000000000000000000001111000110011010010,
1111111111111111111110011010000110011111,
1111111111111111111111011001100101001001,
1111111111111111111110110011010110010101,
0000000000000000000000101001111010110101,
0000000000000000000010001100101000100101,
0000000000000000000001101111111011010001,
1111111111111111111111001110100110110101,
1111111111111111111110011110011000100111,
0000000000000000000001001000110001000100,
1111111111111111111101101001100111101101,
0000000000000000000011010101001010010110,
0000000000000000000001001010100101100011,
1111111111111111111111101101010110111001,
1111111111111111111101101111011011011100,
0000000000000000000001011010111010001101,
0000000000000000000011111100001000111011,
0000000000000000000100011111010010110010,
0000000000000000000000010110110110101111,
0000000000000000000001001011010100101100,
1111111111111111111110110010010010110001,
0000000000000000000000100010001011011101,
1111111111111111111111100110101010000010,
0000000000000000000000111010001100101010,
1111111111111111111101010100001010100100,
0000000000000000000000011111010011010011,
1111111111111111111100110000100110111110,
0000000000000000000011111010100001011110,
0000000000000000000000011101001000110000,
1111111111111111111111010101110000100101,
1111111111111111111111001100011110101001,
0000000000000000000000100000000101001001,
1111111111111111111101110110010111011011,
0000000000000000000000010001001111010001,
0000000000000000000001110010100001010001,
0000000000000000000000100100101001010100,
0000000000000000000001011110011110001110,
1111111111111111111111011001110111111001,
0000000000000000000000011110111001000110,
1111111111111111111101011110011110110001,
0000000000000000000011001111101100000001,
1111111111111111111101101010101010101011,
1111111111111111111011000110101101000011,
0000000000000000000010110000010011111101,
0000000000000000000000100010110001101001,
0000000000000000000001111100101101010000,
1111111111111111111100101011010101111000,
0000000000000000000000110001101101101011,
1111111111111111111111011111111110100010,
0000000000000000000000001111110110011101,
0000000000000000000010000010111110111000,
0000000000000000000001010010110100000100,
1111111111111111111110100001000010100101,
0000000000000000000001110110010011000110,
1111111111111111111110100000010000100001,
0000000000000000000000101010011110110010,
0000000000000000000000010101100101101011,
0000000000000000000000010001101001100001,
1111111111111111111110000100000011101001,
1111111111111111111111101011010101010110,
0000000000000000000001100110001111011000,
0000000000000000000001001100001001101001,
1111111111111111111111010110010011001010,
0000000000000000000011010011110011001010,
1111111111111111111111010111010100000010,
0000000000000000000001110010001110101100,
1111111111111111111111100100101011100100,
0000000000000000000001001110110110000100,
0000000000000000000000001010100111000101,
1111111111111111111101011011000100011001,
1111111111111111111101100100011110011100,
0000000000000000000001001111101000111011,
0000000000000000000001010000110111100001,
1111111111111111111110100011100100010001,
0000000000000000000001110001001110011111,
1111111111111111111101111111011111111000,
1111111111111111111111110111111110001010,
0000000000000000000001001000101001001001,
0000000000000000000010110001010001111001,
1111111111111111111111001110010101111100,
1111111111111111111100110000001111100100,
1111111111111111111011000000101101010000,
1111111111111111111110111010111000100011,
1111111111111111111111011011101110100001,
1111111111111111111111111000101100101101,
1111111111111111111111110010110011011011,
1111111111111111111111110111010010110011,
1111111111111111111101111011111111000011,
0000000000000000000010001110000110110000,
1111111111111111111111001000101010001111,
0000000000000000000010110001110001010011,
1111111111111111111100001110010001111101,
1111111111111111111111010010011001011010,
0000000000000000000000110100001010110101,
0000000000000000000000000000001010011011,
1111111111111111111111110011010001110100,
0000000000000000000001011110110101001010,
0000000000000000000000010001001100010011,
1111111111111111111101010000100000111001,
1111111111111111111111110010011101111110,
1111111111111111111111011101010111110010,
0000000000000000000000000100001111010000,
1111111111111111111110001110110011101100,
0000000000000000000001101110101000000011,
1111111111111111111101011000101001111001,
0000000000000000000010001010011100011100,
0000000000000000000010110000010011111101,
1111111111111111111011010101011111101110;
