memory_initialization_radix=2;
memory_initialization_vector=
10111000111011011110100111110000,
10111000000101110001001011100111,
00111000010101110100110001111010,
00110110101110010001110010110001,
10110111110011110011010100101011,
10110111101101101110110101011101,
10111000001001110100101011100100,
10110111100111011101110100110011,
00110111100110000110001110011111,
00110110010010000001010101101010,
00111000001100101110101110010010,
00110101100110101111110011101100,
00110110101000010011101001011110,
10111000001010001101011000110111,
00111000011000101111100011110101,
00110111011101001111001010011000,
10111000001001100010011101000011,
10111000001101000011000010101111,
00110111111001111000111110110111,
10110111110010010000111000100010,
00111000000101111010110111011011,
10110111100111001001110000011110,
10110111100100100111111111000100,
10110111011111010011010111101000,
00110111100001111111110111111111,
00110111110011110001100101110100,
00110111100001101010111001110111,
10110110101101110000101110111111,
10110111101110011000001011010000,
00110111010001001010111101010111,
10111000000101011111000111100101,
00111000011010000110101110101101,
00110111110100001000101000100011,
00110110100011101000101110000100,
10110111110010110100101011100110,
00110111110011001010001111001011,
00111000011100000100100010000000,
00111000010111100111110111010110,
10110110000101110100110011101101,
00110111101011111001101101001000,
10110111111011001011100111111111,
00110111001001110111100111001000,
10110111001010100010000011011101,
00110101010011110111101010110001,
10111000001000110110111011111000,
00110110001101111001010111011000,
10111000010000010101110010111100,
00111000010110001101000101011100,
00110110011001011001111111001010,
10110110111010111011111110001000,
10110111100101101011110100000001,
00110111000111000101101111110111,
10111000000011101011001111000010,
00110111000011111011100111010000,
00110111011010101111010110011111,
00110111001101010001100001010110,
00110111111010011100000000000011,
10110111010101001101110110111110,
10110110110010001000001001010000,
10111000001001111110000010111110,
00111000010010000100010111010110,
10111000000001001011111100100000,
10111000010000010010001111011001,
00111000000010110001101000111111,
10111000000101110001001011100111,
10111001011000100011001101011100,
00111001001100001111110001110100,
00110110101001101100110000011111,
10111000011011100110011101111101,
10111000011101000000110100100001,
10111001000000110000000011110110,
10111000100000111001111000011111,
00111000100001001100010011000110,
10110111011010010100110011010000,
00111001000000111010101111000010,
10110110101000000110010111110100,
00110111000010101011110100110100,
10111000110111001101010101110000,
00111001001001111000000111001010,
00111000001010110000110011101100,
10111000111110011001111111001101,
10111001000000001011111110001100,
00111000101000101011001111000011,
10111000110100000001100000001011,
00111000110011111101011110100111,
10111000100011101100011101001111,
10111000001001001111111010010111,
10111000010111001001001010000011,
00111000001001000110001100111001,
00111000110000100001011011110100,
00111000100100001001011011111001,
10110111111011010100110111001010,
10111000100101000110100001100111,
00111000010000110001001010011101,
10111000111010010011111111110100,
00111001001010111101010001000010,
00111000100001110100101000011100,
10110110001000011001010001111111,
10111000110001000110000000001101,
00111000100101001010100011010001,
00111001001111111110010101100001,
00111001010010011101011010100010,
00110110111001001111110011000001,
00111000011110100100111111010110,
10111000100100110101010000001110,
00110111111010000111101011110011,
10110111110010101000000001100010,
00110111110110010110100110010001,
10111001000000101010110001100000,
00110111100011100111001100101111,
10111001000111000111000000000101,
00111001001101110111101010111010,
00110111100011100011100101000000,
10110111111001001110011101110011,
10111000001111110100100111100011,
00110111110110011010100011010000,
10111000110110010001000001001101,
00110111100111000001100110011110,
00111000100011010100011101110110,
00110111111110100100001100100111,
00111000101000010110011000000011,
10111000000010100011010000010001,
00110110101101001010111110011001,
10111000111111110000000010101000,
00111001000111101101010111110111,
10111000110111010000100101011000,
10111001000111000000010011100111,
00111000111110010110101000000011,
00111000010101110100110001111010,
00111001001100001111110001110100,
10111001101111101011100101101000,
00110111100010100110110010111111,
00111000001101100000110111010100,
00111000100010010100111101101000,
00111001001111110110010101110111,
00111000110011111011101101111010,
10111000110110111110100110110101,
00111000100010001011011110010101,
10111001001100000001010010011111,
00110111110000101001001111100000,
00110101100001111000110001010011,
00111000111011100111101011101010,
10111001011000001111100111010011,
10111000010100011101000110110011,
00111001001011000001111010000100,
00111001001001000011111110000000,
10111000110010011011111000011100,
00111001010010001110011111000001,
10111000111101100100101111110010,
00111000111101110111101100111010,
00110111111010010100011001100111,
00111000101101101010010001010101,
10111000000100100101100100000001,
10111001001011001001011010011011,
10111001000011110110001100111001,
00111000100001000000011010101110,
00111000110111101110000110000010,
10111000101101100010000010101100,
00111001001010001101101100001000,
10111001011001110110010111110011,
10111000100011111001001100100011,
00111000000011011111111111101100,
00111001001100110101011101110111,
10111000110000101101000011000101,
10111001100011111100100011101110,
10111001101011100001011111111011,
10111000000110100100001100001001,
10111000100111101111111001110111,
00111000100011011100101011100010,
10111000000011010000110000110101,
00110111101011000110011001011101,
10111000101011101000101000111101,
00111001010001000001110000011111,
10111000001011000010110110101111,
00111001011011100011111010110010,
10111001100100110011111111100010,
10111000000110100110010011111000,
00111000010100011111100001110110,
00111000010000001111111110001000,
10111000000001001011100001110110,
00111001000110000101101101011110,
10110111001111011011011010011001,
10111001000101101100011010111011,
10111000000101101001110011010000,
10111000110000100000001100011110,
00111000000100101110101010100100,
10111000011001000010101000110111,
00111001001100101010000111110000,
10111001011010111110111001101001,
00111001001011100010010100001011,
00111001011011010010100101100101,
10111001010101001010100001111001,
00110110101110010001110010110001,
00110110101001101100110000011111,
00110111100010100110110010111111,
10111001000111000011000001001001,
00111000101011011001001100010100,
00111000001101011000100001000010,
00110111001011001110101001110100,
10110111000111000110110101110000,
00110111101000001000111001010111,
10111000101101101111100001010111,
10111000001010111100110110100000,
10111000000001000100100000111111,
10110111110111100000101100010001,
00111000101101111111110100011001,
10111000010100101110011000100000,
10110111101110100010001110110011,
00110111111100111001100001101111,
00111000011001100110110001101011,
10111000001010001000011110101111,
10111000101011110111001010010011,
10111000100000100010001000100111,
10111000000000011001111010100000,
00111000100000010101100000001100,
10110111100001010001110111110111,
10111000010001100101111010000110,
00111000010100101011001011000000,
00111000100010001101100011111111,
10111000001010001101111101110010,
00110100000111111001101000100000,
00111000000011000000010011110110,
00110111010010100100001010011100,
10111000010100110111100111101011,
10111000011010110110001000010111,
10111000011110011100111101101110,
10111000011110100110000001100011,
10110111111000010101101011100111,
10110101110100000111110100010110,
00111000101100001010111001111011,
00111000010110110001111111111011,
10110111111001010100100001110110,
00111000100111001101011101001100,
10110111100001001000110111101101,
00111000000000011111000011100001,
00111000101101101110011001101001,
00110101000010110110110101111000,
00111000000000000100110101011111,
10110110110001011100101110010111,
00111000000100111011111010011101,
00110111101110110011011010110100,
10110111100101011000111001000010,
00111000001110100001110101001010,
10110111011100101111100001001100,
00110111101010010111010000100011,
10111000000010011010000101011110,
00111000101011111100000110001101,
10110111100100111000001110001101,
10111000001111110100001111110110,
00110111111011110111100001100000,
00111000101111110100100011110001,
00110111110011001010010010111011,
10110110101011110011100010001011,
10110111011111011010110011011100,
10110110101010010010100000010000,
00111000010001101101101010111010,
10110111110011110011010100101011,
10111000011011100110011101111101,
00111000001101100000110111010100,
00111000101011011001001100010100,
10111001100011000001100110111101,
10111000110011101100110011011001,
10111000100101000000110110001110,
10110111001100110110100011111000,
10110110110000111111101100010000,
00111001000101100001010111100011,
00111001000000010011011100101100,
00111000010110010111010000100110,
00111000010011000101101001111001,
10111001010010111111100101100101,
00111001001000010001110001100111,
00111000011001111000011101111110,
10111000110100011110011101110101,
10111001000110010000001001000111,
00111000110101001111001011010001,
00111000110100110110110100101111,
00111001000110110011100011111011,
00110111110010001001001111110110,
10111000111111111110111001000000,
00110110101000010001010000100110,
00111000110011000100100100001001,
10111000010000110100000101110000,
10111000101011000110110110000000,
00111000011011100010001000011110,
10110111111111011110110000100001,
10111000000111000110111011010000,
10111000100011100001111011101010,
00111001001000110011000011010100,
00111001000000010011010110011101,
00111000110100110011011100001111,
00111000100000101000101111101111,
00111000100111110100101000111011,
00111000101010000101101000110100,
10111000100000101001001110011101,
10111000101101010001010000101100,
00111000100101101111111110001001,
10111001001001010011001011111100,
00111000001000101000001111110100,
10111000100001000111001111010010,
10111001000100001010111011101110,
10111000011000010110110011001111,
10111000001111001111001011110010,
10111000010111110010111011011000,
00110111011010111011010000001110,
10111000000000011011101101101000,
00110111100111100101111101011110,
10111000110001111000011000011100,
00111000000101011110101100001010,
10111000101001000110111010011011,
00111000100001100001100101110010,
10111000111100000100101100011010,
00111000001100110001000000101010,
00111000111001111101000000110110,
10111000100000111001001010011110,
10111001001000001111101000001101,
10111000110000111000110100101011,
00111000100110010111001011101100,
10110111100111100101101111000000,
10111000011001001001011010000110,
10111000000000000001011110010100,
10110111101101101110110101011101,
10111000011101000000110100100001,
00111000100010010100111101101000,
00111000001101011000100001000010,
10111000110011101100110011011001,
10111001001011101101101000111011,
10111000100011101001001101100011,
10110111101101010000101011110011,
00110111010111111010111101110100,
00111000100100001101000110011110,
00111000110001101110111010010111,
00110111110100100110000010010001,
00110111111000010100001010011111,
10111001000000111110111010100011,
00111000111110011100000010111110,
00111000001000011000010111110101,
10111000101010101100011001111001,
10111000110111011001001101101010,
00111000100101011111000111111100,
00110111110101101110011001000100,
00111000110100110000101001111001,
10110110101101001110100000110111,
10111000100101110001110001111011,
10110111001110100011111000100000,
00111000011110011010011001101010,
00110100010101100111010011000000,
10110111110010010010000000001011,
00110111101101001001101000110011,
10111000000011001101010100100001,
10110110111010010101101100011000,
10111000100001000010100110101001,
00111000111111100001011011000001,
00111000101001011111011010011111,
00111000010100111100010010100001,
00110110111110110010101010001001,
00111000011011100011001110010101,
00111000101110000011100111010111,
00110111100101101001100011000100,
10111000001100000110100111011011,
00111000010110011010111110001010,
10111000110011011001011011011001,
00110111111000001100100011100110,
10111000001000000111111000100011,
10111000100001001101101000000011,
10111000011110001111000101111110,
10110111100110110001100111000101,
10111000100010010010101010111100,
00111000010110101101001010111101,
10110111001111100001110110111111,
00110110001010111000111110011101,
10111000011110111011111000000110,
00110111110100000010111100110000,
10111000100010110101000110000000,
00111000000111000011000100101101,
10111000001010110010010101000011,
00110111111101100010100000100011,
00111000100111110010111011010000,
10111000001010010001110010101110,
10111000101000000111100011111001,
10111000101001001110000001010100,
00111000100111111010010010000111,
10111000000110011111100111101000,
10111000100010100101001010101011,
00110111011111011001110011110001,
10111000001001110100101011100100,
10111001000000110000000011110110,
00111001001111110110010101110111,
00110111001011001110101001110100,
10111000100101000000110110001110,
10111000100011101001001101100011,
10111001011110101100100100111111,
10111000100011011010010010010110,
00111000100011001100010110000001,
10110110110011101011011011011000,
00111001000101000010100101011100,
10110110000000110110010001101110,
00110111010001010101011010100000,
10111001000000100000100000001010,
00111001001111000100100110101011,
00111000010001000101001101011110,
10111001000010110110001000000001,
10111001000100100111110001110010,
00111000101110100100110110100001,
10111000110100010000000101011011,
00111000111100000101000011011110,
10111000100101010010010111000110,
10111000010011101101010101111000,
10111000011010011110000101110010,
00111000010001111110111111010011,
00111000110010001111011011111001,
00111000100011111010110110111001,
10110111111000000001110100000111,
10111000101000100000010111101000,
00111000010001100111010001000111,
10111001000000001001101100001010,
00111001010000010000010100111001,
00111000100111111101011000101010,
00110110011011001100001011110010,
10111000110010010110100010101011,
00111000101010000001011010110111,
00111001010100011010000010101110,
00111001010100110010111001000010,
00110110000010011000000111011110,
00111000100011101000100100011011,
10111000101100010000011000011000,
00111000000001011011101011000000,
10110111111101111110010110101000,
00110111101000011011000100101111,
10111001000011101011000010000100,
00110111100000001111011011111101,
10111001001010100001110111011101,
00111001010001000111010001100001,
00110111100001111110001111011100,
10110111111010100110010101110110,
10111000011001000000100010000110,
00110111111110100010001100110101,
10111000111100010100111100100110,
00110111110001101101011010011110,
00111000100010000000101100011101,
00111000000100000011010100010111,
00111000101110100000111000100000,
10111000001000110011101001111000,
10110110011011100011110100000011,
10111001000011011101000010011011,
00111001001011011111000001110001,
10111000111011011111110101000110,
10111001001010011100000010011111,
00111001000000101111101110000000,
10110111100111011101110100110011,
10111000100000111001111000011111,
00111000110011111011101101111010,
10110111000111000110110101110000,
10110111001100110110100011111000,
10110111101101010000101011110011,
10111000100011011010010010010110,
10111001000100100010011101010000,
00111000001010011100010101100001,
10110111111111010101010000000011,
00111000011110111100101100100000,
10110111001101001101001101101101,
10110110000100000000101011001010,
10111000000110011011001000110110,
00111000101000010010010011110111,
00110111100100000110101111000110,
10111000011110010011011001010011,
10111000011001100010111100100100,
00111000000010111000111101001110,
10111000101000011110101110111110,
00111000001001101011110011011101,
10111000010000011010110110101111,
10110110110100100111111000000010,
10111000000011001111110110010000,
00110111001001011100101011010100,
00111000100010000001000100010011,
00111000011010001010111010111101,
10110111110110111111100110101001,
10111000001001101001010101011100,
00111000000100011000001111100011,
10111000011110010001011110111110,
00111000101001011110110100101100,
00110111101101110011011001001101,
10110111100010111000101111111101,
10111000100011100111000011111000,
00111000000010100001110100010011,
00111000110101101100010011000011,
00111001000010000000111000110100,
00110111100100001001110011011100,
00110111110111100110011110010000,
10110111101010100001010100010010,
00110111010000010010110101011011,
10110110101111000100110101110000,
00111000000110101110111001010110,
10111000100100101000100111010001,
00110111100100011101111001000111,
10111000101100101110111111110100,
00111000111000010001101001110100,
00110111011111111101111100011110,
10110111101001101111011110111111,
10110111011011101101000111010101,
00110111001101100011010010111010,
10111000010111100010010000011110,
00110110000010000111111110110101,
00111000011110001110111000110000,
00110111010011010111101010100110,
00111000000001000100001011011101,
10110111001110111010100110011001,
00110111110111011011010100100100,
10111000100000100010000001010001,
00111000101011111010011001010010,
10111000100001000100111100100010,
10111000101100100000001000000110,
00111000101001011010000010000100,
00110111100110000110001110011111,
00111000100001001100010011000110,
10111000110110111110100110110101,
00110111101000001000111001010111,
10110110110000111111101100010000,
00110111010111111010111101110100,
00111000100011001100010110000001,
00111000001010011100010101100001,
10111001000110100011111011000000,
00111000010011000001010111110010,
10111000010111110010101111011000,
00110111100100100101101110010111,
00110110111111100001011001111100,
00110111101001011010001111100000,
10111000100011111011110110001101,
10110111010111000111001010000101,
00111000011001101010110100001001,
00111000001111010010000010000001,
10110111110110011010000111011100,
00111000110010011000110101001100,
10110111111011000001100010101100,
00111000011000001100101110110111,
10110110110011000101100001101010,
00111000000111100000000000000000,
10110101000011011001100000111010,
10111000101000001101001111011111,
10111000100100110000000110001110,
00111000000100101111111010111110,
00111000001010101001011110000000,
10111000001100011000110001000100,
00111000011101010000001100011011,
10111000100101001001010100100110,
10110111001110000110100011100001,
00110111111101000110110000011110,
00111000101010110110001100101000,
10110111111011010101011101110011,
10111000110110110111000000110110,
10111001000111010101110100100011,
10110111111011010010100000111001,
10110111101101010110001011000001,
00110110101110111101101001110001,
10110111000100000010100100111101,
10110101000100000011000101011100,
10111000011010010000011010011101,
00111000100101011111010001100001,
10110111110010011001001011101011,
00111000101110011110001101011100,
10111000111101011010111101101011,
10110111101010010001110010001101,
00110111110010010111011111111001,
00110110101110110100011101101110,
10110111000010010110100101001000,
00111000010100100111010100011000,
00110110100110011000101100010111,
10111000101000110011101010101011,
10110111000101101011001000001100,
10110111110000010111000101110011,
00110110101111100011011010001011,
10111000001111110100001000101001,
00111000011101011111000110000101,
10111000101100011100100101101010,
00111000100011100000011110010010,
00111000101110001001001010000100,
10111000101111011110101101101111,
00110110010010000001010101101010,
10110111011010010100110011010000,
00111000100010001011011110010101,
10111000101101101111100001010111,
00111001000101100001010111100011,
00111000100100001101000110011110,
10110110110011101011011011011000,
10110111111111010101010000000011,
00111000010011000001010111110010,
10111001100011000101000110011111,
10111000010101011110111110111010,
10111000011110110101010001011101,
10111000010010000111001111011101,
00111001000101010111101000010100,
10111000100000001110101101110001,
10111000000010110010010111010101,
00110111111111000001101110101111,
00111000101000101111000100000111,
10111000011110001100011110001010,
10111001001110010010001110001100,
10111000110010001110111110111001,
10111000100101100011000100110111,
00111000111000001111100000001101,
10111000001010010100101011000100,
10111000101010001010100011100110,
00111000111011000110100000001101,
00111001000011101001101010000010,
10111000101010011110010011000000,
10110111011011001111001101011100,
00111000100101101011010001010110,
10110011110110000111011111011000,
10111000011111110110011001110010,
10111000110000000111001000110010,
10111000111010100111110100000111,
10111001000010001111100111111100,
10111000000101100001100111001111,
00111000000100000000011100110010,
00111001010011100011000101100110,
00111000110011111011001000111100,
10111000001000110101011001111001,
00111001000000111001010111010100,
10110111110010000111001010010110,
00111000010111100100010010110101,
00111001001100000111010111010001,
10110111110011001001100001111101,
00111000011111100100111000001011,
10111000001011011000111000000010,
00111000110101001100000010011100,
00111000001111010110111010111001,
10111000001000110000111100011100,
00111000100110100111100001000011,
10110111101101101100011000010101,
00110111100011000000100010111000,
10111000011100010101110010110101,
00111001001100101010000011101111,
10110111111000001100101000101100,
10111000100100011110011100001011,
00111000010000111010110000110011,
00111001001100111110101000110101,
00110111101011101110110010111111,
00110111101100001011011001010100,
10111000010100000111111111101100,
10111000001001101000010111100100,
00111000111011001001100010110001,
00111000001100101110101110010010,
00111001000000111010101111000010,
10111001001100000001010010011111,
10111000001010111100110110100000,
00111001000000010011011100101100,
00111000110001101110111010010111,
00111001000101000010100101011100,
00111000011110111100101100100000,
10111000010111110010101111011000,
10111000010101011110111110111010,
10111001100010111110100010001001,
10110111100111001110000100111101,
10110111111100011100010001011001,
00111001001110110111001111111010,
10111001010110101101000101101010,
10111000011111010001000001000011,
00111001000111000101111110100001,
00111001001101010001010011111000,
10111000111011010111111010100000,
00111000001100111101110111101001,
10111001001000000010111010011011,
00111000010011110101000011001100,
00111000101110011101000000010011,
00111000001110010111100110100011,
10111000101000101011100000111000,
10111000011111111100011011001001,
10110111110011001101010100101101,
10110100001100000101100101100001,
00111000100111101101011001100111,
10110111110011011000011101011110,
00111001000001100010110111111011,
10111001010111111000101111001000,
10111000111010010110111100110110,
10111000001100011100110110000000,
00111000011001101011010011010010,
10111000110010010110011101111101,
10111001010011100100111010101100,
10111001000101010000001010000010,
00111000000001101101011011101110,
10111000101100010000011100010001,
00111001000010011110110110011001,
10111000001011100100001011010101,
00111000010011100100111000100001,
00111000000111111111110100100000,
00111001000011000000111110000111,
00110110101001011111010100110001,
00111001001000101000010001011110,
10111001001010000011001010100011,
10110101101010100111110100001011,
00110111100000111011100001100001,
00111000101011000111011111011000,
10111000001000100010100111000100,
00111001000000111111101001110000,
10111000001110110101000011100010,
10110111000100100101111001111101,
10111000001111010110100011100000,
10111000111101001010111011111000,
00111000011011100001011101011100,
00111000100001000101011110111001,
00111001000110111001001001010011,
10111001001011011110000101011101,
00111000110101000100011111011011,
00111001001000101011111011011100,
10111000101111110111101111011010,
00110101100110101111110011101100,
10110110101000000110010111110100,
00110111110000101001001111100000,
10111000000001000100100000111111,
00111000010110010111010000100110,
00110111110100100110000010010001,
10110110000000110110010001101110,
10110111001101001101001101101101,
00110111100100100101101110010111,
10111000011110110101010001011101,
10110111100111001110000100111101,
10111001000000010101111010101001,
10110111100100010000010110000001,
00111000010110010000001010110000,
10110111101111010011100110110010,
10110111010010101001100111100010,
00110111001110100111111001111011,
00110111111011011011110010001001,
10110111101101010011001010000011,
10111000100001010101101110100100,
10111000000100100001110101101011,
10110111110101111101111010011000,
00111000001000101111001000001100,
10110111011100101100111100100101,
10110111111101000111111011111100,
00111000001010100000011000010010,
00111000010011011000000110000001,
10110111111101010001000001010010,
10110110101001100010011010110101,
00110111110110001111111110011110,
00110100010110010101101111000101,
10110111101110111000100101101000,
10111000000010111010101011000110,
10111000001010010111001100001110,
10111000010001010010011001011001,
10110111010110111000010010010101,
00110111010010011001011110100001,
00111000100101000010011110000010,
00111000000101100000101111010110,
10110111011011100011111101011111,
00111000001111101101010101010010,
10110111000100011101111000010010,
00110111101000010001001100000100,
00111000011111101101010011101011,
10110111000011110110000001110100,
00110111101101110111110010110010,
10110111011101010111110101110101,
00111000000110000010111110001111,
00110111100010001001101001000010,
10110111011010101011011000010000,
00110111111000000001100111000000,
10110111000001010000011111001010,
00110110110100011101111100010010,
10110111101011101100011000110010,
00111000100000001100101111011110,
10110111001000111000100101011011,
10110111110101000100100000101001,
00110111100011100000001011110100,
00111000100000100000000101001111,
00110111000000101100110111010001,
00110110111101001000001110010000,
10110111100101001100101000100101,
10110111011010110101011100100110,
00111000001010011110110001100101,
00110110101000010011101001011110,
00110111000010101011110100110100,
00110101100001111000110001010011,
10110111110111100000101100010001,
00111000010011000101101001111001,
00110111111000010100001010011111,
00110111010001010101011010100000,
10110110000100000000101011001010,
00110110111111100001011001111100,
10111000010010000111001111011101,
10110111111100011100010001011001,
10110111100100010000010110000001,
10111000111101010000010111111011,
00111000011000011011111011001100,
10111000000101011000011011101100,
10110111011011111101101011001110,
00110111101101111000111111001111,
00111000000110001110000101111000,
10110111110110101010110110000100,
10111000001011101100110101101110,
10111000001001001010100010111100,
10110111011010001100111001111111,
00111000000101111010101100000000,
10110110110100101000000011111001,
10110111111011000100010000100010,
00110111110001001000111101001110,
00111000000010100000111010100101,
10110111101100000010010001111000,
00110110011010110000011101101010,
00110111100010001011001110101111,
00110111010010101000010101110000,
10111000000101101010111011100011,
10111000000011111101001100101101,
10111000000010100100011010010001,
10110111111100000011001011011100,
10110111100110011110100111111101,
10110111001000101101100000001101,
00111000000111010100010101100111,
00110111111100001010101111001000,
10110111100101111000110110001001,
00111000001111000111101101000111,
10110111001010011011101011011001,
00110111100110100010010011000110,
00111000010001011111000010110011,
00110110110100111011111011100101,
00110111100001111010011101110001,
00110110100001000000100010111110,
00110111001110100110101000001000,
00110111010000100011110101111011,
10110111000100000000011011010001,
00110111111000010100000001100010,
10110111000110111111111111111000,
00110111100010000001010110000111,
10110111101000000111000110100111,
00111000001101011001101001000001,
10110111001111000001000101010100,
10110111111100111010111100001110,
00110111100100100110000001110101,
00111000010100110110101011000010,
00110111101000101111011011100111,
10110111001010110111100011011011,
10110110010111011101100010010100,
00110110100100110100101110010111,
00110111101011001011010101000100,
10111000001010001101011000110111,
10111000110111001101010101110000,
00111000111011100111101011101010,
00111000101101111111110100011001,
10111001010010111111100101100101,
10111001000000111110111010100011,
10111001000000100000100000001010,
10111000000110011011001000110110,
00110111101001011010001111100000,
00111001000101010111101000010100,
00111001001110110111001111111010,
00111000010110010000001010110000,
00111000011000011011111011001100,
10111001101101010111000100010011,
00111001011010110001010100010101,
00111000100110101011100100011110,
10111001000111111000100001110111,
10111001010100101110011010100101,
00111001000011110110011011101000,
00111000100001100010011101111011,
00111001010010110001001111110111,
10110110010001111110000111010011,
10111001000101010101000101010000,
10110111100010100000100100010001,
00111000111101010000100000001001,
10110111001100000010010101101001,
10111000011011110100100101110011,
00111000010001100100000001010001,
10111000011111000110011101010011,
10110111101001010000011000101000,
10111000111100100011001111111111,
00111001011011101111111100111100,
00111001001000010101110001001010,
00111000110110001010100101101110,
00110111110111001011001110011110,
00111000111000011000010010000010,
00111001001001010101100111100000,
00110111011010100000100101001000,
10111000101101011010111001011110,
00111000110011110101101011101110,
10111001010010010001010011010101,
00111000010101111010011000101001,
10111000100111011100100011010101,
10111001000010101100000001000101,
10111000110111110011001010010100,
10111000001001101010010010001011,
10111000111100110000011111110000,
00111000101101000000010100011000,
10110111110100101011110001110000,
00110111000011010111100100101100,
10111000111101011001010010111010,
00111000010001111001010111000000,
10111001000000010101101100101110,
00111000100110101100001101111110,
10111000101111110100010011100001,
00111000011011000110100000111010,
00111001000110001110011101100111,
10111000101001000110011011000000,
10111001001001000110010100111001,
10111001000110010011001010001001,
00111001000100000010101000110101,
10111000100000110000110110011100,
10111000111101010111110100010010,
00110111100011010011000010010111,
00111000011000101111100011110101,
00111001001001111000000111001010,
10111001011000001111100111010011,
10111000010100101110011000100000,
00111001001000010001110001100111,
00111000111110011100000010111110,
00111001001111000100100110101011,
00111000101000010010010011110111,
10111000100011111011110110001101,
10111000100000001110101101110001,
10111001010110101101000101101010,
10110111101111010011100110110010,
10111000000101011000011011101100,
00111001011010110001010100010101,
10111001101111111010010000011101,
10111000100111110100111000101001,
00111001010001011111010111110110,
00111001011001000101100001010000,
10111001000101011001000011110110,
00111000011100110010101000101000,
10111001010010010110110011000011,
00111000100001101010000110000000,
00111000111001110111111100100010,
00111000011011101110101001101111,
10111000110010110100101001000001,
10111000101001110001111001100010,
10111000000011010110101101000010,
00110101101111000111000011101100,
00111000110010100100111010001001,
10111000000010001000000110011100,
00111001001010100110011110011111,
10111001100011010100111111001100,
10111001000100100100111110001110,
10111000010110000111011110010011,
00111000100101111111001001101111,
10111000111111100100100000000101,
10111001100000110101101111111101,
10111001010000010101011100111100,
00111000001000101111100011100100,
10111000110111110011000100110110,
00111001001011001000101100111010,
10111000010110110100111100111011,
00111000100000001100100110010110,
00111000001111010010000100010010,
00111001001100100110000101100100,
00110110101010100100001101100100,
00111001010011110100000011110110,
10111001010101111011100011001100,
10110110001010001001011010101001,
00110111101011011100010101011000,
00111000110101111111001111101000,
10111000010011000001111100011101,
00111001001001110100001000110101,
10111000011010010001010001001001,
10110111011100101100011000010100,
10111000011011100100111000101011,
10111001000110011110101010111011,
00111000100101010011110001010011,
00111000101000001110100001000010,
00111001010001010010001001100101,
10111001010111010100001010111011,
00111001000001111101010011011101,
00111001010011111000001001001001,
10111000111101111110001011011111,
00110111011101001111001010011000,
00111000001010110000110011101100,
10111000010100011101000110110011,
10110111101110100010001110110011,
00111000011001111000011101111110,
00111000001000011000010111110101,
00111000010001000101001101011110,
00110111100100000110101111000110,
10110111010111000111001010000101,
10111000000010110010010111010101,
10111000011111010001000001000011,
10110111010010101001100111100010,
10110111011011111101101011001110,
00111000100110101011100100011110,
10111000100111110100111000101001,
10111001000000110100010010111100,
00111000010111100000110101110101,
00111000100010010100011101110101,
10111000001101110111000100101110,
10110110001101011011110110111111,
10111000011111011101111001110011,
00110111001000011101111111000000,
00111000001010000011110111000001,
00110111001101110101010111110101,
10111000000011011101011110010100,
10110111001000000010000001111101,
00110110101001101111010000110100,
10110111000001001000010101010010,
00110111110010011010111011100010,
10110101101010010110001011101101,
00111000001101000000010111110110,
10111000101000100101110000010000,
10111000010000011110010110000110,
10110111110100100001111000011010,
00110110110000101100110100110011,
10111000000101011010101111111010,
10111000100000110111010010110110,
10110111111100000011011111101001,
00110111101010101110100111101010,
10111000000001101001100011011110,
00111000011011000000111001101010,
10110111100010000101010101111011,
00110111101101010111011111100011,
00110111111101000000100001001000,
00111000001100100000110100110111,
00110110111111001010100000110111,
00111000010010010100100110111100,
10111000001110001000010001010100,
00110110100001000110111001110111,
00110101110010011101100001110001,
00111000000100011010001010100111,
10110111011111010000001010101001,
00111000001101111110001110101011,
10110111101011000110110010011101,
00110111011000111001111010000111,
10110111100101001101101011110000,
10111000010000000110111001111010,
00110111110001011010010101100011,
00111000000111100111101010011001,
00111000010110010011110101100100,
10111000011000001100100101001010,
00110111111101000111111110000001,
00111000010010100100011010000110,
10110111101001010101010100110010,
10111000001001100010011101000011,
10111000111110011001111111001101,
00111001001011000001111010000100,
00110111111100111001100001101111,
10111000110100011110011101110101,
10111000101010101100011001111001,
10111001000010110110001000000001,
10111000011110010011011001010011,
00111000011001101010110100001001,
00110111111111000001101110101111,
00111001000111000101111110100001,
00110111001110100111111001111011,
00110111101101111000111111001111,
10111001000111111000100001110111,
00111001010001011111010111110110,
00111000010111100000110101110101,
10111001011110011011001000001001,
10111001001000001101001001100011,
00111000110100010000110101101110,
10111000011101110101101001000010,
00111001000010110011101101000000,
10111000011000100001101010000110,
10111000100101011111001001001101,
10111000001111111010110110001100,
00111000100001100101010110010100,
00111000100100001110110110110110,
00111000000111001011010010110101,
10110111000011100101111101001110,
10111000100101111101100010110001,
00111000000000000101011110110010,
10111000111110110011101110111110,
00111001010010100111001110100001,
00111000110001011111111001011011,
00110111111010001101100110101010,
10111000100010010011001011100010,
00111000101101001000011111000000,
00111001010001001111011011010101,
00111001001000010111101001101010,
10110111101000111101100000011000,
00111000100111010000000101100111,
10111000111001100010100101110011,
00111000000110000110111111010110,
10111000001010010110101011011100,
10110111100101001111100111110101,
10111001000001011101011010010000,
00110101111101100111100010001000,
10111001000111001100001001101010,
00111001001010001100101101110001,
00110110110010011000010101001000,
10110111100111100001010101010011,
10111000100100001111100100100110,
00111000000011100000110111110001,
10111000111100110101101100011000,
00111000000101011001101011110011,
00110111110111001110100110001111,
00111000001001010101000111000110,
00111000110101010111110011010101,
10111000010010100000001000111011,
10111000001010110000010101010100,
10111001000011110100110001101000,
00111001001001010001111111111111,
10111000110100011101010101111001,
10111001000111001100100100101100,
00111000110011000111101100000101,
10111000001101000011000010101111,
10111001000000001011111110001100,
00111001001001000011111110000000,
00111000011001100110110001101011,
10111001000110010000001001000111,
10111000110111011001001101101010,
10111001000100100111110001110010,
10111000011001100010111100100100,
00111000001111010010000010000001,
00111000101000101111000100000111,
00111001001101010001010011111000,
00110111111011011011110010001001,
00111000000110001110000101111000,
10111001010100101110011010100101,
00111001011001000101100001010000,
00111000100010010100011101110101,
10111001001000001101001001100011,
10111001100101100001100111110100,
00111001000000000101010010111000,
10110111011011000000000101000111,
00111001001011111100110000011011,
10111000000111011011100010000011,
10111000110111011000001011010000,
10111000000111010011101111000010,
00111000101111010110001000100111,
00111000001100100000001100000111,
00110110000101111000111101010110,
00110111010111110010101110111010,
10111000100110010101110001100011,
00110111010101011100100100011011,
10111001000001011001100000001011,
00111001011010001111010000111011,
00111001000000111101010000000000,
00111000011111010001101110101110,
10111000000011001101111010000111,
00111000110101001011100011111001,
00111001010001111001011111110001,
00111000111001011110000000111111,
10111000010010011010001011111110,
00111000101111011000010111001000,
10111001000111101010111100101001,
00111000001111011100011011101010,
10111000011100010111101010000100,
10111000100010001110010001100100,
10111001000001110101000111001100,
10110111011101111001100110100101,
10111001000110101100101010101010,
00111001000101100011101110100110,
10110110110010110101011000001110,
10110111000111001000101101011101,
10111000110001001100101000010000,
00111000001100000100110000010100,
10111001000001100100001000000101,
00111000011000011010101010011010,
10110111100111101110001011000110,
00111000010011101101010111011000,
00111001000001011010011110010100,
10111000100001100110100010001000,
10111000101111100010001110100010,
10111001000111100111010101100100,
00111001001010011000111110101000,
10111000110000100111100101010100,
10111001000110110100110111100101,
00111000100110000100110100011010,
00110111111001111000111110110111,
00111000101000101011001111000011,
10111000110010011011111000011100,
10111000001010001000011110101111,
00111000110101001111001011010001,
00111000100101011111000111111100,
00111000101110100100110110100001,
00111000000010111000111101001110,
10110111110110011010000111011100,
10111000011110001100011110001010,
10111000111011010111111010100000,
10110111101101010011001010000011,
10110111110110101010110110000100,
00111001000011110110011011101000,
10111001000101011001000011110110,
10111000001101110111000100101110,
00111000110100010000110101101110,
00111001000000000101010010111000,
10111001010000000100000001010011,
10110101101101001101010100011100,
10111000111011000011111001010011,
00110111101001100100001010100101,
00111000100110101001011110110111,
00110111101101001111100111010011,
10111000100000101100100100010111,
10110111101010111111111101010011,
00110110110110101001000111011001,
10110111010111100000000010000101,
00111000010000000101111101011111,
10110110100000111111000001101100,
00111000101010101001010101101011,
10111001000110000111100100110001,
10111000101100111001100101101010,
10111000001111010000101010011111,
00110111011001111001000000001100,
10111000100011000011011000001010,
10111000111110101010100110111010,
10111000011101010100101111101001,
00111000000110010000101011111111,
10111000011110111001001000011110,
00111000110110100000011111111101,
10110111111111100001000100001101,
00111000001001110010111100001000,
00111000010110000001100101111100,
00111000101010011100111010110000,
00110111010110011001100011010100,
00111000110000001001011010101001,
10111000101100110110010111001110,
00110110110110100111101101101011,
00110110011101110010111011010100,
00111000100001101010111100011000,
10110111111010111101000110111100,
00111000101011010111110111101101,
10111000000111100011010001110000,
00110111101110010000101110000000,
10111000000010101010001100001000,
10111000101100110011010101110110,
00111000001101110001010100110111,
00111000100011100111001110010111,
00111000110011001110011111100100,
10111000110101011111000011011100,
00111000011011000010010000011010,
00111000110000010111001011100100,
10111000001001101100110110001010,
10110111110010010000111000100010,
10111000110100000001100000001011,
00111001010010001110011111000001,
10111000101011110111001010010011,
00111000110100110110110100101111,
00110111110101101110011001000100,
10111000110100010000000101011011,
10111000101000011110101110111110,
00111000110010011000110101001100,
10111001001110010010001110001100,
00111000001100111101110111101001,
10111000100001010101101110100100,
10111000001011101100110101101110,
00111000100001100010011101111011,
00111000011100110010101000101000,
10110110001101011011110110111111,
10111000011101110101101001000010,
10110111011011000000000101000111,
10110101101101001101010100011100,
10111001101110001111101001110010,
10110111101101101101011001100010,
10111001000000001010000111110100,
00111000101000111001001110110111,
10111000101001110100110111110010,
10111000010101101101000101111101,
00111001001111110000000100000110,
00111001010001001110101110101000,
10111000110101101000110000010101,
10111000100011001011100010000100,
00111000110111111110110000101010,
10111000101011101100000111111000,
00111000100000010100010111000010,
10111000001101101111111110000001,
10111000111011101001111110111111,
10111001010100101010100100111000,
00110111100100000101001001100000,
00111001001100111010100101110000,
00111001101100101100011000000110,
00111000110110101011100011100110,
00110110101111011101000110100011,
00111000100110010101001001111110,
10110110010101100100001100001000,
00111000000100101101011010110100,
00111001010001010001000011010011,
10111000111101101100110001011100,
00111000100110011111111011100011,
10111001001000001000010100111011,
00111001011100111101011100000001,
00111000011100101110111101111101,
10111000011110001111010001001101,
00111000001001100100001110110101,
10110110001000010110000111000000,
10111000011111101011111001010000,
10111000001101110101001010110111,
00111001011001111100001100000101,
10110110100101110110101111000000,
10110111010010101100010111110010,
00110111101110010001100110010111,
00111001001110000110101000001001,
10111000100100110000011010111000,
00111001000011001111101110100101,
10111001000001101110100001010100,
10111001000111100111001001011100,
00111001010100111100110010100101,
00111000000101111010110111011011,
00111000110011111101011110100111,
10111000111101100100101111110010,
10111000100000100010001000100111,
00111001000110110011100011111011,
00111000110100110000101001111001,
00111000111100000101000011011110,
00111000001001101011110011011101,
10110111111011000001100010101100,
10111000110010001110111110111001,
10111001001000000010111010011011,
10111000000100100001110101101011,
10111000001001001010100010111100,
00111001010010110001001111110111,
10111001010010010110110011000011,
10111000011111011101111001110011,
00111001000010110011101101000000,
00111001001011111100110000011011,
10111000111011000011111001010011,
10110111101101101101011001100010,
10111001100001111011000010100110,
00110111100100111000111011100111,
00111000111000100010110000111000,
00110111110001000110110011011000,
10111000101111001110000111101100,
10110111011001111011000111111001,
00110111110010000111001010010100,
10110111110111010011011110010101,
00111000011100101110111011111011,
00110110010011010001101101010000,
00111000110111010101101110101101,
10111001010011010010000011100100,
10111000111111101110111011110011,
10111000100101010100101011110011,
00110110010011101011010011100100,
10111000101111100111110001111100,
10111001000111101001000011011100,
10111000011000001011001001100000,
00111000011101011100100001100110,
10111000101011001000010000100101,
00111001000111000110101110001111,
10111000001100000011111000010101,
00111000011100100011010011101010,
00111000101101000100110000111010,
00111000110101101001000100101001,
00110111110001101111001001100110,
00111000111100000001011000111101,
10111000110100001010101000010000,
00110111011000111100111010011101,
00110100110001001000010001110011,
00111000110000000101010010101010,
10111000001000110110011000000101,
00111000111001010010000110100001,
10111000011010001011100011010001,
00111000010010010011001111111001,
10111000010000001010111011110100,
10111000111110010010010001011001,
00111000100000011110100100001110,
00111000111000011011101010000100,
00111001000001110111000111111100,
10111001000010000101000100111011,
00111000100011010110010011100101,
00111000111100011001101000111111,
10111000001000101011111101101001,
10110111100111001001110000011110,
10111000100011101100011101001111,
00111000111101110111101100111010,
10111000000000011001111010100000,
00110111110010001001001111110110,
10110110101101001110100000110111,
10111000100101010010010111000110,
10111000010000011010110110101111,
00111000011000001100101110110111,
10111000100101100011000100110111,
00111000010011110101000011001100,
10110111110101111101111010011000,
10110111011010001100111001111111,
10110110010001111110000111010011,
00111000100001101010000110000000,
00110111001000011101111111000000,
10111000011000100001101010000110,
10111000000111011011100010000011,
00110111101001100100001010100101,
10111001000000001010000111110100,
00110111100100111000111011100111,
10111001001011101110100100001001,
00110111101001010110001001001001,
10111000001110101010001110101010,
10110111000111100110101101000111,
00111000110001011111000110111000,
00111000101111011000010111101001,
10111000010001000100101110000111,
10111000001110100010100010011101,
00111000010111111000110000100101,
10111000100000000110110010011001,
00111000100010111101101110000100,
00110011111101111001011000111000,
10111000001110100110000000011010,
10111000110101011010110110100001,
00110111110100110111001000101111,
00111000111011101111000100111110,
00111001001111101000111100001010,
00111000001011111110100010001100,
00110111100101011000001000111011,
00110111001000110011100001011001,
00110110110010101000100111101110,
00110110111011111110001100010111,
00111000101001011111101010100110,
10111000101000111000011000001100,
00111000000010010011110110001011,
10111000110011011001110100001000,
00111001000011011111100010111010,
00110111111000000101010011111001,
10110111111110111011000010001010,
00110110010111011100010100100001,
00110110110001010010110100011011,
10111000010100111110000010010010,
10110111010010000111010001001001,
00111000110101110111101100101101,
00110110110011000010001001111111,
00110111100000100011011010001010,
10110100000110011110000010011001,
00111000100100001111001100100001,
10111000011101101110011011011001,
00111000101111111101001111111000,
10111000101000011101000100101011,
10111000110010111100110000100000,
00111000111001000111010110000011,
10110111100100100111111111000100,
10111000001001001111111010010111,
00110111111010010100011001100111,
00111000100000010101100000001100,
10111000111111111110111001000000,
10111000100101110001110001111011,
10111000010011101101010101111000,
10110110110100100111111000000010,
10110110110011000101100001101010,
00111000111000001111100000001101,
00111000101110011101000000010011,
00111000001000101111001000001100,
00111000000101111010101100000000,
10111001000101010101000101010000,
00111000111001110111111100100010,
00111000001010000011110111000001,
10111000100101011111001001001101,
10111000110111011000001011010000,
00111000100110101001011110110111,
00111000101000111001001110110111,
00111000111000100010110000111000,
00110111101001010110001001001001,
10111001010010010001110110110101,
00110110101010000111011000010100,
00111000100101100101001000000000,
10111000000111000110101001110011,
10111000100001001011011111111011,
00111000001101010001010010101100,
10110111101011010110111000100110,
10110111111101000100110110000011,
10111000010001111000101100010010,
00111000111010100101110111111011,
00111000101111010100110010000111,
00111000100111011110000001111110,
00111000010011011011010110010010,
00111000011001011100111000111101,
00111000011001101000000101100111,
10111000010110010001001000100011,
10111000100001111001111110011011,
00111000010110101011010000101101,
10111000111100101011100111010010,
00110111111011000110010010100010,
10111000010000110001001001100111,
10111000110110011001011001110000,
10111000000110100001010110010000,
10111000000011110000110111110110,
10111000000101011001100011001011,
00110110101111111100101101010001,
10110111110001011010011110000110,
00110111011110010000101111111100,
10111000100100100110010110110011,
00110111110110011111101101011011,
10111000011010011100000001110101,
00111000010001100010101001000110,
10111000101101110100111111000010,
00111000000000100100111111011110,
00111000101010001011011110000000,
10111000010000001011111111010011,
10111000111100001011111110101111,
10111000100010110001010010110010,
00111000010100111101101011001111,
10110111001111000100001101110000,
10111000000110011010110111011001,
10110111110110101000110111100100,
10110111011111010011010111101000,
10111000010111001001001010000011,
00111000101101101010010001010101,
10110111100001010001110111110111,
00110110101000010001010000100110,
10110111001110100011111000100000,
10111000011010011110000101110010,
10111000000011001111110110010000,
00111000000111100000000000000000,
10111000001010010100101011000100,
00111000001110010111100110100011,
10110111011100101100111100100101,
10110110110100101000000011111001,
10110111100010100000100100010001,
00111000011011101110101001101111,
00110111001101110101010111110101,
10111000001111111010110110001100,
10111000000111010011101111000010,
00110111101101001111100111010011,
10111000101001110100110111110010,
00110111110001000110110011011000,
10111000001110101010001110101010,
00110110101010000111011000010100,
10111001000010110111100101101100,
00110100111110101101000110101111,
00111000100001011000010101110010,
00111000011101000000101100000101,
10110111111100111111110001000111,
10111000000011011011001001010111,
00111000000100110110001101011011,
10111000010010111000101011000011,
00111000011101101111010111000111,
00110111000110011100000010000010,
10110111110010101011011011010100,
10111000100011100100011110111000,
00110111110001010100011100110101,
00111000101101100100010101011111,
00111001000000101010011110010110,
00110111110001001011011110011111,
00110111100101101100110110000001,
10110110100111011001001101010010,
00110110111011111100111110001010,
00110100111001010101001000010010,
00111000010000010101010010001100,
10111000011110010001110001010111,
00110111101001110100010111011011,
10111000100110100110010011100000,
00111000110011000000011001010010,
00110111100011000101101000001011,
10110111101001110100000001001110,
10110110100111000111100010111000,
00110110111001001001001000001001,
10111000001011101101110001111111,
10110110011111011011011111100101,
00111000100001110111100100001001,
00110110111110101011001111011111,
00110111101000001110100101110110,
10110110100111101001010100011001,
00111000000111101010000010010110,
10111000010011000101100011101110,
00111000100100111010110111100100,
10111000011010111110011110110100,
10111000100110010100110101011110,
00111000100111011011000001110000,
00110111100001111111110111111111,
00111000001001000110001100111001,
10111000000100100101100100000001,
10111000010001100101111010000110,
00111000110011000100100100001001,
00111000011110011010011001101010,
00111000010001111110111111010011,
00110111001001011100101011010100,
10110101000011011001100000111010,
10111000101010001010100011100110,
10111000101000101011100000111000,
10110111111101000111111011111100,
10110111111011000100010000100010,
00111000111101010000100000001001,
10111000110010110100101001000001,
10111000000011011101011110010100,
00111000100001100101010110010100,
00111000101111010110001000100111,
10111000100000101100100100010111,
10111000010101101101000101111101,
10111000101111001110000111101100,
10110111000111100110101101000111,
00111000100101100101001000000000,
00110100111110101101000110101111,
10111001001001110010101000100100,
00110111101011101001011010011100,
00111000001100100011111010000001,
10111000000000000000000011000010,
00110111101101000011011001101100,
00110111100110011111001101111111,
00111000001111011011010101100100,
10111000110011100010110100110101,
10111000100110101111000000110000,
10111000011011110011101110110000,
10110111111110001100101110100100,
10111000010001101110111100000011,
10111000011011011100011010010111,
00110111110001101000010100011010,
00111000010010111110001100011000,
10111000001110101010100111110111,
00111000110001001000100110010111,
10110111110001101010100011101000,
00111000000111001000110111100010,
00111000101000001111111011110011,
00111000000111111011100110111111,
00110111110011011110100111010011,
00111000001001001011010110100010,
10110111100111000000011111000101,
00110111100010101010111011011011,
10110111000110000000101110110101,
00111000011011100010111100011100,
10110111101101110111010001111101,
00111000010101010001010000101110,
10111000000111010000010000010000,
00111000011111111011011000011000,
10110111110110101000011110111100,
10111000100011010110101011011001,
00111000000111011100110001111110,
00111000101101100001110011000001,
00111000011111010000010111111100,
10111000010101001101001011000101,
00110111100011111001011101110001,
00111000001001111010110100111101,
00110111001010011100010100000010,
00110111110011110001100101110100,
00111000110000100001011011110100,
10111001001011001001011010011011,
00111000010100101011001011000000,
10111000010000110100000101110000,
00110100010101100111010011000000,
00111000110010001111011011111001,
00111000100010000001000100010011,
10111000101000001101001111011111,
00111000111011000110100000001101,
10111000011111111100011011001001,
00111000001010100000011000010010,
00110111110001001000111101001110,
10110111001100000010010101101001,
10111000101001110001111001100010,
10110111001000000010000001111101,
00111000100100001110110110110110,
00111000001100100000001100000111,
10110111101010111111111101010011,
00111001001111110000000100000110,
10110111011001111011000111111001,
00111000110001011111000110111000,
10111000000111000110101001110011,
00111000100001011000010101110010,
00110111101011101001011010011100,
10111001011110110010110001001100,
10111001000011010101011101001111,
00111000100101001010010110010100,
00111000011111110011011100100010,
10111000101001001110111111100110,
00111000101010111110111011000011,
10111000101011100011110100110100,
00110111000110011101110010100011,
00111000100101001001001001010101,
00111001000111001110111110111111,
10110111111111001000101000010000,
10111001001000111001010111100011,
10111001100010100000010011111111,
10111000100010101101011111100100,
10110111101001101111000001000010,
10110111110110000011011111101111,
10110110101111011010010011110110,
10110111011110101110100000010010,
10111001000000010000010111111010,
00111000111000000001011111111100,
10111000010100011000111000100001,
00111001000011100000011100111011,
10111001010010001101101100011101,
10111000001010010110010111010000,
00111000001110010000011101000101,
10110111010001111100101101010111,
10110110101111011010011001100101,
00111000100010100100000100000010,
00110111101101110011100001110001,
10111001001000100110000000111100,
10110110101101011110001011011100,
10110111011001011111111110011010,
10110110100110001010001100100001,
10111000111001101001100100110110,
00111000101000001100111101001111,
10111001000000101010001100010110,
00111000111000110011010010010011,
00111001000011001010001001010100,
10111001001001001110111001101101,
00110111100001101010111001110111,
00111000100100001001011011111001,
10111001000011110110001100111001,
00111000100010001101100011111111,
10111000101011000110110110000000,
10110111110010010010000000001011,
00111000100011111010110110111001,
00111000011010001010111010111101,
10111000100100110000000110001110,
00111001000011101001101010000010,
10110111110011001101010100101101,
00111000010011011000000110000001,
00111000000010100000111010100101,
10111000011011110100100101110011,
10111000000011010110101101000010,
00110110101001101111010000110100,
00111000000111001011010010110101,
00110110000101111000111101010110,
00110110110110101001000111011001,
00111001010001001110101110101000,
00110111110010000111001010010100,
00111000101111011000010111101001,
10111000100001001011011111111011,
00111000011101000000101100000101,
00111000001100100011111010000001,
10111001000011010101011101001111,
10111001011111100101100111010100,
00111000101000100100001111000001,
00111000010001010110101111011100,
10111000101001101101100000111110,
00111000011011100100010111000110,
10111000000110000010000111101000,
00111000001000010000101100001010,
00111000101110001100010011111000,
00111001000111001000001010101111,
10110111000011000001100111010100,
10111000111110111011011000111000,
10111001100000111001010001011011,
10111000101010001010110100111011,
10110100010000111000010111000000,
10111000100000010101010100110011,
00110110100101001010100100110010,
10110111111100100001110000100000,
10111001000101101111011111111001,
00111000101011010000101110001100,
10111000011010011110101110010010,
00111000111000110000001010111001,
10111001001100000011110100011010,
10111000001101110111010100101001,
00111000001110010001001001110100,
10111000000011100111100011011101,
00110110011101111111000010010110,
00111000001001110000011110101110,
00111000000100111011100101101011,
10111001001011101101001010000101,
00110110101111000000100011110001,
00110111011110000101001101010111,
10110111101000110001010110100110,
10111001000011101010101111010001,
00111000010000000010110101111001,
10111000110001000101101110101100,
00111000110000011011111000110110,
00111000110111111101101000011101,
10111001000110111000011000111011,
10110110101101110000101110111111,
10110111111011010100110111001010,
00111000100001000000011010101110,
10111000001010001101111101110010,
00111000011011100010001000011110,
00110111101101001001101000110011,
10110111111000000001110100000111,
10110111110110111111100110101001,
00111000000100101111111010111110,
10111000101010011110010011000000,
10110100001100000101100101100001,
10110111111101010001000001010010,
10110111101100000010010001111000,
00111000010001100100000001010001,
00110101101111000111000011101100,
10110111000001001000010101010010,
10110111000011100101111101001110,
00110111010111110010101110111010,
10110111010111100000000010000101,
10111000110101101000110000010101,
10110111110111010011011110010101,
10111000010001000100101110000111,
00111000001101010001010010101100,
10110111111100111111110001000111,
10111000000000000000000011000010,
00111000100101001010010110010100,
00111000101000100100001111000001,
10111001000110000111001101100100,
10110111101010010001001111001001,
00111000001100111000100101110100,
10110111101100100010111100011001,
00110110001001010101110101000000,
10111000000000100011110011111001,
10111000010111110111000000010001,
10111000101001101101000100011001,
10110110011000111110001101101011,
00111000010101100100101100110001,
00111001000001111101101000111101,
00111000010010011010100001110011,
10110110111010111001111011010111,
00111000010000000111011000010000,
10110110110010011000001110110001,
00110111101010110110000111110010,
00111000101100010000110110011111,
10111000000100111110101100110110,
00111000000001011011000001010001,
10111000010010010011011010100111,
00111000101010100110101000101001,
00110111110011100000110100110100,
10110111110001011010011110001111,
00110111110110101111000110111001,
10110110101100110110101101001110,
10110111010001101001101111111000,
10110111110001100100001011111110,
00111000110000111010101001100010,
10110110111010011111001110000100,
10110111100110001010001110111010,
00110111100001000010110011111011,
00111000101011000001110010001100,
10110111010111110111101111010010,
00111000001000101100110010011100,
10111000001101101011100000011001,
10111000010001011001001011000000,
00111000100111110100011101011001,
10110111101110011000001011010000,
10111000100101000110100001100111,
00111000110111101110000110000010,
00110100000111111001101000100000,
10110111111111011110110000100001,
10111000000011001101010100100001,
10111000101000100000010111101000,
10111000001001101001010101011100,
00111000001010101001011110000000,
10110111011011001111001101011100,
00111000100111101101011001100111,
10110110101001100010011010110101,
00110110011010110000011101101010,
10111000011111000110011101010011,
00111000110010100100111010001001,
00110111110010011010111011100010,
10111000100101111101100010110001,
10111000100110010101110001100011,
00111000010000000101111101011111,
10111000100011001011100010000100,
00111000011100101110111011111011,
10111000001110100010100010011101,
10110111101011010110111000100110,
10111000000011011011001001010111,
00110111101101000011011001101100,
00111000011111110011011100100010,
00111000010001010110101111011100,
10110111101010010001001111001001,
10111001000110001110111101011111,
00111000000000100110001100101010,
10111000100011111101110010110010,
00111000110011111010110111001000,
00111000000110100000001000100110,
10110110101011110100010101010000,
10111000100000100100010111001101,
00111000001100100101100110110100,
00111000111011110001101111001100,
00111001000000110110000001100000,
00110110111111000101011001011001,
00111000000101001110101010100110,
10111000001001000010000011110010,
00110111100010001010110110100111,
10110111010111000000111001000110,
00110111101101010100100110101110,
10111000101000101110010011001100,
00110111010100011011100010011100,
10111000110000111101110101100010,
00111000111010010110111010111001,
00110111010010001100010000001100,
10110111100110000001010000101011,
10110111110101110100101011011011,
00110111100000000010000011101101,
10111000100001001011001110101010,
00110111001000000100010001000100,
00111000010001100010011111100110,
00110111100100101101010011010100,
00111000001111010101001101101011,
10110111100111010110001100001010,
00110111000101111111011110100001,
10111000100110111100111100000101,
00111000110001010110011000001100,
10111000100010111100111011100110,
10111000110000110011101100101001,
00111000101000011011110000100110,
00110111010001001010111101010111,
00111000010000110001001010011101,
10111000101101100010000010101100,
00111000000011000000010011110110,
10111000000111000110111011010000,
10110110111010010101101100011000,
00111000010001100111010001000111,
00111000000100011000001111100011,
10111000001100011000110001000100,
00111000100101101011010001010110,
10110111110011011000011101011110,
00110111110110001111111110011110,
00110111100010001011001110101111,
10110111101001010000011000101000,
10111000000010001000000110011100,
10110101101010010110001011101101,
00111000000000000101011110110010,
00110111010101011100100100011011,
10110110100000111111000001101100,
00111000110111111110110000101010,
00110110010011010001101101010000,
00111000010111111000110000100101,
10110111111101000100110110000011,
00111000000100110110001101011011,
00110111100110011111001101111111,
10111000101001001110111111100110,
10111000101001101101100000111110,
00111000001100111000100101110100,
00111000000000100110001100101010,
10111001000110101000110001000001,
00111000001001111001001000001011,
10111000000011111011000101111110,
00110111011010000010110111110101,
00111000010000001010100000001100,
00111000101101001110010000101100,
10110111001110001100000101111110,
10111000101001101011111110000001,
10111001000110111000101000010110,
10111000001100011011010010010110,
10110110101111111110000111110101,
10110111110101001101011010100011,
10110100101010000011101010001011,
10110111010101010000011111001011,
10111000101000011100000111101000,
00111000011001001100110001100110,
10111000000000000000111111111000,
00111000100100110100000000110010,
10111000110110010110111110000100,
10110111110010111011111100101100,
00110111110101011001011100101001,
10110111010111111000100001001000,
10110101000011011110010000100001,
00110111111111110001111101110100,
00110111100010101000111011110110,
10111000110000101011001011000101,
00110011110011010101101000011110,
00110100111001001001010001010001,
10110110111010100011100000000110,
10111000100101010001011100101111,
00111000000100111100001000000010,
10111000100000111100110100011110,
00111000011100101010110011110111,
00111000100100011000100010000111,
10111000101110001101110111010001,
10111000000101011111000111100101,
10111000111010010011111111110100,
00111001001010001101101100001000,
00110111010010100100001010011100,
10111000100011100001111011101010,
10111000100001000010100110101001,
10111001000000001001101100001010,
10111000011110010001011110111110,
00111000011101010000001100011011,
10110011110110000111011111011000,
00111001000001100010110111111011,
00110100010110010101101111000101,
00110111010010101000010101110000,
10111000111100100011001111111111,
00111001001010100110011110011111,
00111000001101000000010111110110,
10111000111110110011101110111110,
10111001000001011001100000001011,
00111000101010101001010101101011,
10111000101011101100000111111000,
00111000110111010101101110101101,
10111000100000000110110010011001,
10111000010001111000101100010010,
10111000010010111000101011000011,
00111000001111011011010101100100,
00111000101010111110111011000011,
00111000011011100100010111000110,
10110111101100100010111100011001,
10111000100011111101110010110010,
00111000001001111001001000001011,
10111001010111011010000011010000,
00111001001011101001110110000001,
00111000100101010010010011000010,
00110110111001000001000110011010,
10111000101010110001101100110000,
00111000100110001011000111010010,
00111001001110100011010011000101,
00111001001101100000110010000011,
10110101101110110100111011101110,
00111000100000100001000110110001,
10111000101001101100111110101101,
00110111111101011001101011000010,
10110111111011000001001010000110,
00110111010001010001000001101010,
10111000111111010110110010101001,
00110111010001010110100010111010,
10111001000101101010010111100011,
00111001001011000010001101100010,
00110111010110100011111010111101,
10110111110001101110010010010010,
10111000010101011110010111111010,
00110111111001011000101110100111,
10111000110110001101011011011001,
00110111110000010111011011110100,
00111000010110111110110101100111,
00111000000001001001000010010000,
00111000101010110001000000011100,
10111000000110000100011111010011,
10110111000100110000100111000101,
10111000111111101111001111010100,
00111001000110101100001001001000,
10111000110100010101010110000101,
10111001000101100110000100110100,
00111000111000100111001111010111,
00111000011010000110101110101101,
00111001001010111101010001000010,
10111001011001110110010111110011,
10111000010100110111100111101011,
00111001001000110011000011010100,
00111000111111100001011011000001,
00111001010000010000010100111001,
00111000101001011110110100101100,
10111000100101001001010100100110,
10111000011111110110011001110010,
10111001010111111000101111001000,
10110111101110111000100101101000,
10111000000101101010111011100011,
00111001011011101111111100111100,
10111001100011010100111111001100,
10111000101000100101110000010000,
00111001010010100111001110100001,
00111001011010001111010000111011,
10111001000110000111100100110001,
00111000100000010100010111000010,
10111001010011010010000011100100,
00111000100010111101101110000100,
00111000111010100101110111111011,
00111000011101101111010111000111,
10111000110011100010110100110101,
10111000101011100011110100110100,
10111000000110000010000111101000,
00110110001001010101110101000000,
00111000110011111010110111001000,
10111000000011111011000101111110,
00111001001011101001110110000001,
10111001110001011011110001011000,
10111001000101001011010011101111,
10111000010101111110000010110001,
00111000100111110010101011111100,
10111001000000011100111001100000,
10111001100001101101010011111000,
10111001010010001011100111110111,
00111000001000011011110101100000,
10111000111000111010101111100111,
00111001001011110010001111100110,
10111000010111110111010100111111,
00111000100000101000111111010111,
00111000001110001101110111000110,
00111001001101110001110000111101,
00110110100101001011011110001100,
00111001010101001110110000011101,
10111001010111100110010110011010,
10110110010100110001111001000000,
00110111101101100011000011110000,
00111000110110110101010011101010,
10111000010100000000000110111001,
00111001001010110010101100100001,
10111000011010111100100000000101,
10110111100011100111100101010000,
10111000011100101100010011011101,
10111001000111001100101110011110,
00111000100101111010111011111000,
00111000101000000101001110111100,
00111001010010011011101000011011,
10111001011000110000000101101111,
00111001000010111101100010110001,
00111001010101010010100101011010,
10111001000000001000000010000101,
00110111110100001000101000100011,
00111000100001110100101000011100,
10111000100011111001001100100011,
10111000011010110110001000010111,
00111001000000010011010110011101,
00111000101001011111011010011111,
00111000100111111101011000101010,
00110111101101110011011001001101,
10110111001110000110100011100001,
10111000110000000111001000110010,
10111000111010010110111100110110,
10111000000010111010101011000110,
10111000000011111101001100101101,
00111001001000010101110001001010,
10111001000100100100111110001110,
10111000010000011110010110000110,
00111000110001011111111001011011,
00111001000000111101010000000000,
10111000101100111001100101101010,
10111000001101101111111110000001,
10111000111111101110111011110011,
00110011111101111001011000111000,
00111000101111010100110010000111,
00110111000110011100000010000010,
10111000100110101111000000110000,
00110111000110011101110010100011,
00111000001000010000101100001010,
10111000000000100011110011111001,
00111000000110100000001000100110,
00110111011010000010110111110101,
00111000100101010010010011000010,
10111001000101001011010011101111,
10111001010100000101100110110011,
10111000100010110000110001010110,
10110111101000100011010101001001,
10111000100011001010110011001011,
10111000110010011110101100000001,
10110110100000011110000100010000,
00111000011010011011101001100100,
10111000100000011010011000111111,
00111000111111011111011111010001,
10111000000001110011001110111101,
00111000010001111010100101110100,
00111000101100110101101100100111,
00111000100010000011011110101010,
00110111110110010111000110110000,
00111000100100111001001101100101,
10111000010100111000000000001001,
00110111100010101101110100111110,
10110110110011011000101111101101,
00111000100110101110111110100100,
10110111111110100011001000001010,
00111000101000000010011111000000,
10111000010001000110011001010011,
00111000011111001011011100110111,
10111000000101000100011011101100,
10111000101111111101000101110100,
00111000010011110010110001000111,
00111000110100110001101100000000,
00111000101111011011101000111100,
10111000101100000111111000111110,
00111000000111000110011010100100,
00111000100101010010110001101011,
10110111000000000111011000110111,
00110110100011101000101110000100,
10110110001000011001010001111111,
00111000000011011111111111101100,
10111000011110011100111101101110,
00111000110100110011011100001111,
00111000010100111100010010100001,
00110110011011001100001011110010,
10110111100010111000101111111101,
00110111111101000110110000011110,
10111000111010100111110100000111,
10111000001100011100110110000000,
10111000001010010111001100001110,
10111000000010100100011010010001,
00111000110110001010100101101110,
10111000010110000111011110010011,
10110111110100100001111000011010,
00110111111010001101100110101010,
00111000011111010001101110101110,
10111000001111010000101010011111,
10111000111011101001111110111111,
10111000100101010100101011110011,
10111000001110100110000000011010,
00111000100111011110000001111110,
10110111110010101011011011010100,
10111000011011110011101110110000,
00111000100101001001001001010101,
00111000101110001100010011111000,
10111000010111110111000000010001,
10110110101011110100010101010000,
00111000010000001010100000001100,
00110110111001000001000110011010,
10111000010101111110000010110001,
10111000100010110000110001010110,
10111001001110100010010011101000,
10111000101011011110111000000101,
10110111111100001001010101001100,
00110111010010011011110001010001,
00111000111111110010011000000001,
00111000100011000010101110110000,
10110111111111001100001001101000,
00111000101110111101001010100111,
10110111100101100111101101001100,
00111000000111010011001101010011,
00111000111011000101001101111000,
10110111000101001101011011001111,
00111000001010000100111110101001,
10110111100111100111101110100111,
00111000011100111010110001001111,
00110111111110001000010110011111,
10110111110011110101100101011001,
00111000010111011001111010101011,
10110111100010011001000001010111,
00110111100101001011001001111011,
10111000001010001011110001010010,
00111000111010011110011111011010,
10110111101010000001110001100011,
10111000010110100001100111001101,
00111000000011010110101101011010,
00111000111100111010110100101010,
00110111101101011100001010011100,
00110110101001100100110110010110,
10110111111001001001111110100100,
10110111100101010010001101111111,
00111000100100010100100100011111,
10110111110010110100101011100110,
10111000110001000110000000001101,
00111001001100110101011101110111,
10111000011110100110000001100011,
00111000100000101000101111101111,
00110110111110110010101010001001,
10111000110010010110100010101011,
10111000100011100111000011111000,
00111000101010110110001100101000,
10111001000010001111100111111100,
00111000011001101011010011010010,
10111000010001010010011001011001,
10110111111100000011001011011100,
00110111110111001011001110011110,
00111000100101111111001001101111,
00110110110000101100110100110011,
10111000100010010011001011100010,
10111000000011001101111010000111,
00110111011001111001000000001100,
10111001010100101010100100111000,
00110110010011101011010011100100,
10111000110101011010110110100001,
00111000010011011011010110010010,
10111000100011100100011110111000,
10110111111110001100101110100100,
00111001000111001110111110111111,
00111001000111001000001010101111,
10111000101001101101000100011001,
10111000100000100100010111001101,
00111000101101001110010000101100,
10111000101010110001101100110000,
00111000100111110010101011111100,
10110111101000100011010101001001,
10111000101011011110111000000101,
10111001100010110000100111111000,
00110111110110011110001011010000,
00111001001001101100100010010001,
00111001100101001100111100101010,
00111000101000010100010010101101,
00110111100000011100001100110010,
00111000001001100010010010101011,
00110110010001101111100111000111,
00110111101011100100110001111100,
00111001000101000000010101100100,
10111000111001001010110101101100,
00111000011011001101000100100010,
10111001000100100010011101110111,
00111001010100111011001100101111,
00111000001111011010001110101010,
10111000010010100100001000001110,
00110111101010000010100001011001,
00110110010101101011100001010110,
10111000100001011010110011000110,
10110111111011000000011110011011,
00111001001101010111001100110110,
00110110001000011101110111011111,
00110110110001011111010101101011,
00110111001000110000100011110101,
00111001000001101011111111001101,
10111000100110110010011000001101,
00111001000001000111001011111101,
10111000111011011010111010111010,
10111001000100001001001001000001,
00111001001100010100011110010011,
00110111110011001010001111001011,
00111000100101001010100011010001,
10111000110000101101000011000101,
10110111111000010101101011100111,
00111000100111110100101000111011,
00111000011011100011001110010101,
00111000101010000001011010110111,
00111000000010100001110100010011,
10110111111011010101011101110011,
10111000000101100001100111001111,
10111000110010010110011101111101,
10110111010110111000010010010101,
10110111100110011110100111111101,
00111000111000011000010010000010,
10111000111111100100100000000101,
10111000000101011010101111111010,
00111000101101001000011111000000,
00111000110101001011100011111001,
10111000100011000011011000001010,
00110111100100000101001001100000,
10111000101111100111110001111100,
00110111110100110111001000101111,
00111000011001011100111000111101,
00110111110001010100011100110101,
10111000010001101110111100000011,
10110111111111001000101000010000,
10110111000011000001100111010100,
10110110011000111110001101101011,
00111000001100100101100110110100,
10110111001110001100000101111110,
00111000100110001011000111010010,
10111001000000011100111001100000,
10111000100011001010110011001011,
10110111111100001001010101001100,
00110111110110011110001011010000,
10111001001001011000000111000111,
10111000111001111101101001000111,
10111000100110001100010100110001,
00110111101110110101001000000000,
10111000010100000001111111101100,
00111000101001111011001001110011,
10110111110011100111110100101110,
00110111111111001110100000101000,
00110111111011111001111011111001,
00111000100111010100111110100110,
00110110101100010101110110100110,
00111000101101010110101001010001,
10111000101101101011111010111011,
00110101100101100001011110000100,
00110110111101101010001000011111,
00111000010100001101111100000000,
10110111110000000000000000100000,
00111000100101111010000000000100,
10110111111010001101101001010000,
00110110000001001101111100000111,
10110111111000001011100010011101,
10111000100100010010110110111101,
00111000000011110111010011010100,
00111000001100111111001011100101,
00111000101100101101010010111110,
10111000110001000001010101110100,
00111000011010010001011001000011,
00111000101101011101000110010011,
10111000010001101010000100001110,
00111000011100000100100010000000,
00111001001111111110010101100001,
10111001100011111100100011101110,
10110101110100000111110100010110,
00111000101010000101101000110100,
00111000101110000011100111010111,
00111001010100011010000010101110,
00111000110101101100010011000011,
10111000110110110111000000110110,
00111000000100000000011100110010,
10111001010011100100111010101100,
00110111010010011001011110100001,
10110111001000101101100000001101,
00111001001001010101100111100000,
10111001100000110101101111111101,
10111000100000110111010010110110,
00111001010001001111011011010101,
00111001010001111001011111110001,
10111000111110101010100110111010,
00111001001100111010100101110000,
10111001000111101001000011011100,
00111000111011101111000100111110,
00111000011001101000000101100111,
00111000101101100100010101011111,
10111000011011011100011010010111,
10111001001000111001010111100011,
10111000111110111011011000111000,
00111000010101100100101100110001,
00111000111011110001101111001100,
10111000101001101011111110000001,
00111001001110100011010011000101,
10111001100001101101010011111000,
10111000110010011110101100000001,
00110111010010011011110001010001,
00111001001001101100100010010001,
10111000111001111101101001000111,
10111001110011111101011101011110,
10111001101010001010101001111011,
10110111100110000010110110111100,
10111000110000011101011111111110,
00111000110101111111011011100110,
10111000001100100100000001101100,
00111000000100010110010000110000,
10111000011000010011001000001100,
00111001010100100111111110100010,
10111000000001000101000111100100,
00111001011111001110111110011100,
10111001100101100101101111101000,
10110111111111101100100101001001,
00111000010000101010100010100111,
00111000100011010110011010001010,
10111000001001110001000100100111,
00111001001010111111111100101001,
10110111110101011110100000000101,
10111000111110111011001010001111,
10111000001111111000111001100101,
10111000111101110000000111110110,
00111000010011100101010110001010,
10110111101100010110101110100010,
00111001010010011111011010100101,
10111001011111110011010011100010,
00111001001101000100001100100011,
00111001011111000010001110101010,
10111001010011111100000110111101,
00111000010111100111110111010110,
00111001010010011101011010100010,
10111001101011100001011111111011,
00111000101100001010111001111011,
10111000100000101001001110011101,
00110111100101101001100011000100,
00111001010100110010111001000010,
00111001000010000000111000110100,
10111001000111010101110100100011,
00111001010011100011000101100110,
10111001000101010000001010000010,
00111000100101000010011110000010,
00111000000111010100010101100111,
00110111011010100000100101001000,
10111001010000010101011100111100,
10110111111100000011011111101001,
00111001001000010111101001101010,
00111000111001011110000000111111,
10111000011101010100101111101001,
00111001101100101100011000000110,
10111000011000001011001001100000,
00111001001111101000111100001010,
10111000010110010001001000100011,
00111001000000101010011110010110,
00110111110001101000010100011010,
10111001100010100000010011111111,
10111001100000111001010001011011,
00111001000001111101101000111101,
00111001000000110110000001100000,
10111001000110111000101000010110,
00111001001101100000110010000011,
10111001010010001011100111110111,
10110110100000011110000100010000,
00111000111111110010011000000001,
00111001100101001100111100101010,
10111000100110001100010100110001,
10111001101010001010101001111011,
10111010000111111011111011001000,
10111000111100010101100001011110,
10111000010110100011111111111110,
10110111101111101011100111111010,
10110111100101110100110010101011,
10110111100110001101110100010010,
10111001011001000111100111001110,
00111001011001101101001001101000,
10111000101111011010001111101010,
00111001100100001110011001100111,
10111001110001110011010000011100,
10111000100110110101100011111110,
00111000101011110011111101110100,
10110110110110101110111011101101,
10110111100100101101000011100100,
00111001000101101101101010000011,
00111000000001001100001010010000,
10111001100101010100100001101001,
10110111100110010101111011101010,
10111000010000111101101110011001,
00110110000101000010101111110100,
10111001010001101000100000000110,
00111001001011111101100011100011,
10111001100001111000101001001111,
00111001011000110110000010011010,
00111001100011111010010110010010,
10111001100111111010010101111101,
10110110000101110100110011101101,
00110110111001001111110011000001,
10111000000110100100001100001001,
00111000010110110001111111111011,
10111000101101010001010000101100,
10111000001100000110100111011011,
00110110000010011000000111011110,
00110111100100001001110011011100,
10110111111011010010100000111001,
00111000110011111011001000111100,
00111000000001101101011011101110,
00111000000101100000101111010110,
00110111111100001010101111001000,
10111000101101011010111001011110,
00111000001000101111100011100100,
00110111101010101110100111101010,
10110111101000111101100000011000,
10111000010010011010001011111110,
00111000000110010000101011111111,
00111000110110101011100011100110,
00111000011101011100100001100110,
00111000001011111110100010001100,
10111000100001111001111110011011,
00110111110001001011011110011111,
00111000010010111110001100011000,
10111000100010101101011111100100,
10111000101010001010110100111011,
00111000010010011010100001110011,
00110110111111000101011001011001,
10111000001100011011010010010110,
10110101101110110100111011101110,
00111000001000011011110101100000,
00111000011010011011101001100100,
00111000100011000010101110110000,
00111000101000010100010010101101,
00110111101110110101001000000000,
10110111100110000010110110111100,
10111000111100010101100001011110,
10111001001010001011000000110110,
00110111110010011110110000101110,
10111000100111110101000110010101,
00110111011101011101011111010111,
10111000000001100100000011111100,
10111000110100100101101010100100,
00110111010110010101100111111000,
10111000000101110010011111100000,
00110111101111110011010101110001,
10111000011101001101111001001000,
10110111111000001011100001011100,
00110111110000000000101000111101,
10111000001110110100010000110101,
00110111011000000101000010110111,
10110111001111100011100111010101,
00111000000100010101111010000111,
10111000110100111100111101010111,
00110111100010011011011001010101,
00111000001100101011110110001110,
10110111111011011010100111101000,
10111000110101110000110011000011,
10110111011010111110111010001010,
10110111001100100001101000001010,
00110111111011011101000010110001,
00110111101101101101011110000101,
10111000100010100011101110011000,
00110111101011111001101101001000,
00111000011110100100111111010110,
10111000100111101111111001110111,
10110111111001010100100001110110,
00111000100101101111111110001001,
00111000010110011010111110001010,
00111000100011101000100100011011,
00110111110111100110011110010000,
10110111101101010110001011000001,
10111000001000110101011001111001,
10111000101100010000011100010001,
10110111011011100011111101011111,
10110111100101111000110110001001,
00111000110011110101101011101110,
10111000110111110011000100110110,
10111000000001101001100011011110,
00111000100111010000000101100111,
00111000101111011000010111001000,
10111000011110111001001000011110,
00110110101111011101000110100011,
10111000101011001000010000100101,
00110111100101011000001000111011,
00111000010110101011010000101101,
00110111100101101100110110000001,
10111000001110101010100111110111,
10110111101001101111000001000010,
10110100010000111000010111000000,
10110110111010111001111011010111,
00111000000101001110101010100110,
10110110101111111110000111110101,
00111000100000100001000110110001,
10111000111000111010101111100111,
10111000100000011010011000111111,
10110111111111001100001001101000,
00110111100000011100001100110010,
10111000010100000001111111101100,
10111000110000011101011111111110,
10111000010110100011111111111110,
00110111110010011110110000101110,
10111001000110010001010011101000,
00111000100111000100011000110101,
10110111101110100001111110111001,
00110111111011100001101110111110,
00111000000010100000101011110111,
00111000100000110110011111010110,
00110110111111101100101011110010,
00111000100101100001111110110110,
10111000100100001101010111110001,
00110110010110100110101011101011,
00110110100011111001110111100011,
00111000010000011010111011011110,
10110111101011001110000101100001,
00111000100000101111010000000000,
10110111110111101111100010000111,
00110111001011011111100101000010,
10110111110010101110010110000100,
10111000100000110001110100011111,
00111000000001000010111011101110,
00111000001111011111101010001111,
00111000100110101001001100001010,
10111000101001001100101010001011,
00111000001110111111000001000100,
00111000100101101010010110001101,
10111000000100010001011110110101,
10110111111011001011100111111111,
10111000100100110101010000001110,
00111000100011011100101011100010,
00111000100111001101011101001100,
10111001001001010011001011111100,
10111000110011011001011011011001,
10111000101100010000011000011000,
10110111101010100001010100010010,
00110110101110111101101001110001,
00111001000000111001010111010100,
00111001000010011110110110011001,
00111000001111101101010101010010,
00111000001111000111101101000111,
10111001010010010001010011010101,
00111001001011001000101100111010,
00111000011011000000111001101010,
10111000111001100010100101110011,
10111001000111101010111100101001,
00111000110110100000011111111101,
00111000100110010101001001111110,
00111001000111000110101110001111,
00110111001000110011100001011001,
10111000111100101011100111010010,
10110110100111011001001101010010,
00111000110001001000100110010111,
10110111110110000011011111101111,
10111000100000010101010100110011,
00111000010000000111011000010000,
10111000001001000010000011110010,
10110111110101001101011010100011,
10111000101001101100111110101101,
00111001001011110010001111100110,
00111000111111011111011111010001,
00111000101110111101001010100111,
00111000001001100010010010101011,
00111000101001111011001001110011,
00111000110101111111011011100110,
10110111101111101011100111111010,
10111000100111110101000110010101,
00111000100111000100011000110101,
10111001100001010110101101010011,
00111000001001010000101000101110,
10111000011111011111001001011111,
10111000111110010011011100000100,
10111000100100010101011100010010,
10111000000111001010000000111111,
10111000100110010010010001100011,
00111000001100100000011100100011,
10110111110011110111110101010101,
00110111010011001011111001110110,
10111000110000101001010011111000,
00111000000110001000010100100110,
10111000101101111111101000110001,
00111000011111001110110011110100,
10111000101111101000011001101011,
00111000001101010101011101100101,
00111000111010101010100100111010,
10111000100000010101100000011010,
10111001000011101101011101011111,
10111000110110100100001001010001,
00111000101111110101101010110000,
10111000000100100100001010011011,
10111000100110110110100111010100,
10110110111010011010010101111111,
00110111001001110111100111001000,
00110111111010000111101011110011,
10111000000011010000110000110101,
10110111100001001000110111101101,
00111000001000101000001111110100,
00110111111000001100100011100110,
00111000000001011011101011000000,
00110111010000010010110101011011,
10110111000100000010100100111101,
10110111110010000111001010010110,
10111000001011100100001011010101,
10110111000100011101111000010010,
10110111001010011011101011011001,
00111000010101111010011000101001,
10111000010110110100111100111011,
10110111100010000101010101111011,
00111000000110000110111111010110,
00111000001111011100011011101010,
10110111111111100001000100001101,
10110110010101100100001100001000,
10111000001100000011111000010101,
00110110110010101000100111101110,
00110111111011000110010010100010,
00110110111011111100111110001010,
10110111110001101010100011101000,
10110110101111011010010011110110,
00110110100101001010100100110010,
10110110110010011000001110110001,
00110111100010001010110110100111,
10110100101010000011101010001011,
00110111111101011001101011000010,
10111000010111110111010100111111,
10111000000001110011001110111101,
10110111100101100111101101001100,
00110110010001101111100111000111,
10110111110011100111110100101110,
10111000001100100100000001101100,
10110111100101110100110010101011,
00110111011101011101011111010111,
10110111101110100001111110111001,
00111000001001010000101000101110,
10111000111011001111101110010111,
00110111011111100101101101011101,
00110111101100010011101000001010,
00110111111100010101110010101110,
00110110101110111101101011111100,
00111000000001111111110100110111,
10110111111101010100000111100010,
00110110010010111100011001010011,
00110101010000111101110111010111,
00110111110010110110011100001111,
10110111001011110110000101001011,
00110111111110111111001111011001,
10110111011100101001100110001101,
00110111001100010000110100011010,
10110111010011101000001101011100,
10111000000001010111111001010000,
00110111100010011100111100011100,
00110111111000110010111100111000,
00111000000101001101110000010110,
10111000000110001010101100000000,
00110111101000111001110001001010,
00111000000010001011011101011111,
10110111010100110010010101100011,
10110111001010100010000011011101,
10110111110010101000000001100010,
00110111101011000110011001011101,
00111000000000011111000011100001,
10111000100001000111001111010010,
10111000001000000111111000100011,
10110111111101111110010110101000,
10110110101111000100110101110000,
10110101000100000011000101011100,
00111000010111100100010010110101,
00111000010011100100111000100001,
00110111101000010001001100000100,
00110111100110100010010011000110,
10111000100111011100100011010101,
00111000100000001100100110010110,
00110111101101010111011111100011,
10111000001010010110101011011100,
10111000011100010111101010000100,
00111000001001110010111100001000,
00111000000100101101011010110100,
00111000011100100011010011101010,
00110110111011111110001100010111,
10111000010000110001001001100111,
00110100111001010101001000010010,
00111000000111001000110111100010,
10110111011110101110100000010010,
10110111111100100001110000100000,
00110111101010110110000111110010,
10110111010111000000111001000110,
10110111010101010000011111001011,
10110111111011000001001010000110,
00111000100000101000111111010111,
00111000010001111010100101110100,
00111000000111010011001101010011,
00110111101011100100110001111100,
00110111111111001110100000101000,
00111000000100010110010000110000,
10110111100110001101110100010010,
10111000000001100100000011111100,
00110111111011100001101110111110,
10111000011111011111001001011111,
00110111011111100101101101011101,
10111001000001000000010001010101,
10111000010101001110100010011010,
10110111110000110010001010111000,
10110111100010010010110000101101,
10110111110001101100110110101011,
00110111001000111110011111000110,
10110111001110100001000001001100,
00110110110101000110101011000001,
10111000000110011011001110010000,
00110111011010101100111001101010,
10111000000001011101010010101111,
00110111110010111111110011001000,
10111000001010111101001000011000,
00110111100010111111100110111001,
00111000001101010010111000010101,
10110111110010110101011000101011,
10111000011011110110111011100111,
10111000000111101111111011111101,
00111000000000101101101011101011,
10110111001000111101110100000100,
10110111110010101011111100000010,
10110111000010110100110011000001,
00110101010011110111101010110001,
00110111110110010110100110010001,
10111000101011101000101000111101,
00111000101101101110011001101001,
10111001000100001010111011101110,
10111000100001001101101000000011,
00110111101000011011000100101111,
00111000000110101110111001010110,
10111000011010010000011010011101,
00111001001100000111010111010001,
00111000000111111111110100100000,
00111000011111101101010011101011,
00111000010001011111000010110011,
10111001000010101100000001000101,
00111000001111010010000100010010,
00110111111101000000100001001000,
10110111100101001111100111110101,
10111000100010001110010001100100,
00111000010110000001100101111100,
00111001010001010001000011010011,
00111000101101000100110000111010,
00111000101001011111101010100110,
10111000110110011001011001110000,
00111000010000010101010010001100,
00111000101000001111111011110011,
10111001000000010000010111111010,
10111001000101101111011111111001,
00111000101100010000110110011111,
00110111101101010100100110101110,
10111000101000011100000111101000,
00110111010001010001000001101010,
00111000001110001101110111000110,
00111000101100110101101100100111,
00111000111011000101001101111000,
00111001000101000000010101100100,
00110111111011111001111011111001,
10111000011000010011001000001100,
10111001011001000111100111001110,
10111000110100100101101010100100,
00111000000010100000101011110111,
10111000111110010011011100000100,
00110111101100010011101000001010,
10111000010101001110100010011010,
10111001100011110111101110011111,
00111000000111011001011111010011,
10111000100000111001011100111011,
00111000011100000000100110010110,
10111000111111000101101111111111,
10111000010001011110111101100110,
00111000001011111111001110110111,
10111000100100010101000110000110,
00110111101000010000000110000010,
10110110110001111010011001110111,
00111000011010101000100110110111,
10111001001110110000010110000100,
00110111110001111101011111010000,
00111000100000011101000110110100,
10111000001101100100101110101011,
10111001001101011000001010101010,
10110111000010100011100000111000,
10111000000110110101111000011001,
00111000011111111111001001110111,
00111000011010001100101010001111,
10111001000001000000001111011000,
10111000001000110110111011111000,
10111001000000101010110001100000,
00111001010001000001110000011111,
00110101000010110110110101111000,
10111000011000010110110011001111,
10111000011110001111000101111110,
10111001000011101011000010000100,
10111000100100101000100111010001,
00111000100101011111010001100001,
10110111110011001001100001111101,
00111001000011000000111110000111,
10110111000011110110000001110100,
00110110110100111011111011100101,
10111000110111110011001010010100,
00111001001100100110000101100100,
00111000001100100000110100110111,
10111001000001011101011010010000,
10111001000001110101000111001100,
00111000101010011100111010110000,
10111000111101101100110001011100,
00111000110101101001000100101001,
10111000101000111000011000001100,
10111000000110100001010110010000,
10111000011110010001110001010111,
00111000000111111011100110111111,
00111000111000000001011111111100,
00111000101011010000101110001100,
10111000000100111110101100110110,
10111000101000101110010011001100,
00111000011001001100110001100110,
10111000111111010110110010101001,
00111001001101110001110000111101,
00111000100010000011011110101010,
10110111000101001101011011001111,
10111000111001001010110101101100,
00111000100111010100111110100110,
00111001010100100111111110100010,
00111001011001101101001001101000,
00110111010110010101100111111000,
00111000100000110110011111010110,
10111000100100010101011100010010,
00110111111100010101110010101110,
10110111110000110010001010111000,
00111000000111011001011111010011,
10111001011110100001001100111110,
00110111101101110011100000011011,
10111001001011000110001101010100,
00111001010011010100101010011001,
00110111101011111011011011100011,
10111000000001010111011111100110,
10111000001111101000101000110000,
00110111111000100011111110110100,
10111000111010011101111001100010,
00110111100011101001011000101101,
00111000101011010111101010111000,
00111000000000011010100011100000,
00111000101001110010111111111000,
10111000000010110011001111100101,
00110111100000011001101000111100,
10111001000010010100110010101111,
00111001001011011100110101000111,
10111000111101011111100111011111,
10111001001010111101010111000110,
00111001000011100001101100001000,
00110110001101111001010111011000,
00110111100011100111001100101111,
10111000001011000010110110101111,
00111000000000000100110101011111,
10111000001111001111001011110010,
10110111100110110001100111000101,
00110111100000001111011011111101,
00110111100100011101111001000111,
10110111110010011001001011101011,
00111000011111100100111000001011,
00110110101001011111010100110001,
00110111101101110111110010110010,
00110111100001111010011101110001,
10111000001001101010010010001011,
00110110101010100100001101100100,
00110110111111001010100000110111,
00110101111101100111100010001000,
10110111011101111001100110100101,
00110111010110011001100011010100,
00111000100110011111111011100011,
00110111110001101111001001100110,
00111000000010010011110110001011,
10111000000011110000110111110110,
00110111101001110100010111011011,
00110111110011011110100111010011,
10111000010100011000111000100001,
10111000011010011110101110010010,
00111000000001011011000001010001,
00110111010100011011100010011100,
10111000000000000000111111111000,
00110111010001010110100010111010,
00110110100101001011011110001100,
00110111110110010111000110110000,
00111000001010000100111110101001,
00111000011011001101000100100010,
00110110101100010101110110100110,
10111000000001000101000111100100,
10111000101111011010001111101010,
10111000000101110010011111100000,
00110110111111101100101011110010,
10111000000111001010000000111111,
00110110101110111101101011111100,
10110111100010010010110000101101,
10111000100000111001011100111011,
00110111101101110011100000011011,
10111001000000110011100111001000,
00110111111111111100011111110010,
10111000011001010010011000101001,
10110111100101100001110001011010,
00110111100011000111000100111100,
10110111101100111111111101001001,
00110110101010001110010110001100,
00110110101001101000101011011011,
00110111100110111010111101010100,
10111000100011100100111000101111,
00110110110101110001001110110111,
00110111100011000000100100110110,
10110111010111001101000101000010,
10111000100000011000001101100001,
00110110101101001100101101000000,
10110111110001010000100110100011,
00110111111100011111010111011100,
00110111111110100110100110100110,
10111000010111010101110001011101,
10111000010000010101110010111100,
10111001000111000111000000000101,
00111001011011100011111010110010,
10110110110001011100101110010111,
10111000010111110010111011011000,
10111000100010010010101010111100,
10111001001010100001110111011101,
10111000101100101110111111110100,
00111000101110011110001101011100,
10111000001011011000111000000010,
00111001001000101000010001011110,
10110111011101010111110101110101,
00110110100001000000100010111110,
10111000111100110000011111110000,
00111001010011110100000011110110,
00111000010010010100100110111100,
10111001000111001100001001101010,
10111001000110101100101010101010,
00111000110000001001011010101001,
10111001001000001000010100111011,
00111000111100000001011000111101,
10111000110011011001110100001000,
10111000000101011001100011001011,
10111000100110100110010011100000,
00111000001001001011010110100010,
00111001000011100000011100111011,
00111000111000110000001010111001,
10111000010010010011011010100111,
10111000110000111101110101100010,
00111000100100110100000000110010,
10111001000101101010010111100011,
00111001010101001110110000011101,
00111000100100111001001101100101,
10110111100111100111101110100111,
10111001000100100010011101110111,
00111000101101010110101001010001,
00111001011111001110111110011100,
00111001100100001110011001100111,
00110111101111110011010101110001,
00111000100101100001111110110110,
10111000100110010010010001100011,
00111000000001111111110100110111,
10110111110001101100110110101011,
00111000011100000000100110010110,
10111001001011000110001101010100,
00110111111111111100011111110010,
10111001100111010110110101101110,
00111001011110111111111101111010,
00110111111011010010110010111101,
10111000001010101101011111010000,
10111000010010110111010111111110,
00110111111111110101010010001111,
10111001000010011011010110010001,
00110111100001010111101100011001,
00111000111010001110011110100011,
00111000000100011100000100111010,
00111000101110111101111000110111,
10111000000101101110001001001001,
00111000000000101100000100101101,
10111001001000011001100000111000,
00111001010100000100010101001111,
10111001000101100001101001110100,
10111001010011110110010000100001,
00111001001100011100010100101111,
00111000010110001101000101011100,
00111001001101110111101010111010,
10111001100100110011111111100010,
00111000000100111011111010011101,
00110111011010111011010000001110,
00111000010110101101001010111101,
00111001010001000111010001100001,
00111000111000010001101001110100,
10111000111101011010111101101011,
00111000110101001100000010011100,
10111001001010000011001010100011,
00111000000110000010111110001111,
00110111001110100110101000001000,
00111000101101000000010100011000,
10111001010101111011100011001100,
10111000001110001000010001010100,
00111001001010001100101101110001,
00111001000101100011101110100110,
10111000101100110110010111001110,
00111001011100111101011100000001,
10111000110100001010101000010000,
00111001000011011111100010111010,
00110110101111111100101101010001,
00111000110011000000011001010010,
10110111100111000000011111000101,
10111001010010001101101100011101,
10111001001100000011110100011010,
00111000101010100110101000101001,
00111000111010010110111010111001,
10111000110110010110111110000100,
00111001001011000010001101100010,
10111001010111100110010110011010,
10111000010100111000000000001001,
00111000011100111010110001001111,
00111001010100111011001100101111,
10111000101101101011111010111011,
10111001100101100101101111101000,
10111001110001110011010000011100,
10111000011101001101111001001000,
10111000100100001101010111110001,
00111000001100100000011100100011,
10110111111101010100000111100010,
00110111001000111110011111000110,
10111000111111000101101111111111,
00111001010011010100101010011001,
10111000011001010010011000101001,
00111001011110111111111101111010,
10111001110101101010011010000011,
10111000010001010101011000110001,
00111000011110000110110000100001,
00111000000000111000110110100000,
10110111111010000000001010000101,
00111001000101111001101100101010,
00110101001001001001011101111111,
10111001001111110101111010011111,
10111000000000011100111110001010,
10111000101001101111101011010101,
00110111110110001111001110010100,
10111000110000000011000100101000,
00111001001100010111100000010110,
10111001011101010010010101111111,
00111001001111001000000011000101,
00111001011110101000010111100011,
10111001011100011011100000101100,
00110110011001011001111111001010,
00110111100011100011100101000000,
10111000000110100110010011111000,
00110111101110110011011010110100,
10111000000000011011101101101000,
10110111001111100001110110111111,
00110111100001111110001111011100,
00110111011111111101111100011110,
10110111101010010001110010001101,
00111000001111010110111010111001,
10110101101010100111110100001011,
00110111100010001001101001000010,
00110111010000100011110101111011,
10110111110100101011110001110000,
10110110001010001001011010101001,
00110110100001000110111001110111,
00110110110010011000010101001000,
10110110110010110101011000001110,
00110110110110100111101101101011,
00111000011100101110111101111101,
00110111011000111100111010011101,
00110111111000000101010011111001,
10110111110001011010011110000110,
00110111100011000101101000001011,
00110111100010101010111011011011,
10111000001010010110010111010000,
10111000001101110111010100101001,
00110111110011100000110100110100,
00110111010010001100010000001100,
10110111110010111011111100101100,
00110111010110100011111010111101,
10110110010100110001111001000000,
00110111100010101101110100111110,
00110111111110001000010110011111,
00111000001111011010001110101010,
00110101100101100001011110000100,
10110111111111101100100101001001,
10111000100110110101100011111110,
10110111111000001011100001011100,
00110110010110100110101011101011,
10110111110011110111110101010101,
00110110010010111100011001010011,
10110111001110100001000001001100,
10111000010001011110111101100110,
00110111101011111011011011100011,
10110111100101100001110001011010,
00110111111011010010110010111101,
10111000010001010101011000110001,
10111000111100100101101111010001,
00110111011000001001110100111100,
10110111011010110000001101100100,
00110110001101001000000110010010,
00110111000000010010111100000101,
00110111010110001111000010110000,
10111000010111001000000011110110,
00110110011011100100011101100001,
00110111000110111010000001011100,
10110111000011001110010000011001,
10111000001111111000001010000001,
00110111000100100100101110110110,
10110111110000101011000110010011,
00110111110101001010001110100111,
00110111111010010001011111010111,
10111000001101100110100110011001,
10110110111010111011111110001000,
10110111111001001110011101110011,
00111000010100011111100001110110,
10110111100101011000111001000010,
00110111100111100101111101011110,
00110110001010111000111110011101,
10110111111010100110010101110110,
10110111101001101111011110111111,
00110111110010010111011111111001,
10111000001000110000111100011100,
00110111100000111011100001100001,
10110111011010101011011000010000,
10110111000100000000011011010001,
00110111000011010111100100101100,
00110111101011011100010101011000,
00110101110010011101100001110001,
10110111100111100001010101010011,
10110111000111001000101101011101,
00110110011101110010111011010100,
10111000011110001111010001001101,
00110100110001001000010001110011,
10110111111110111011000010001010,
00110111011110010000101111111100,
10110111101001110100000001001110,
10110111000110000000101110110101,
00111000001110010000011101000101,
00111000001110010001001001110100,
10110111110001011010011110001111,
10110111100110000001010000101011,
00110111110101011001011100101001,
10110111110001101110010010010010,
00110111101101100011000011110000,
10110110110011011000101111101101,
10110111110011110101100101011001,
10111000010010100100001000001110,
00110110111101101010001000011111,
00111000010000101010100010100111,
00111000101011110011111101110100,
00110111110000000000101000111101,
00110110100011111001110111100011,
00110111010011001011111001110110,
00110101010000111101110111010111,
00110110110101000110101011000001,
00111000001011111111001110110111,
10111000000001010111011111100110,
00110111100011000111000100111100,
10111000001010101101011111010000,
00111000011110000110110000100001,
00110111011000001001110100111100,
10111000111100110011000000010100,
00110110110100010001101101101011,
00110101010110010100101000111110,
10110111100110101001101100101000,
10110111000011101000000111011000,
00111000010101101101101101001101,
00110101000101000110111001101111,
00110101101100101000101011111001,
00110110010011101100101011110000,
00111000001000001001101000000000,
10110111101100110101111110110001,
00111000000110100111000101000000,
10111000000010110100100111010010,
10111000001010001111011011011110,
00111000010100001010110100110110,
10110111100101101011110100000001,
10111000001111110100100111100011,
00111000010000001111111110001000,
00111000001110100001110101001010,
10111000110001111000011000011100,
10111000011110111011111000000110,
10111000011001000000100010000110,
10110111011011101101000111010101,
00110110101110110100011101101110,
00111000100110100111100001000011,
00111000101011000111011111011000,
00110111111000000001100111000000,
00110111111000010100000001100010,
10111000111101011001010010111010,
00111000110101111111001111101000,
00111000000100011010001010100111,
10111000100100001111100100100110,
10111000110001001100101000010000,
00111000100001101010111100011000,
00111000001001100100001110110101,
00111000110000000101010010101010,
00110110010111011100010100100001,
10111000100100100110010110110011,
10110110100111000111100010111000,
00111000011011100010111100011100,
10110111010001111100101101010111,
10111000000011100111100011011101,
00110111110110101111000110111001,
10110111110101110100101011011011,
10110111010111111000100001001000,
10111000010101011110010111111010,
00111000110110110101010011101010,
00111000100110101110111110100100,
00111000010111011001111010101011,
00110111101010000010100001011001,
00111000010100001101111100000000,
00111000100011010110011010001010,
10110110110110101110111011101101,
10111000001110110100010000110101,
00111000010000011010111011011110,
10111000110000101001010011111000,
00110111110010110110011100001111,
10111000000110011011001110010000,
10111000100100010101000110000110,
10111000001111101000101000110000,
10110111101100111111111101001001,
10111000010010110111010111111110,
00111000000000111000110110100000,
10110111011010110000001101100100,
00110110110100010001101101101011,
10111001001001011110001010000110,
00110111101111000001001011100111,
10111000011010010000011000101110,
00111000000110000100001111010110,
10111000010101110000011111111101,
00110111110111110100111010110011,
00111000100100000111011011011101,
10111000000111011101010010000000,
10111000101010000110101000011110,
10111000100010100010000111101100,
00111000011110001111011110010011,
10110111110011001001101011001001,
10111000010011100001010111001100,
00110100001001101010010011010111,
00110111000111000101101111110111,
00110111110110011010100011010000,
10111000000001001011100001110110,
10110111011100101111100001001100,
00111000000101011110101100001010,
00110111110100000010111100110000,
00110111111110100010001100110101,
00110111001101100011010010111010,
10110111000010010110100101001000,
10110111101101101100011000010101,
10111000001000100010100111000100,
10110111000001010000011111001010,
10110111000110111111111111111000,
00111000010001111001010111000000,
10111000010011000001111100011101,
10110111011111010000001010101001,
00111000000011100000110111110001,
00111000001100000100110000010100,
10110111111010111101000110111100,
10110110001000010110000111000000,
10111000001000110110011000000101,
00110110110001010010110100011011,
00110111110110011111101101011011,
00110110111001001001001000001001,
10110111101101110111010001111101,
10110110101111011010011001100101,
00110110011101111111000010010110,
10110110101100110110101101001110,
00110111100000000010000011101101,
10110101000011011110010000100001,
00110111111001011000101110100111,
10111000010100000000000110111001,
10110111111110100011001000001010,
10110111100010011001000001010111,
00110110010101101011100001010110,
10110111110000000000000000100000,
10111000001001110001000100100111,
10110111100100101101000011100100,
00110111011000000101000010110111,
10110111101011001110000101100001,
00111000000110001000010100100110,
10110111001011110110000101001011,
00110111011010101100111001101010,
00110111101000010000000110000010,
00110111111000100011111110110100,
00110110101010001110010110001100,
00110111111111110101010010001111,
10110111111010000000001010000101,
00110110001101001000000110010010,
00110101010110010100101000111110,
00110111101111000001001011100111,
10111000111010011011000001111001,
00110111111010110000010000101001,
10110111010111111001000101001011,
00110111000111000001100011100111,
10110111001111111000100001110110,
10110111111101111001110010111111,
00110111011111110000011010101000,
00110111110011111001101100011011,
00111000000010101101011001111101,
10111000000011101111100101001010,
00110111100110100100011101011101,
00111000000000000101001001011100,
10110111010010111000101111101111,
10111000000011101011001111000010,
10111000110110010001000001001101,
00111001000110000101101101011110,
00110111101010010111010000100011,
10111000101001000110111010011011,
10111000100010110101000110000000,
10111000111100010100111100100110,
10111000010111100010010000011110,
00111000010100100111010100011000,
00110111100011000000100010111000,
00111001000000111111101001110000,
00110110110100011101111100010010,
00110111100010000001010110000111,
10111001000000010101101100101110,
00111001001001110100001000110101,
00111000001101111110001110101011,
10111000111100110101101100011000,
10111001000001100100001000000101,
00111000101011010111110111101101,
10111000011111101011111001010000,
00111000111001010010000110100001,
10111000010100111110000010010010,
10111000011010011100000001110101,
10111000001011101101110001111111,
00111000010101010001010000101110,
00111000100010100100000100000010,
00111000001001110000011110101110,
10110111010001101001101111111000,
10111000100001001011001110101010,
00110111111111110001111101110100,
10111000110110001101011011011001,
00111001001010110010101100100001,
00111000101000000010011111000000,
00110111100101001011001001111011,
10111000100001011010110011000110,
00111000100101111010000000000100,
00111001001010111111111100101001,
00111001000101101101101010000011,
10110111001111100011100111010101,
00111000100000101111010000000000,
10111000101101111111101000110001,
00110111111110111111001111011001,
10111000000001011101010010101111,
10110110110001111010011001110111,
10111000111010011101111001100010,
00110110101001101000101011011011,
10111001000010011011010110010001,
00111001000101111001101100101010,
00110111000000010010111100000101,
10110111100110101001101100101000,
10111000011010010000011000101110,
00110111111010110000010000101001,
10111001010100101011011011010110,
00110111111001110101010111111100,
00111000000001110010010011000110,
00111000000010000110101010011001,
00111000101100000001111011110110,
10111000001000110111000011010101,
10110111110101101111111101110110,
10111000111101001110100101001001,
00111001000011111011111000000111,
10111000101110101110100000010101,
10111001000010011010001001010011,
00111000101111011010100100110111,
00110111000011111011100111010000,
00110111100111000001100110011110,
10110111001111011011011010011001,
10111000000010011010000101011110,
00111000100001100001100101110010,
00111000000111000011000100101101,
00110111110001101101011010011110,
00110110000010000111111110110101,
00110110100110011000101100010111,
10111000011100010101110010110101,
10111000001110110101000011100010,
10110111101011101100011000110010,
10110111101000000111000110100111,
00111000100110101100001101111110,
10111000011010010001010001001001,
10110111101011000110110010011101,
00111000000101011001101011110011,
00111000011000011010101010011010,
10111000000111100011010001110000,
10111000001101110101001010110111,
10111000011010001011100011010001,
10110111010010000111010001001001,
00111000010001100010101001000110,
10110110011111011011011111100101,
10111000000111010000010000010000,
00110111101101110011100001110001,
00111000000100111011100101101011,
10110111110001100100001011111110,
00110111001000000100010001000100,
00110111100010101000111011110110,
00110111110000010111011011110100,
10111000011010111100100000000101,
10111000010001000110011001010011,
10111000001010001011110001010010,
10110111111011000000011110011011,
10110111111010001101101001010000,
10110111110101011110100000000101,
00111000000001001100001010010000,
00111000000100010101111010000111,
10110111110111101111100010000111,
00111000011111001110110011110100,
10110111011100101001100110001101,
00110111110010111111110011001000,
00111000011010101000100110110111,
00110111100011101001011000101101,
00110111100110111010111101010100,
00110111100001010111101100011001,
00110101001001001001011101111111,
00110111010110001111000010110000,
10110111000011101000000111011000,
00111000000110000100001111010110,
10110111010111111001000101001011,
00110111111001110101010111111100,
10111001000001001011010100110011,
00111000010010011001011100101100,
10110111100001011101110000101101,
10111000001011010101011000001101,
00110111110001111111010111110011,
00111000100000001011101010011010,
00111000000010011100100000011000,
10110111110001111000100100100011,
00110110011111011101000100010111,
00110111100010011110100010010011,
00110111100010011000100101010100,
00110111011010101111010110011111,
00111000100011010100011101110110,
10111001000101101100011010111011,
00111000101011111100000110001101,
10111000111100000100101100011010,
10111000001010110010010101000011,
00111000100010000000101100011101,
00111000011110001110111000110000,
10111000101000110011101010101011,
00111001001100101010000011101111,
10110111000100100101111001111101,
00111000100000001100101111011110,
00111000001101011001101001000001,
10111000101111110100010011100001,
10110111011100101100011000010100,
00110111011000111001111010000111,
00110111110111001110100110001111,
10110111100111101110001011000110,
00110111101110010000101110000000,
00111001011001111100001100000101,
00111000010010010011001111111001,
00111000110101110111101100101101,
10111000101101110100111111000010,
00111000100001110111100100001001,
00111000011111111011011000011000,
10111001001000100110000000111100,
10111001001011101101001010000101,
00111000110000111010101001100010,
00111000010001100010011111100110,
10111000110000101011001011000101,
00111000010110111110110101100111,
10110111100011100111100101010000,
00111000011111001011011100110111,
00111000111010011110011111011010,
00111001001101010111001100110110,
00110110000001001101111100000111,
10111000111110111011001010001111,
10111001100101010100100001101001,
10111000110100111100111101010111,
00110111001011011111100101000010,
10111000101111101000011001101011,
00110111001100010000110100011010,
10111000001010111101001000011000,
10111001001110110000010110000100,
00111000101011010111101010111000,
10111000100011100100111000101111,
00111000111010001110011110100011,
10111001001111110101111010011111,
10111000010111001000000011110110,
00111000010101101101101101001101,
10111000010101110000011111111101,
00110111000111000001100011100111,
00111000000001110010010011000110,
00111000010010011001011100101100,
10111001100111100010010100000100,
00110111010100000110001011110111,
00111000000010000011101101101001,
10111000000000000010110000101110,
10111001001101000100110100111100,
00111000000110011001111101011000,
10111000110000010001100110011000,
00111000110011101111000101000110,
00111000111001010000101000100001,
10111001001011110111110001110000,
00110111001101010001100001010110,
00110111111110100100001100100111,
10111000000101101001110011010000,
10110111100100111000001110001101,
00111000001100110001000000101010,
00110111111101100010100000100011,
00111000000100000011010100010111,
00110111010011010111101010100110,
10110111000101101011001000001100,
10110111111000001100101000101100,
10111000001111010110100011100000,
10110111001000111000100101011011,
10110111001111000001000101010100,
00111000011011000110100000111010,
10111000011011100100111000101011,
10110111100101001101101011110000,
00111000001001010101000111000110,
00111000010011101101010111011000,
10111000000010101010001100001000,
10110110100101110110101111000000,
10111000010000001010111011110100,
00110110110011000010001001111111,
00111000000000100100111111011110,
00110110111110101011001111011111,
10110111110110101000011110111100,
10110110101101011110001011011100,
00110110101111000000100011110001,
10110110111010011111001110000100,
00110111100100101101010011010100,
00110011110011010101101000011110,
00111000000001001001000010010000,
10111000011100101100010011011101,
10111000000101000100011011101100,
10110111101010000001110001100011,
00110110001000011101110111011111,
10110111111000001011100010011101,
10111000001111111000111001100101,
10110111100110010101111011101010,
00110111100010011011011001010101,
10110111110010101110010110000100,
00111000001101010101011101100101,
10110111010011101000001101011100,
00110111100010111111100110111001,
00110111110001111101011111010000,
00111000000000011010100011100000,
00110110110101110001001110110111,
00111000000100011100000100111010,
10111000000000011100111110001010,
00110110011011100100011101100001,
00110101000101000110111001101111,
00110111110111110100111010110011,
10110111001111111000100001110110,
00111000000010000110101010011001,
10110111100001011101110000101101,
00110111010100000110001011110111,
10111000111100011000111001111010,
10111000000100011101111011010100,
00110111100101110010000101010110,
00110111111111011111000010101110,
00111000001000010011100110001110,
10111000001001000100011000111011,
00110111101011100001101001001001,
00111000000100101001010100001110,
10110111010110001000000111110010,
00110111111010011100000000000011,
00111000101000010110011000000011,
10111000110000100000001100011110,
10111000001111110100001111110110,
00111000111001111101000000110110,
00111000100111110010111011010000,
00111000101110100000111000100000,
00111000000001000100001011011101,
10110111110000010111000101110011,
10111000100100011110011100001011,
10111000111101001010111011111000,
10110111110101000100100000101001,
10110111111100111010111100001110,
00111001000110001110011101100111,
10111001000110011110101010111011,
10111000010000000110111001111010,
00111000110101010111110011010101,
00111001000001011010011110010100,
10111000101100110011010101110110,
10110111010010101100010111110010,
10111000111110010010010001011001,
00110111100000100011011010001010,
00111000101010001011011110000000,
00110111101000001110100101110110,
10111000100011010110101011011001,
10110111011001011111111110011010,
00110111011110000101001101010111,
10110111100110001010001110111010,
00111000001111010101001101101011,
00110100111001001001010001010001,
00111000101010110001000000011100,
10111001000111001100101110011110,
10111000101111111101000101110100,
10111000010110100001100111001101,
00110110110001011111010101101011,
10111000100100010010110110111101,
10111000111101110000000111110110,
10111000010000111101101110011001,
00111000001100101011110110001110,
10111000100000110001110100011111,
00111000111010101010100100111010,
10111000000001010111111001010000,
00111000001101010010111000010101,
00111000100000011101000110110100,
00111000101001110010111111111000,
00110111100011000000100100110110,
00111000101110111101111000110111,
10111000101001101111101011010101,
00110111000110111010000001011100,
00110101101100101000101011111001,
00111000100100000111011011011101,
10110111111101111001110010111111,
00111000101100000001111011110110,
10111000001011010101011000001101,
00111000000010000011101101101001,
10111000000100011101111011010100,
10111001010010001111100100111100,
00111000010000111000001000001100,
00111000101001001011110110000000,
00111000110100000010011111100100,
10111000110100111101111100111101,
00111000011000000010010100111010,
00111000101111001111000111001110,
10111000000010101000001110001010,
10110111010101001101110110111110,
10111000000010100011010000010001,
00111000000100101110101010100100,
00110111111011110111100001100000,
10111000100000111001001010011110,
10111000001010010001110010101110,
10111000001000110011101001111000,
10110111001110111010100110011001,
00110110101111100011011010001011,
00111000010000111010110000110011,
00111000011011100001011101011100,
00110111100011100000001011110100,
00110111100100100110000001110101,
10111000101001000110011011000000,
00111000100101010011110001010011,
00110111110001011010010101100011,
10111000010010100000001000111011,
10111000100001100110100010001000,
00111000001101110001010100110111,
00110111101110010001100110010111,
00111000100000011110100100001110,
10110100000110011110000010011001,
10111000010000001011111111010011,
10110110100111101001010100011001,
00111000000111011100110001111110,
10110110100110001010001100100001,
10110111101000110001010110100110,
00110111100001000010110011111011,
10110111100111010110001100001010,
10110110111010100011100000000110,
10111000000110000100011111010011,
00111000100101111010111011111000,
00111000010011110010110001000111,
00111000000011010110101101011010,
00110111001000110000100011110101,
00111000000011110111010011010100,
00111000010011100101010110001010,
00110110000101000010101111110100,
10110111111011011010100111101000,
00111000000001000010111011101110,
10111000100000010101100000011010,
00110111100010011100111100011100,
10110111110010110101011000101011,
10111000001101100100101110101011,
10111000000010110011001111100101,
10110111010111001101000101000010,
10111000000101101110001001001001,
00110111110110001111001110010100,
10110111000011001110010000011001,
00110110010011101100101011110000,
10111000000111011101010010000000,
00110111011111110000011010101000,
10111000001000110111000011010101,
00110111110001111111010111110011,
10111000000000000010110000101110,
00110111100101110010000101010110,
00111000010000111000001000001100,
10111001000001010000111100001001,
10111000010101101011001001000101,
10111000010000011001110101000010,
00111000001101000100111100011000,
10110111101000000010111010001000,
10111000000110001000000111001001,
00110110100001111010000010010011,
10110110110010001000001001010000,
00110110101101001010111110011001,
10111000011001000010101000110111,
00111000101111110100100011110001,
10111001001000001111101000001101,
10111000101000000111100011111001,
10110110011011100011110100000011,
00110111110111011011010100100100,
10111000001111110100001000101001,
00111001001100111110101000110101,
00111000100001000101011110111001,
00111000100000100000000101001111,
00111000010100110110101011000010,
10111001001001000110010100111001,
00111000101000001110100001000010,
00111000000111100111101010011001,
10111000001010110000010101010100,
10111000101111100010001110100010,
00111000100011100111001110010111,
00111001001110000110101000001001,
00111000111000011011101010000100,
00111000100100001111001100100001,
10111000111100001011111110101111,
00111000000111101010000010010110,
00111000101101100001110011000001,
10111000111001101001100100110110,
10111001000011101010101111010001,
00111000101011000001110010001100,
00110111000101111111011110100001,
10111000100101010001011100101111,
10110111000100110000100111000101,
00111000101000000101001110111100,
00111000110100110001101100000000,
00111000111100111010110100101010,
00111001000001101011111111001101,
00111000001100111111001011100101,
10110111101100010110101110100010,
10111001010001101000100000000110,
10111000110101110000110011000011,
00111000001111011111101010001111,
10111001000011101101011101011111,
00110111111000110010111100111000,
10111000011011110110111011100111,
10111001001101011000001010101010,
00110111100000011001101000111100,
10111000100000011000001101100001,
00111000000000101100000100101101,
10111000110000000011000100101000,
10111000001111111000001010000001,
00111000001000001001101000000000,
10111000101010000110101000011110,
00110111110011111001101100011011,
10110111110101101111111101110110,
00111000100000001011101010011010,
10111001001101000100110100111100,
00110111111111011111000010101110,
00111000101001001011110110000000,
10111000010101101011001001000101,
10111001100100101011111111001100,
10111000000000111011010101011111,
10110111001001010011100110111001,
00111000001101011100011010010000,
00110111111101110010001100110011,
10111000111000100110001001110011,
10111000001001111110000010111110,
10111000111111110000000010101000,
00111001001100101010000111110000,
00110111110011001010010010111011,
10111000110000111000110100101011,
10111000101001001110000001010100,
10111001000011011101000010011011,
10111000100000100010000001010001,
00111000011101011111000110000101,
00110111101011101110110010111111,
00111001000110111001001001010011,
00110111000000101100110111010001,
00110111101000101111011011100111,
10111001000110010011001010001001,
00111001010001010010001001100101,
00111000010110010011110101100100,
10111001000011110100110001101000,
10111001000111100111010101100100,
00111000110011001110011111100100,
10111000100100110000011010111000,
00111001000001110111000111111100,
10111000011101101110011011011001,
10111000100010110001010010110010,
10111000010011000101100011101110,
00111000011111010000010111111100,
00111000101000001100111101001111,
00111000010000000010110101111001,
10110111010111110111101111010010,
10111000100110111100111100000101,
00111000000100111100001000000010,
10111000111111101111001111010100,
00111001010010011011101000011011,
00111000101111011011101000111100,
00110111101101011100001010011100,
10111000100110110010011000001101,
00111000101100101101010010111110,
00111001010010011111011010100101,
00111001001011111101100011100011,
10110111011010111110111010001010,
00111000100110101001001100001010,
10111000110110100100001001010001,
00111000000101001101110000010110,
10111000000111101111111011111101,
10110111000010100011100000111000,
10111001000010010100110010101111,
00110110101101001100101101000000,
10111001001000011001100000111000,
00111001001100010111100000010110,
00110111000100100100101110110110,
10110111101100110101111110110001,
10111000100010100010000111101100,
00111000000010101101011001111101,
10111000111101001110100101001001,
00111000000010011100100000011000,
00111000000110011001111101011000,
00111000001000010011100110001110,
00111000110100000010011111100100,
10111000010000011001110101000010,
10111000000000111011010101011111,
10111001011110101101000100011101,
00111001001010001101100001101100,
10111000110110101111110101111011,
10111001001000011000010011101011,
00111000110111010100000001100010,
00111000010010000100010111010110,
00111001000111101101010111110111,
10111001011010111110111001101001,
10110110101011110011100010001011,
00111000100110010111001011101100,
00111000100111111010010010000111,
00111001001011011111000001110001,
00111000101011111010011001010010,
10111000101100011100100101101010,
00110111101100001011011001010100,
10111001001011011110000101011101,
00110110111101001000001110010000,
10110111001010110111100011011011,
00111001000100000010101000110101,
10111001010111010100001010111011,
10111000011000001100100101001010,
00111001001001010001111111111111,
00111001001010011000111110101000,
10111000110101011111000011011100,
00111001000011001111101110100101,
10111001000010000101000100111011,
00111000101111111101001111111000,
00111000010100111101101011001111,
00111000100100111010110111100100,
10111000010101001101001011000101,
10111001000000101010001100010110,
10111000110001000101101110101100,
00111000001000101100110010011100,
00111000110001010110011000001100,
10111000100000111100110100011110,
00111001000110101100001001001000,
10111001011000110000000101101111,
10111000101100000111111000111110,
00110110101001100100110110010110,
00111001000001000111001011111101,
10111000110001000001010101110100,
10111001011111110011010011100010,
10111001100001111000101001001111,
10110111001100100001101000001010,
10111000101001001100101010001011,
00111000101111110101101010110000,
10111000000110001010101100000000,
00111000000000101101101011101011,
10111000000110110101111000011001,
00111001001011011100110101000111,
10110111110001010000100110100011,
00111001010100000100010101001111,
10111001011101010010010101111111,
10110111110000101011000110010011,
00111000000110100111000101000000,
00111000011110001111011110010011,
10111000000011101111100101001010,
00111001000011111011111000000111,
10110111110001111000100100100011,
10111000110000010001100110011000,
10111000001001000100011000111011,
10111000110100111101111100111101,
00111000001101000100111100011000,
10110111001001010011100110111001,
00111001001010001101100001101100,
10111001100111101110010101111010,
00111001000100110111100110011000,
00111001010011111011000000010100,
10111001001001110101100001101010,
10111000000001001011111100100000,
10111000110111010000100101011000,
00111001001011100010010100001011,
10110111011111011010110011011100,
10110111100111100101101111000000,
10111000000110011111100111101000,
10111000111011011111110101000110,
10111000100001000100111100100010,
00111000100011100000011110010010,
10111000010100000111111111101100,
00111000110101000100011111011011,
10110111100101001100101000100101,
10110110010111011101100010010100,
10111000100000110000110110011100,
00111001000001111101010011011101,
00110111111101000111111110000001,
10111000110100011101010101111001,
10111000110000100111100101010100,
00111000011011000010010000011010,
10111001000001101110100001010100,
00111000100011010110010011100101,
10111000101000011101000100101011,
10110111001111000100001101110000,
10111000011010111110011110110100,
00110111100011111001011101110001,
00111000111000110011010010010011,
00111000110000011011111000110110,
10111000001101101011100000011001,
10111000100010111100111011100110,
00111000011100101010110011110111,
10111000110100010101010110000101,
00111001000010111101100010110001,
00111000000111000110011010100100,
10110111111001001001111110100100,
10111000111011011010111010111010,
00111000011010010001011001000011,
00111001001101000100001100100011,
00111001011000110110000010011010,
00110111111011011101000010110001,
00111000001110111111000001000100,
10111000000100100100001010011011,
00110111101000111001110001001010,
10110111001000111101110100000100,
00111000011111111111001001110111,
10111000111101011111100111011111,
00110111111100011111010111011100,
10111001000101100001101001110100,
00111001001111001000000011000101,
00110111110101001010001110100111,
10111000000010110100100111010010,
10110111110011001001101011001001,
00110111100110100100011101011101,
10111000101110101110100000010101,
00110110011111011101000100010111,
00111000110011101111000101000110,
00110111101011100001101001001001,
00111000011000000010010100111010,
10110111101000000010111010001000,
00111000001101011100011010010000,
10111000110110101111110101111011,
00111001000100110111100110011000,
10111001010110011000100110010100,
10111001000101010101010101010111,
00111001000010100111000110111111,
10111000010000010010001111011001,
10111001000111000000010011100111,
00111001011011010010100101100101,
10110110101010010010100000010000,
10111000011001001001011010000110,
10111000100010100101001010101011,
10111001001010011100000010011111,
10111000101100100000001000000110,
00111000101110001001001010000100,
10111000001001101000010111100100,
00111001001000101011111011011100,
10110111011010110101011100100110,
00110110100100110100101110010111,
10111000111101010111110100010010,
00111001010011111000001001001001,
00111000010010100100011010000110,
10111001000111001100100100101100,
10111001000110110100110111100101,
00111000110000010111001011100100,
10111001000111100111001001011100,
00111000111100011001101000111111,
10111000110010111100110000100000,
10111000000110011010110111011001,
10111000100110010100110101011110,
00111000001001111010110100111101,
00111001000011001010001001010100,
00111000110111111101101000011101,
10111000010001011001001011000000,
10111000110000110011101100101001,
00111000100100011000100010000111,
10111001000101100110000100110100,
00111001010101010010100101011010,
00111000100101010010110001101011,
10110111100101010010001101111111,
10111001000100001001001001000001,
00111000101101011101000110010011,
00111001011111000010001110101010,
00111001100011111010010110010010,
00110111101101101101011110000101,
00111000100101101010010110001101,
10111000100110110110100111010100,
00111000000010001011011101011111,
10110111110010101011111100000010,
00111000011010001100101010001111,
10111001001010111101010111000110,
00110111111110100110100110100110,
10111001010011110110010000100001,
00111001011110101000010111100011,
00110111111010010001011111010111,
10111000001010001111011011011110,
10111000010011100001010111001100,
00111000000000000101001001011100,
10111001000010011010001001010011,
00110111100010011110100010010011,
00111000111001010000101000100001,
00111000000100101001010100001110,
00111000101111001111000111001110,
10111000000110001000000111001001,
00110111111101110010001100110011,
10111001001000011000010011101011,
00111001010011111011000000010100,
10111001000101010101010101010111,
10111001100111001010010111101000,
00111001001100000100111111010001,
00111000000010110001101000111111,
00111000111110010110101000000011,
10111001010101001010100001111001,
00111000010001101101101010111010,
10111000000000000001011110010100,
00110111011111011001110011110001,
00111001000000101111101110000000,
00111000101001011010000010000100,
10111000101111011110101101101111,
00111000111011001001100010110001,
10111000101111110111101111011010,
00111000001010011110110001100101,
00110111101011001011010101000100,
00110111100011010011000010010111,
10111000111101111110001011011111,
10110111101001010101010100110010,
00111000110011000111101100000101,
00111000100110000100110100011010,
10111000001001101100110110001010,
00111001010100111100110010100101,
10111000001000101011111101101001,
00111000111001000111010110000011,
10110111110110101000110111100100,
00111000100111011011000001110000,
00110111001010011100010100000010,
10111001001001001110111001101101,
10111001000110111000011000111011,
00111000100111110100011101011001,
00111000101000011011110000100110,
10111000101110001101110111010001,
00111000111000100111001111010111,
10111001000000001000000010000101,
10110111000000000111011000110111,
00111000100100010100100100011111,
00111001001100010100011110010011,
10111000010001101010000100001110,
10111001010011111100000110111101,
10111001100111111010010101111101,
10111000100010100011101110011000,
10111000000100010001011110110101,
10110110111010011010010101111111,
10110111010100110010010101100011,
10110111000010110100110011000001,
10111001000001000000001111011000,
00111001000011100001101100001000,
10111000010111010101110001011101,
00111001001100011100010100101111,
10111001011100011011100000101100,
10111000001101100110100110011001,
00111000010100001010110100110110,
00110100001001101010010011010111,
10110111010010111000101111101111,
00111000101111011010100100110111,
00110111100010011000100101010100,
10111001001011110111110001110000,
10110111010110001000000111110010,
10111000000010101000001110001010,
00110110100001111010000010010011,
10111000111000100110001001110011,
00111000110111010100000001100010,
10111001001001110101100001101010,
00111001000010100111000110111111,
00111001001100000100111111010001,
10111001100101010100000010010100;
